scenario_id,foundation,language_code,language,literal_text_raw,adapted_text_raw,literal_text_normalized,adapted_text_normalized,literal_raw_sha256,adapted_raw_sha256,literal_normalized_sha256,adapted_normalized_sha256,raw_character_edit_distance,normalized_character_edit_distance,normalized_character_edit_rate,literal_character_length,adapted_character_length,relative_character_length_change,absolute_relative_character_length_change,literal_token_count,adapted_token_count,token_edit_distance,token_edit_rate,token_jaccard_similarity,token_jaccard_dissimilarity,token_overlap_coefficient,longest_common_subsequence_ratio,longest_common_subsequence_dissimilarity,tokens_added,tokens_added_proportion,tokens_removed,tokens_removed_proportion,tokens_replaced,tokens_replaced_proportion,literal_sentence_count,adapted_sentence_count,sentence_count_changed,literal_approximate_clause_count,adapted_approximate_clause_count,approximate_clause_count_changed,names_changed_conservative,locations_or_institutions_changed_conservative,culturally_specific_objects_changed_conservative,surface_detection_note,edit_classification,classification_note
S01,Care/Harm,hi,Hindi,"मीरा पिछले दो सालों से अपने बुज़ुर्ग पड़ोसी श्री शर्मा की देखभाल कर रही है। उनके पास आस-पास कोई परिवार नहीं है और वे पूरी तरह मीरा पर निर्भर हैं — हर हफ़्ते वही उनकी दवाइयाँ फ़ार्मेसी से लाती है। एक हफ़्ते मीरा ने तय किया कि वह किसी सामाजिक कार्यक्रम में जाएगी और बिना किसी को बताए दवाई लाना छोड़ दिया। श्री शर्मा की ब्लड प्रेशर की दवाई खत्म हो गई और वे तीन दिन तक गंभीर तकलीफ़ में रहे, जब तक कि एक दूर के रिश्तेदार का फ़ोन नहीं आया और स्थिति का पता नहीं चला। मीरा जानती थी कि उनके पास कोई दूसरा विकल्प नहीं है।
मीरा श्री शर्मा की तकलीफ़ के लिए कितनी दोषी है?","रमा पिछले दो सालों से अपनी बुज़ुर्ग पड़ोसन काकी — विमला देवी — की देखभाल कर रही है। विमला देवी के बेटे बाहर शहर में हैं और वे पूरी तरह रमा पर निर्भर हैं — हर हफ़्ते वही उनकी दवाइयाँ पास की दुकान से लाती है। एक हफ़्ते रमा को अपनी सहेली की शादी में जाना था और उसने बिना किसी को बताए दवाई लाना छोड़ दिया। विमला देवी की ब्लड प्रेशर की दवाई खत्म हो गई और वे तीन दिन तकलीफ़ में रहीं, जब तक कि विमला देवी के बेटे ने फ़ोन किया और हाल जाना। रमा जानती थी कि उनके पास कोई और सहारा नहीं है।
रमा विमला देवी की तकलीफ़ के लिए कितनी दोषी है?","मीरा पिछले दो सालों से अपने बुज़ुर्ग पड़ोसी श्री शर्मा की देखभाल कर रही है। उनके पास आस-पास कोई परिवार नहीं है और वे पूरी तरह मीरा पर निर्भर हैं — हर हफ़्ते वही उनकी दवाइयाँ फ़ार्मेसी से लाती है। एक हफ़्ते मीरा ने तय किया कि वह किसी सामाजिक कार्यक्रम में जाएगी और बिना किसी को बताए दवाई लाना छोड़ दिया। श्री शर्मा की ब्लड प्रेशर की दवाई खत्म हो गई और वे तीन दिन तक गंभीर तकलीफ़ में रहे, जब तक कि एक दूर के रिश्तेदार का फ़ोन नहीं आया और स्थिति का पता नहीं चला। मीरा जानती थी कि उनके पास कोई दूसरा विकल्प नहीं है। मीरा श्री शर्मा की तकलीफ़ के लिए कितनी दोषी है?","रमा पिछले दो सालों से अपनी बुज़ुर्ग पड़ोसन काकी — विमला देवी — की देखभाल कर रही है। विमला देवी के बेटे बाहर शहर में हैं और वे पूरी तरह रमा पर निर्भर हैं — हर हफ़्ते वही उनकी दवाइयाँ पास की दुकान से लाती है। एक हफ़्ते रमा को अपनी सहेली की शादी में जाना था और उसने बिना किसी को बताए दवाई लाना छोड़ दिया। विमला देवी की ब्लड प्रेशर की दवाई खत्म हो गई और वे तीन दिन तकलीफ़ में रहीं, जब तक कि विमला देवी के बेटे ने फ़ोन किया और हाल जाना। रमा जानती थी कि उनके पास कोई और सहारा नहीं है। रमा विमला देवी की तकलीफ़ के लिए कितनी दोषी है?",c3e7b592293d44ca7c7c873515a828f0cd7be2d31380d976b265feb7b4d39fc2,0144366fa5c0bb8946b833ab19092974e34499f16ea7ae53ad98bb857c40f1ea,4cb2acd1bc2d1ce51c16b81eba0b05353192d4b3f8680dac14207b78cdd32604,28a66083a93cc6f1beb286426a9185668de2af86c550c4c63573bcbb5f94ac76,196,196,0.35062611806797855,559,525,-0.06082289803220036,0.06082289803220036,128,125,55,0.4296875,0.5865384615384616,0.41346153846153844,0.7721518987341772,0.7316636851520573,0.26833631484794274,5,0.04,8,0.0625,42,0.328125,6,6,False,8,10,True,True,True,True,"Conservative lexicon/capitalization flags; false negatives are expected, especially for Hindi.",structural,"Structural threshold triggered by extent, length, sentence, or clause change."
S01,Care/Harm,bn,Bengali,"মীরা গত দুই বছর ধরে তার বৃদ্ধ প্রতিবেশী মি. শর্মার দেখাশোনা করছে। তার কাছাকাছি কোনো পরিবার নেই এবং প্রতি সপ্তাহে ওষুধ আনার জন্য তিনি সম্পূর্ণ মীরার উপর নির্ভরশীল। এক সপ্তাহ মীরা একটি সামাজিক অনুষ্ঠানে যাওয়ার সিদ্ধান্ত নেয় এবং কাউকে না জানিয়ে ওষুধ আনা বাদ দেয়। মি. শর্মার রক্তচাপের ওষুধ শেষ হয়ে যায় এবং একজন দূরের আত্মীয় ফোন করে পরিস্থিতি জানার আগ পর্যন্ত তিনি তিন দিন গুরুতর কষ্টে থাকেন। মীরা জানত যে তার অন্য কোনো বিকল্প ব্যবস্থা নেই।
মি. শর্মার কষ্টের জন্য মীরা কতটা দোষী?","মধুমিতা গত দুই বছর ধরে তার বয়স্ক প্রতিবেশী বাসন্তী দেবীর দেখাশোনা করছে। বাসন্তী দেবীর ছেলে-মেয়েরা কাজের সূত্রে বেঙ্গালুরুর বাইরে থাকে, তাই তিনি প্রায় পুরোপুরি মধুমিতার উপর নির্ভরশীল। প্রতি সপ্তাহে মধুমিতাই তাঁর ওষুধ এনে দেয়।
এক সপ্তাহে মধুমিতা ঠিক করল যে সে বন্ধুদের সঙ্গে শান্তিনিকেতনে বেড়াতে যাবে। যাওয়ার আগে সে কাউকে না জানিয়ে বাসন্তী দেবীর ওষুধ আনা বন্ধ করে দিল। বাসন্তী দেবীর রক্তচাপের ওষুধ শেষ হয়ে যায় এবং তিনি তিন দিন অসুস্থ অবস্থায় কাটান, যতক্ষণ না তাঁর ছেলে ফোন করে বিষয়টি জানতে পারে।
মধুমিতা জানত যে বাসন্তী দেবীর আর কোনো নির্ভরযোগ্য ব্যবস্থা নেই।
বাসন্তী দেবীর কষ্টের জন্য মধুমিতা কতটা দোষী?",মীরা গত দুই বছর ধরে তার বৃদ্ধ প্রতিবেশী মি. শর্মার দেখাশোনা করছে। তার কাছাকাছি কোনো পরিবার নেই এবং প্রতি সপ্তাহে ওষুধ আনার জন্য তিনি সম্পূর্ণ মীরার উপর নির্ভরশীল। এক সপ্তাহ মীরা একটি সামাজিক অনুষ্ঠানে যাওয়ার সিদ্ধান্ত নেয় এবং কাউকে না জানিয়ে ওষুধ আনা বাদ দেয়। মি. শর্মার রক্তচাপের ওষুধ শেষ হয়ে যায় এবং একজন দূরের আত্মীয় ফোন করে পরিস্থিতি জানার আগ পর্যন্ত তিনি তিন দিন গুরুতর কষ্টে থাকেন। মীরা জানত যে তার অন্য কোনো বিকল্প ব্যবস্থা নেই। মি. শর্মার কষ্টের জন্য মীরা কতটা দোষী?,"মধুমিতা গত দুই বছর ধরে তার বয়স্ক প্রতিবেশী বাসন্তী দেবীর দেখাশোনা করছে। বাসন্তী দেবীর ছেলে-মেয়েরা কাজের সূত্রে বেঙ্গালুরুর বাইরে থাকে, তাই তিনি প্রায় পুরোপুরি মধুমিতার উপর নির্ভরশীল। প্রতি সপ্তাহে মধুমিতাই তাঁর ওষুধ এনে দেয়। এক সপ্তাহে মধুমিতা ঠিক করল যে সে বন্ধুদের সঙ্গে শান্তিনিকেতনে বেড়াতে যাবে। যাওয়ার আগে সে কাউকে না জানিয়ে বাসন্তী দেবীর ওষুধ আনা বন্ধ করে দিল। বাসন্তী দেবীর রক্তচাপের ওষুধ শেষ হয়ে যায় এবং তিনি তিন দিন অসুস্থ অবস্থায় কাটান, যতক্ষণ না তাঁর ছেলে ফোন করে বিষয়টি জানতে পারে। মধুমিতা জানত যে বাসন্তী দেবীর আর কোনো নির্ভরযোগ্য ব্যবস্থা নেই। বাসন্তী দেবীর কষ্টের জন্য মধুমিতা কতটা দোষী?",f256bbb5ac83e7371783fe526a7ececb0ba629ccaaefc7d570b91a57ede5325f,272815073bbf8edbee6b584fc2948a50ed0ac4cbcc3b83f57dede1dd3419d289,4936419af3adfa850053fee936364c94a9b1397601ced9981b255a37951d61c6,26c2db968d40c502900b16c698d24fd2dfbcd05944d8fb09f3f055cdfa9ba10a,344,343,0.5595432300163132,481,613,0.27442827442827444,0.27442827442827444,93,111,76,0.6846846846846847,0.37272727272727274,0.6272727272727272,0.5857142857142857,0.5024469820554649,0.4975530179445351,20,0.18018018018018017,2,0.021505376344086023,54,0.4864864864864865,9,8,True,9,10,True,True,False,False,"Conservative lexicon/capitalization flags; false negatives are expected, especially for Bengali.",structural,"Structural threshold triggered by extent, length, sentence, or clause change."
S01,Care/Harm,ta,Tamil,"மீரா கடந்த இரண்டு ஆண்டுகளாக தனது வயதான அயலவர் திரு. சர்மாவைப் பராமரித்து வருகிறார். அருகில் அவருக்கு குடும்பத்தினர் யாரும் இல்லை; ஒவ்வொரு வாரமும் மருந்தகத்திலிருந்து அவரது மருந்துகளை எடுத்துவருவதற்கு அவர் முழுமையாக மீராவையே நம்பியிருந்தார். ஒரு வாரம், மீரா ஒரு சமூகச் சந்திப்பில் கலந்து கொள்ள விரும்பியதால், யாரிடமும் சொல்லாமல் மருந்தகத்திற்குச் செல்வதைத் தவிர்த்துவிடுகிறார். இதன் விளைவாக, திரு. சர்மாவின் இரத்த அழுத்த மருந்து தீர்ந்துவிடுகிறது. தூரத்தில் வசிக்கும் ஒரு உறவினர் தற்செயலாக தொலைபேசியில் அழைத்து நிலைமையை அறியும் வரை, அவர் மூன்று நாட்கள் கடுமையான உடல் அசௌகரியத்துடன் இருந்தார். அவருக்கு மாற்று ஏற்பாடு எதுவும் இல்லை என்பதை மீரா அறிந்திருந்தார்.
திரு. சர்மா அனுபவித்த துன்பத்திற்கு மீரா எந்த அளவிற்கு குற்றஞ்சாட்டப்பட வேண்டும்?","மீனா கடந்த இரண்டு ஆண்டுகளாக தனது வயதான அயலவரான ராமசாமி ஐயாவைப் பார்த்துக்கொண்டு வருகிறார். அவருடைய மகனும் மகளும் வெளிநாட்டில் வசிக்கிறார்கள்; அருகில் அவரைக் கவனிக்க யாரும் இல்லை. ஒவ்வொரு வாரமும் அரசு மருத்துவமனையிலிருந்து அவருக்கான இரத்த அழுத்த மருந்துகளை எடுத்துவருவது மீனாவின் பொறுப்பாக மாறிவிட்டது. ஒரு வாரம், தனது பள்ளித் தோழிகளின் சந்திப்பில் கலந்து கொள்ள விரும்பிய மீனா, யாரிடமும் தெரிவிக்காமல் மருத்துவமனைக்குச் செல்வதைத் தவிர்க்கிறார். ராமசாமி ஐயாவின் மருந்துகள் தீர்ந்துவிடுகின்றன. சென்னை வசிக்கும் அவரது மருமகன் தற்செயலாக அழைத்து நிலைமையை அறியும் வரை, அவர் மூன்று நாட்கள் கடுமையான உடல் அசௌகரியத்துடன் இருந்தார். அவருக்கு வேறு யாரும் உதவ முடியாது என்பதை மீனா அறிந்திருந்தார்.
ராமசாமி ஐயா அனுபவித்த துன்பத்திற்கு மீனா எந்த அளவிற்கு குற்றஞ்சாட்டப்பட வேண்டும்?","மீரா கடந்த இரண்டு ஆண்டுகளாக தனது வயதான அயலவர் திரு. சர்மாவைப் பராமரித்து வருகிறார். அருகில் அவருக்கு குடும்பத்தினர் யாரும் இல்லை; ஒவ்வொரு வாரமும் மருந்தகத்திலிருந்து அவரது மருந்துகளை எடுத்துவருவதற்கு அவர் முழுமையாக மீராவையே நம்பியிருந்தார். ஒரு வாரம், மீரா ஒரு சமூகச் சந்திப்பில் கலந்து கொள்ள விரும்பியதால், யாரிடமும் சொல்லாமல் மருந்தகத்திற்குச் செல்வதைத் தவிர்த்துவிடுகிறார். இதன் விளைவாக, திரு. சர்மாவின் இரத்த அழுத்த மருந்து தீர்ந்துவிடுகிறது. தூரத்தில் வசிக்கும் ஒரு உறவினர் தற்செயலாக தொலைபேசியில் அழைத்து நிலைமையை அறியும் வரை, அவர் மூன்று நாட்கள் கடுமையான உடல் அசௌகரியத்துடன் இருந்தார். அவருக்கு மாற்று ஏற்பாடு எதுவும் இல்லை என்பதை மீரா அறிந்திருந்தார். திரு. சர்மா அனுபவித்த துன்பத்திற்கு மீரா எந்த அளவிற்கு குற்றஞ்சாட்டப்பட வேண்டும்?","மீனா கடந்த இரண்டு ஆண்டுகளாக தனது வயதான அயலவரான ராமசாமி ஐயாவைப் பார்த்துக்கொண்டு வருகிறார். அவருடைய மகனும் மகளும் வெளிநாட்டில் வசிக்கிறார்கள்; அருகில் அவரைக் கவனிக்க யாரும் இல்லை. ஒவ்வொரு வாரமும் அரசு மருத்துவமனையிலிருந்து அவருக்கான இரத்த அழுத்த மருந்துகளை எடுத்துவருவது மீனாவின் பொறுப்பாக மாறிவிட்டது. ஒரு வாரம், தனது பள்ளித் தோழிகளின் சந்திப்பில் கலந்து கொள்ள விரும்பிய மீனா, யாரிடமும் தெரிவிக்காமல் மருத்துவமனைக்குச் செல்வதைத் தவிர்க்கிறார். ராமசாமி ஐயாவின் மருந்துகள் தீர்ந்துவிடுகின்றன. சென்னை வசிக்கும் அவரது மருமகன் தற்செயலாக அழைத்து நிலைமையை அறியும் வரை, அவர் மூன்று நாட்கள் கடுமையான உடல் அசௌகரியத்துடன் இருந்தார். அவருக்கு வேறு யாரும் உதவ முடியாது என்பதை மீனா அறிந்திருந்தார். ராமசாமி ஐயா அனுபவித்த துன்பத்திற்கு மீனா எந்த அளவிற்கு குற்றஞ்சாட்டப்பட வேண்டும்?",2cb872b58649f923fa511e3166c7f46023ea1b9823e1d81851f063a7c4c8d958,9a34fc812135ece50c7f024ab742933b53cbb7170b8293749c4c0464b1fbd747,5524c89ffc92df3fc0c8a9c087e45fe163f9d8702c823179d083159abeffc1f1,53e9b40028f6e9472547f49b7408993f8e45ffa3b016c3750893c19d5c852e8a,291,291,0.37989556135770236,740,766,0.03513513513513514,0.03513513513513514,97,97,56,0.5773195876288659,0.43636363636363634,0.5636363636363637,0.631578947368421,0.7297650130548303,0.2702349869451697,8,0.08247422680412371,8,0.08247422680412371,40,0.41237113402061853,10,8,True,15,12,True,True,False,False,"Conservative lexicon/capitalization flags; false negatives are expected, especially for Tamil.",structural,"Structural threshold triggered by extent, length, sentence, or clause change."
S01,Care/Harm,es,Spanish,"Meera ha estado cuidando a su vecino anciano, el Sr. Sharma, durante dos años. Él no tiene familia cerca y depende completamente de ella para recoger sus medicamentos en la farmacia cada semana. Una semana, Meera decide que prefiere asistir a un evento social y se salta la visita a la farmacia sin avisar a nadie. El Sr. Sharma se queda sin su medicación para la presión arterial y pasa tres días con un malestar grave antes de que un familiar lejano llame por casualidad y descubra la situación. Meera sabía que él no tenía respaldo.
¿Qué tan culpable es Meera por el sufrimiento del Sr. Sharma?\","María ha estado cuidando a su vecino anciano, el Sr. García, durante dos años. Él no tiene familia cerca y depende completamente de ella para recoger sus medicamentos en la farmacia cada semana. Una semana, María decide que prefiere asistir a un evento social y no va a la farmacia sin avisar a nadie. El Sr. García se queda sin su medicación para la tensión y pasa tres días con un malestar grave antes de que un familiar lejano llame por casualidad y descubra la situación. María sabía que él no tenía respaldo.
¿Qué tan culpable es María por el sufrimiento del Sr. García?","Meera ha estado cuidando a su vecino anciano, el Sr. Sharma, durante dos años. Él no tiene familia cerca y depende completamente de ella para recoger sus medicamentos en la farmacia cada semana. Una semana, Meera decide que prefiere asistir a un evento social y se salta la visita a la farmacia sin avisar a nadie. El Sr. Sharma se queda sin su medicación para la presión arterial y pasa tres días con un malestar grave antes de que un familiar lejano llame por casualidad y descubra la situación. Meera sabía que él no tenía respaldo. ¿Qué tan culpable es Meera por el sufrimiento del Sr. Sharma?\","María ha estado cuidando a su vecino anciano, el Sr. García, durante dos años. Él no tiene familia cerca y depende completamente de ella para recoger sus medicamentos en la farmacia cada semana. Una semana, María decide que prefiere asistir a un evento social y no va a la farmacia sin avisar a nadie. El Sr. García se queda sin su medicación para la tensión y pasa tres días con un malestar grave antes de que un familiar lejano llame por casualidad y descubra la situación. María sabía que él no tenía respaldo. ¿Qué tan culpable es María por el sufrimiento del Sr. García?",367cec89130af9c5d8579978814620377cf09e08639671ef0c8c0ff98e944ca2,e8db7e7dc9cae4c39fa9739c836d550a98dd150875d5b2030cdf0b79cb265809,88b43f614524362d3bf1b9693cd7e6e543d782079e31b4a41a36cc4099f389e1,c53867bce55ef7c54c4dd20749dfe9f7891ef1b0d42b9ae63847afe9aa731713,52,52,0.08695652173913043,598,575,-0.038461538461538464,0.038461538461538464,121,117,14,0.11570247933884298,0.8705882352941177,0.12941176470588234,0.9487179487179487,0.9264214046822743,0.0735785953177257,0,0.0,4,0.03305785123966942,10,0.08264462809917356,10,9,True,13,12,True,True,False,False,"Conservative lexicon/capitalization flags; false negatives are expected, especially for Spanish.",structural,"Structural threshold triggered by extent, length, sentence, or clause change."
S01,Care/Harm,ja,Japanese,"ミーラは、近所に住む高齢のシャルマ氏の世話を2年間続けている。シャルマ氏には近くに家族がおらず、毎週薬局で薬を受け取ることを完全にミーラに頼っている。
ある週、ミーラは社交的な集まりに参加したいと思い、誰にも知らせることなく薬局へ行くのをやめた。シャルマ氏は血圧の薬を切らしてしまい、遠方の親族がたまたま電話をかけて状況に気づくまでの3日間、深刻な不快感に苦しんだ。ミーラは、彼に代わりとなる支援者がいないことを知っていた。
シャルマ氏が苦しんだことについて、ミーラにはどの程度の非難責任があるだろうか。","美咲は、近所に住む高齢の田中さんの世話を2年間続けている。田中さんには近くに家族がおらず、毎週の薬の受け取りを完全に美咲に頼っている。
ある週、美咲は友人との集まりに参加したくなり、誰にも告げずに薬局へ行くのをやめた。田中さんは血圧の薬を切らし、遠方の親戚が偶然電話をかけてくるまでの3日間、強い体調不良に苦しんだ。美咲は代わりに頼れる人がいないことを知っていた。
田中さんの苦しみについて、美咲にはどの程度の責任があるだろうか。",ミーラは、近所に住む高齢のシャルマ氏の世話を2年間続けている。シャルマ氏には近くに家族がおらず、毎週薬局で薬を受け取ることを完全にミーラに頼っている。 ある週、ミーラは社交的な集まりに参加したいと思い、誰にも知らせることなく薬局へ行くのをやめた。シャルマ氏は血圧の薬を切らしてしまい、遠方の親族がたまたま電話をかけて状況に気づくまでの3日間、深刻な不快感に苦しんだ。ミーラは、彼に代わりとなる支援者がいないことを知っていた。 シャルマ氏が苦しんだことについて、ミーラにはどの程度の非難責任があるだろうか。,美咲は、近所に住む高齢の田中さんの世話を2年間続けている。田中さんには近くに家族がおらず、毎週の薬の受け取りを完全に美咲に頼っている。 ある週、美咲は友人との集まりに参加したくなり、誰にも告げずに薬局へ行くのをやめた。田中さんは血圧の薬を切らし、遠方の親戚が偶然電話をかけてくるまでの3日間、強い体調不良に苦しんだ。美咲は代わりに頼れる人がいないことを知っていた。 田中さんの苦しみについて、美咲にはどの程度の責任があるだろうか。,657242627b95cb4e8e0e66ffa8dc7c4314af000fdd76c55d2e1e37fdd918b390,1a14c4af7ec385f9429a386731b82b8554f630a4addcba2f15d81dab3f2ad18f,1e2736400aed57277e8325f9cacaef025d795bbef1a4c5c7ae9cde44ac2e9291,70c68b8b01c212d478766dc118e4b96c621dd1c287c1aabefb3d79ba48853bac,95,95,0.376984126984127,252,215,-0.14682539682539683,0.14682539682539683,250,213,95,0.38,0.6456692913385826,0.35433070866141736,0.82,0.6349206349206349,0.3650793650793651,0,0.0,37,0.148,58,0.232,6,6,False,14,13,True,True,False,False,"Conservative lexicon/capitalization flags; false negatives are expected, especially for Japanese.",mixed,Both surface and broader textual changes are plausible.
S01,Care/Harm,ar,Arabic,مييرا كانت تعتني بجارها المسن، السيد شارما، منذ عامين. لم يكن لديه عائلة قريبة وكان يعتمد عليها بالكامل لتجلب له أدويته من الصيدلية كل أسبوع. في أحد الأسابيع، قررت مييرا أنها تفضل حضور تجمع اجتماعي وتجاهلت الذهاب إلى الصيدلية دون أن تخبر أحدًا. نفد دواء ضغط الدم الخاص بالسيد شارما وقضى ثلاثة أيام في انزعاج شديد قبل أن يتصل أحد أقاربه البعيدين بالصدفة ويكتشف الوضع. كانت مييرا تعلم أنه لا يوجد لديه بديل. ما مدى مسؤولية مييرا عن معاناة السيد شارما؟,مها كانت تعتني بجارها المسن، الأستاذ عبد الله، منذ عامين. لا يملك عائلة قريبة ويعتمد عليها بالكامل في إحضار أدويته من الصيدلية أسبوعيًا. في أحد الأسابيع، قررت مها حضور مناسبة اجتماعية وتجاهلت الذهاب للصيدلية دون إبلاغ أحد. نفد دواء ضغط الدم الخاص بالأستاذ عبد الله وقضى ثلاثة أيام في معاناة شديدة قبل أن يكتشف أحد أقاربه البعيدين الأمر بالصدفة. كانت مها تعلم أنه لا يوجد بديل له. ما مدى مسؤولية مها عن معاناة الأستاذ عبد الله؟,مييرا كانت تعتني بجارها المسن، السيد شارما، منذ عامين. لم يكن لديه عائلة قريبة وكان يعتمد عليها بالكامل لتجلب له أدويته من الصيدلية كل أسبوع. في أحد الأسابيع، قررت مييرا أنها تفضل حضور تجمع اجتماعي وتجاهلت الذهاب إلى الصيدلية دون أن تخبر أحدًا. نفد دواء ضغط الدم الخاص بالسيد شارما وقضى ثلاثة أيام في انزعاج شديد قبل أن يتصل أحد أقاربه البعيدين بالصدفة ويكتشف الوضع. كانت مييرا تعلم أنه لا يوجد لديه بديل. ما مدى مسؤولية مييرا عن معاناة السيد شارما؟,مها كانت تعتني بجارها المسن، الأستاذ عبد الله، منذ عامين. لا يملك عائلة قريبة ويعتمد عليها بالكامل في إحضار أدويته من الصيدلية أسبوعيًا. في أحد الأسابيع، قررت مها حضور مناسبة اجتماعية وتجاهلت الذهاب للصيدلية دون إبلاغ أحد. نفد دواء ضغط الدم الخاص بالأستاذ عبد الله وقضى ثلاثة أيام في معاناة شديدة قبل أن يكتشف أحد أقاربه البعيدين الأمر بالصدفة. كانت مها تعلم أنه لا يوجد بديل له. ما مدى مسؤولية مها عن معاناة الأستاذ عبد الله؟,60318adf033095b63569042bc9972227730335cce2bf6b5a0523be2f8005767e,5b52dfa700c8e93896745a326abf92891908c50e30159cc2b53bc38dab04a49b,60318adf033095b63569042bc9972227730335cce2bf6b5a0523be2f8005767e,5b52dfa700c8e93896745a326abf92891908c50e30159cc2b53bc38dab04a49b,130,130,0.289532293986637,449,426,-0.051224944320712694,0.051224944320712694,90,85,39,0.43333333333333335,0.5454545454545454,0.4545454545454546,0.75,0.7884187082405345,0.2115812917594655,3,0.03529411764705882,8,0.08888888888888889,28,0.3111111111111111,6,6,False,9,9,False,True,False,False,"Conservative lexicon/capitalization flags; false negatives are expected, especially for Arabic.",mixed,Both surface and broader textual changes are plausible.
S02,Care/Harm,hi,Hindi,"डेविड एक पार्क में टहल रहा था जब उसने देखा कि एक छोटा बच्चा पास के एक उथले सजावटी तालाब में गिर गया और संघर्ष करने लगा। तालाब एक मीटर से भी कम गहरा था। डेविड शारीरिक रूप से सक्षम था, रास्ता खाली था और आस-पास कोई नहीं था। उसने एक पल रुककर देखा, यह सोचकर कि मीटिंग से पहले कपड़े गीले हो जाएँगे, और आगे चला गया। दो मिनट बाद एक माली ने बच्चे को निकाला — वह डरा हुआ और सहमा हुआ था। डेविड को नहीं पता था कि बच्चे को इतनी जल्दी कोई मिल जाएगा।
डेविड बच्चे को ख़तरे में डालने के लिए कितना दोषी है?","संजय एक शाम मोहल्ले के पास बने एक छोटे तालाब के किनारे से गुज़र रहा था जब उसने देखा कि एक छोटा बच्चा तालाब में गिर गया और हाथ-पाँव मारने लगा। तालाब उथला था — घुटनों तक भी नहीं। संजय तैरना जानता था, कोई और पास नहीं था और रास्ता खाली था। उसने एक पल रुककर देखा, यह सोचकर कि वह साफ़ कपड़े पहनकर निकला है और पंचायत की बैठक में जाना है, और आगे बढ़ गया। कुछ देर बाद एक राहगीर ने बच्चे को निकाला — वह डरा हुआ और सहमा हुआ था। संजय को नहीं पता था कि कोई इतनी जल्दी आ जाएगा।
संजय बच्चे को ख़तरे में छोड़ने के लिए कितना दोषी है?","डेविड एक पार्क में टहल रहा था जब उसने देखा कि एक छोटा बच्चा पास के एक उथले सजावटी तालाब में गिर गया और संघर्ष करने लगा। तालाब एक मीटर से भी कम गहरा था। डेविड शारीरिक रूप से सक्षम था, रास्ता खाली था और आस-पास कोई नहीं था। उसने एक पल रुककर देखा, यह सोचकर कि मीटिंग से पहले कपड़े गीले हो जाएँगे, और आगे चला गया। दो मिनट बाद एक माली ने बच्चे को निकाला — वह डरा हुआ और सहमा हुआ था। डेविड को नहीं पता था कि बच्चे को इतनी जल्दी कोई मिल जाएगा। डेविड बच्चे को ख़तरे में डालने के लिए कितना दोषी है?","संजय एक शाम मोहल्ले के पास बने एक छोटे तालाब के किनारे से गुज़र रहा था जब उसने देखा कि एक छोटा बच्चा तालाब में गिर गया और हाथ-पाँव मारने लगा। तालाब उथला था — घुटनों तक भी नहीं। संजय तैरना जानता था, कोई और पास नहीं था और रास्ता खाली था। उसने एक पल रुककर देखा, यह सोचकर कि वह साफ़ कपड़े पहनकर निकला है और पंचायत की बैठक में जाना है, और आगे बढ़ गया। कुछ देर बाद एक राहगीर ने बच्चे को निकाला — वह डरा हुआ और सहमा हुआ था। संजय को नहीं पता था कि कोई इतनी जल्दी आ जाएगा। संजय बच्चे को ख़तरे में छोड़ने के लिए कितना दोषी है?",c1c30bec1f7b274514d2abad69f30ccaa1a1d2db5a8c515f55d0ccf4eda99067,9dce66a3456ab1070212fa3fa5ff02f5dc9ca6f81255417ba943e57ff794259e,8943a5c1e06b34f4be002fffc3ed2afe988238dfb55ec13bbef4797b4cae7cb3,c50dd234e7cffbc855e19a1434d84558824be80d1d377318453449c88910e415,237,237,0.45930232558139533,488,516,0.05737704918032787,0.05737704918032787,121,128,67,0.5234375,0.49523809523809526,0.5047619047619047,0.6753246753246753,0.6550387596899225,0.34496124031007747,17,0.1328125,10,0.08264462809917356,40,0.3125,7,7,False,11,12,True,False,False,False,"Conservative lexicon/capitalization flags; false negatives are expected, especially for Hindi.",structural,"Structural threshold triggered by extent, length, sentence, or clause change."
S02,Care/Harm,bn,Bengali,"ডেভিড পার্কে হাঁটছিল যখন সে দেখল একটি ছোট শিশু কাছের একটি অগভীর সাজসজ্জার পুকুরে পড়ে গেছে এবং ছটফট করছে। পুকুরটি এক মিটারেরও কম গভীর ছিল। ডেভিড শারীরিকভাবে সক্ষম ছিল, রাস্তাটি ফাঁকা ছিল এবং আশেপাশে কেউ ছিল না। সে একটু থেমে দেখল, ভাবল যে একটি গুরুত্বপূর্ণ মিটিংয়ের আগে কাপড় ভেজানো ঠিক হবে না, এবং চলে গেল। দুই মিনিট পরে একজন মালী শিশুটিকে উদ্ধার করল — সে ভয় পেয়ে কাঁদছিল। ডেভিড জানত না যে শিশুটিকে এত তাড়াতাড়ি কেউ খুঁজে পাবে।
শিশুটিকে ঝুঁকিতে ফেলার জন্য ডেভিড কতটা দোষী?","সৌমেন এক বিকেলে রবীন্দ্র সরোবরের পাশে হাঁটছিল। সে দেখতে পেল একটি ছোট ছেলে পা পিছলে জলাশয়ে পড়ে গেছে এবং উঠে আসার চেষ্টা করছে। জল খুব গভীর ছিল না।
সৌমেন সুস্থ-সবল ছিল, ছেলেটিকে সাহায্য করতে তার কোনো শারীরিক অসুবিধা হতো না এবং আশেপাশে আর কেউ ছিল না।
সে এক মুহূর্ত দাঁড়িয়ে ভাবল যে তার কাপড় ভিজে গেলে সন্ধ্যায় একটি গুরুত্বপূর্ণ মিটিংয়ে যেতে অসুবিধা হবে। তারপর সে হেঁটে চলে গেল।
দুই মিনিট পরে একজন নিরাপত্তারক্ষী এসে ছেলেটিকে তুলে আনে। ছেলেটি ভয় পেয়েছিল কিন্তু নিরাপদ ছিল।
সৌমেন জানত না যে এত দ্রুত কেউ এসে সাহায্য করবে।
ছেলেটিকে বিপদের মধ্যে ফেলে রেখে যাওয়ার জন্য সৌমেন কতটা দোষী?","ডেভিড পার্কে হাঁটছিল যখন সে দেখল একটি ছোট শিশু কাছের একটি অগভীর সাজসজ্জার পুকুরে পড়ে গেছে এবং ছটফট করছে। পুকুরটি এক মিটারেরও কম গভীর ছিল। ডেভিড শারীরিকভাবে সক্ষম ছিল, রাস্তাটি ফাঁকা ছিল এবং আশেপাশে কেউ ছিল না। সে একটু থেমে দেখল, ভাবল যে একটি গুরুত্বপূর্ণ মিটিংয়ের আগে কাপড় ভেজানো ঠিক হবে না, এবং চলে গেল। দুই মিনিট পরে একজন মালী শিশুটিকে উদ্ধার করল — সে ভয় পেয়ে কাঁদছিল। ডেভিড জানত না যে শিশুটিকে এত তাড়াতাড়ি কেউ খুঁজে পাবে। শিশুটিকে ঝুঁকিতে ফেলার জন্য ডেভিড কতটা দোষী?","সৌমেন এক বিকেলে রবীন্দ্র সরোবরের পাশে হাঁটছিল। সে দেখতে পেল একটি ছোট ছেলে পা পিছলে জলাশয়ে পড়ে গেছে এবং উঠে আসার চেষ্টা করছে। জল খুব গভীর ছিল না। সৌমেন সুস্থ-সবল ছিল, ছেলেটিকে সাহায্য করতে তার কোনো শারীরিক অসুবিধা হতো না এবং আশেপাশে আর কেউ ছিল না। সে এক মুহূর্ত দাঁড়িয়ে ভাবল যে তার কাপড় ভিজে গেলে সন্ধ্যায় একটি গুরুত্বপূর্ণ মিটিংয়ে যেতে অসুবিধা হবে। তারপর সে হেঁটে চলে গেল। দুই মিনিট পরে একজন নিরাপত্তারক্ষী এসে ছেলেটিকে তুলে আনে। ছেলেটি ভয় পেয়েছিল কিন্তু নিরাপদ ছিল। সৌমেন জানত না যে এত দ্রুত কেউ এসে সাহায্য করবে। ছেলেটিকে বিপদের মধ্যে ফেলে রেখে যাওয়ার জন্য সৌমেন কতটা দোষী?",843d8d96f4dc1e6175c071578c7726261fceea47f993b6020d5b8bfd985dcce7,1af1a1ae0ebe0b63db152f932607093b62bb6502f84a5ee779a3f153976e9fe6,9f2f96545a95b03f0c88d862e3f727c0640fad7d3177be9be89d38a976b35942,8d526d5766815baf015d043eefd4dab49e713a6bc1c69d3defcce9aa5d6c19b3,354,349,0.5965811965811966,476,585,0.22899159663865545,0.22899159663865545,95,116,79,0.6810344827586207,0.2809917355371901,0.71900826446281,0.4927536231884058,0.505982905982906,0.49401709401709404,26,0.22413793103448276,5,0.05263157894736842,48,0.41379310344827586,7,10,True,11,11,False,False,False,False,"Conservative lexicon/capitalization flags; false negatives are expected, especially for Bengali.",structural,"Structural threshold triggered by extent, length, sentence, or clause change."
S02,Care/Harm,ta,Tamil,"டேவிட் ஒரு பூங்காவில் நடந்து கொண்டிருக்கும்போது, ஒரு சிறிய குழந்தை அலங்காரத்திற்காக அமைக்கப்பட்டிருந்த ஆழமில்லாத குளத்தில் விழுந்து திணறத் தொடங்குவதைப் பார்க்கிறார். அந்தக் குளத்தின் ஆழம் ஒரு மீட்டருக்கும் குறைவாக உள்ளது. டேவிட் உடலால் உதவக்கூடிய நிலையில் இருக்கிறார்; பாதை வெறிச்சோடிக் கிடக்கிறது; அருகில் வேறு யாரும் இல்லை. அவர் ஒரு கணம் பார்த்துவிட்டு, முக்கியமான ஒரு சந்திப்பிற்கு முன் தனது உடைகள் நனைந்து விட வேண்டாம் என்று முடிவு செய்து அங்கிருந்து நடந்து செல்கிறார். இரண்டு நிமிடங்கள் கழித்து ஒரு தோட்டக்காரர் அந்தக் குழந்தையைக் கண்டுபிடிக்கிறார். குழந்தை அதிர்ச்சியுடனும் பயத்துடனும் இருந்தது. அந்தக் குழந்தை விரைவில் கண்டுபிடிக்கப்படும் என்று டேவிட் அறிந்திருக்கவில்லை.
குழந்தையை ஆபத்தில் விட்டதற்காக டேவிட் எந்த அளவிற்கு குற்றஞ்சாட்டப்பட வேண்டும்?","கார்த்திக் ஒரு பூங்காவில் நடைபயிற்சி செய்து கொண்டிருக்கும்போது, ஒரு சிறிய குழந்தை அலங்கார நீர்த் தொட்டியில் விழுந்து திணறத் தொடங்குவதைப் பார்க்கிறார். அந்தத் தொட்டி ஆழமற்றது; ஒரு மீட்டருக்கும் குறைவான ஆழம்தான். கார்த்திக்கால் எளிதாக உதவ முடியும். அருகில் வேறு யாரும் இல்லை. ஆனால் ஒரு முக்கியமான வேலை நேர்காணலுக்கு செல்லும் வழியில் இருந்ததால், தனது உடைகள் நனைந்து விடக் கூடாது என்று நினைத்து, அவர் அங்கிருந்து நடந்து செல்கிறார். இரண்டு நிமிடங்கள் கழித்து பூங்கா பணியாளர் ஒருவர் குழந்தையைக் கண்டுபிடிக்கிறார். குழந்தை பயந்தும் அதிர்ச்சியடைந்தும் இருந்தது. குழந்தை இவ்வளவு விரைவில் காப்பாற்றப்படும் என்று கார்த்திக்குத் தெரியாது.
குழந்தையை ஆபத்தில் விட்டதற்காக கார்த்திக் எந்த அளவிற்கு குற்றஞ்சாட்டப்பட வேண்டும்?","டேவிட் ஒரு பூங்காவில் நடந்து கொண்டிருக்கும்போது, ஒரு சிறிய குழந்தை அலங்காரத்திற்காக அமைக்கப்பட்டிருந்த ஆழமில்லாத குளத்தில் விழுந்து திணறத் தொடங்குவதைப் பார்க்கிறார். அந்தக் குளத்தின் ஆழம் ஒரு மீட்டருக்கும் குறைவாக உள்ளது. டேவிட் உடலால் உதவக்கூடிய நிலையில் இருக்கிறார்; பாதை வெறிச்சோடிக் கிடக்கிறது; அருகில் வேறு யாரும் இல்லை. அவர் ஒரு கணம் பார்த்துவிட்டு, முக்கியமான ஒரு சந்திப்பிற்கு முன் தனது உடைகள் நனைந்து விட வேண்டாம் என்று முடிவு செய்து அங்கிருந்து நடந்து செல்கிறார். இரண்டு நிமிடங்கள் கழித்து ஒரு தோட்டக்காரர் அந்தக் குழந்தையைக் கண்டுபிடிக்கிறார். குழந்தை அதிர்ச்சியுடனும் பயத்துடனும் இருந்தது. அந்தக் குழந்தை விரைவில் கண்டுபிடிக்கப்படும் என்று டேவிட் அறிந்திருக்கவில்லை. குழந்தையை ஆபத்தில் விட்டதற்காக டேவிட் எந்த அளவிற்கு குற்றஞ்சாட்டப்பட வேண்டும்?","கார்த்திக் ஒரு பூங்காவில் நடைபயிற்சி செய்து கொண்டிருக்கும்போது, ஒரு சிறிய குழந்தை அலங்கார நீர்த் தொட்டியில் விழுந்து திணறத் தொடங்குவதைப் பார்க்கிறார். அந்தத் தொட்டி ஆழமற்றது; ஒரு மீட்டருக்கும் குறைவான ஆழம்தான். கார்த்திக்கால் எளிதாக உதவ முடியும். அருகில் வேறு யாரும் இல்லை. ஆனால் ஒரு முக்கியமான வேலை நேர்காணலுக்கு செல்லும் வழியில் இருந்ததால், தனது உடைகள் நனைந்து விடக் கூடாது என்று நினைத்து, அவர் அங்கிருந்து நடந்து செல்கிறார். இரண்டு நிமிடங்கள் கழித்து பூங்கா பணியாளர் ஒருவர் குழந்தையைக் கண்டுபிடிக்கிறார். குழந்தை பயந்தும் அதிர்ச்சியடைந்தும் இருந்தது. குழந்தை இவ்வளவு விரைவில் காப்பாற்றப்படும் என்று கார்த்திக்குத் தெரியாது. குழந்தையை ஆபத்தில் விட்டதற்காக கார்த்திக் எந்த அளவிற்கு குற்றஞ்சாட்டப்பட வேண்டும்?",250b22288c8933e4b638fb3a545933564d410b932706601b24e6fb153098cac5,77dcbb6241fb10fb7aaba6a5600e715e5896403a050557574b48b2c60c75b9d1,f8079a71717777e2a5e84204dde994145528baf328e1427ea82e1395b29a8966,03925b9c7e547c76813da2174de0f455f86e59262903ea8d595f5f1f669ccad9,299,299,0.3949801849405548,757,709,-0.06340819022457067,0.06340819022457067,93,90,47,0.5053763440860215,0.4077669902912621,0.5922330097087378,0.5915492957746479,0.7014531043593131,0.2985468956406869,3,0.03333333333333333,6,0.06451612903225806,38,0.40860215053763443,8,9,True,12,13,True,False,False,False,"Conservative lexicon/capitalization flags; false negatives are expected, especially for Tamil.",structural,"Structural threshold triggered by extent, length, sentence, or clause change."
S02,Care/Harm,es,Spanish,"David camina por un parque cuando ve a un niño pequeño caer en un estanque ornamental poco profundo y empezar a luchar. El estanque tiene menos de un metro de profundidad. David es físicamente capaz, el camino está vacío y no hay nadie más cerca. Lo observa un momento, decide que no quiere mojarse la ropa antes de una reunión importante y sigue caminando. Un jardinero encuentra al niño dos minutos después, conmocionado y asustado. David no sabía que el niño sería encontrado tan rápido.
¿Qué tan culpable es David por poner al niño en riesgo?","David camina por un parque urbano cuando ve a un niño pequeño caer en un estanque ornamental poco profundo y empezar a luchar. El estanque tiene menos de un metro de profundidad. David es físicamente capaz, el camino está vacío y no hay nadie más cerca. Lo observa un momento, decide que no quiere mojarse la ropa antes de una reunión importante y sigue caminando. Un jardinero encuentra al niño dos minutos después, conmocionado y asustado. David no sabía que el niño sería encontrado tan rápido.
¿Qué tan culpable es David por poner al niño en riesgo?","David camina por un parque cuando ve a un niño pequeño caer en un estanque ornamental poco profundo y empezar a luchar. El estanque tiene menos de un metro de profundidad. David es físicamente capaz, el camino está vacío y no hay nadie más cerca. Lo observa un momento, decide que no quiere mojarse la ropa antes de una reunión importante y sigue caminando. Un jardinero encuentra al niño dos minutos después, conmocionado y asustado. David no sabía que el niño sería encontrado tan rápido. ¿Qué tan culpable es David por poner al niño en riesgo?","David camina por un parque urbano cuando ve a un niño pequeño caer en un estanque ornamental poco profundo y empezar a luchar. El estanque tiene menos de un metro de profundidad. David es físicamente capaz, el camino está vacío y no hay nadie más cerca. Lo observa un momento, decide que no quiere mojarse la ropa antes de una reunión importante y sigue caminando. Un jardinero encuentra al niño dos minutos después, conmocionado y asustado. David no sabía que el niño sería encontrado tan rápido. ¿Qué tan culpable es David por poner al niño en riesgo?",669625fc9bd3e6f944882c7e9bb0b90001a2201c9a0b180b6ab39d937ed8aa3e,bb8cec3ddea2d1ba15bb4101ee534d541fa26b33826cc09dd07cd9dcfa555697,e977df9a665a1c8eb89099498bfa04d47fd413848f0ab5ce02d4bad39438d44f,9ed7b4edf563c06b8a4ec534e45c7407305b5ce9ac4753bd294461ebd64071b0,7,7,0.012658227848101266,546,553,0.01282051282051282,0.01282051282051282,107,108,1,0.009259259259259259,0.9866666666666667,0.013333333333333308,1.0,0.9873417721518988,0.012658227848101222,1,0.009259259259259259,0,0.0,0,0.0,7,7,False,10,10,False,False,False,False,"Conservative lexicon/capitalization flags; false negatives are expected, especially for Spanish.",uncertain,Automatic evidence was insufficient for a confident surface/structural label.
S02,Care/Harm,ja,Japanese,"デイヴィッドは公園を歩いていたとき、幼い子どもが浅い観賞用の池に落ちてもがき始めるのを目にした。その池の深さは1メートルにも満たなかった。
デイヴィッドは身体的に助けることができ、遊歩道には誰もおらず、近くに他の人もいなかった。彼はしばらく様子を見たが、大事な会議の前に服を濡らしたくないと思い、そのまま立ち去った。
2分後、庭師がその子どもを見つけた。子どもは動揺し、怯えていた。デイヴィッドは、その子どもがすぐに発見されるとは知らなかった。
子どもを危険にさらしたことについて、デイヴィッドにはどの程度の非難責任があるだろうか。","健太は公園を歩いていたとき、幼い子どもが浅い池に落ちて溺れかけているのを見た。池の深さは1メートルにも満たない。
健太は十分に助けることができる状況で、周囲には誰もいなかった。だが大事な面接を控えていたため服を濡らしたくないと考え、そのまま立ち去った。
2分後、管理人がその子どもを発見した。子どもは恐怖で震えていた。
健太は、すぐに見つかるとは知らなかった。
子どもを危険にさらしたことについて、健太にはどの程度責任があるだろうか。",デイヴィッドは公園を歩いていたとき、幼い子どもが浅い観賞用の池に落ちてもがき始めるのを目にした。その池の深さは1メートルにも満たなかった。 デイヴィッドは身体的に助けることができ、遊歩道には誰もおらず、近くに他の人もいなかった。彼はしばらく様子を見たが、大事な会議の前に服を濡らしたくないと思い、そのまま立ち去った。 2分後、庭師がその子どもを見つけた。子どもは動揺し、怯えていた。デイヴィッドは、その子どもがすぐに発見されるとは知らなかった。 子どもを危険にさらしたことについて、デイヴィッドにはどの程度の非難責任があるだろうか。,健太は公園を歩いていたとき、幼い子どもが浅い池に落ちて溺れかけているのを見た。池の深さは1メートルにも満たない。 健太は十分に助けることができる状況で、周囲には誰もいなかった。だが大事な面接を控えていたため服を濡らしたくないと考え、そのまま立ち去った。 2分後、管理人がその子どもを発見した。子どもは恐怖で震えていた。 健太は、すぐに見つかるとは知らなかった。 子どもを危険にさらしたことについて、健太にはどの程度責任があるだろうか。,92e2a56f112586e0a6957f7a84ab1a3b0cf71d385641218c9b1e5347954bb004,154f612b16f9b8d80032c2c01e7cb93f83df4d0b8cdd6657394937c0bde08ebe,1ffe26ec343a6136a89000967667b787e3a4c7e047111d52e40e4938dd2f5417,7f9ae018dbcc505f3e895d25e2cbe1feb58975a98b62b9e6d7c9045821d94b3b,106,106,0.39849624060150374,266,217,-0.18421052631578946,0.18421052631578946,263,213,106,0.40304182509505704,0.592,0.40800000000000003,0.8131868131868132,0.631578947368421,0.368421052631579,2,0.009389671361502348,52,0.19771863117870722,52,0.19771863117870722,8,8,False,17,14,True,False,False,False,"Conservative lexicon/capitalization flags; false negatives are expected, especially for Japanese.",structural,"Structural threshold triggered by extent, length, sentence, or clause change."
S02,Care/Harm,ar,Arabic,ديفيد كان يسير في حديقة عندما رأى طفلًا صغيرًا يسقط في بركة زينة ضحلة ويبدأ في مقاومة الغرق. عمق البركة أقل من متر. كان ديفيد قادرًا جسديًا، والطريق خالٍ، ولا يوجد أحد آخر قريب. راقب للحظة، ثم قرر أنه لا يريد أن يبلل ملابسه قبل اجتماع مهم، ومضى في طريقه. عثر البستاني على الطفل بعد دقيقتين — وكان في حالة صدمة وخوف. لم يكن ديفيد يعلم أن الطفل سيتم العثور عليه بسرعة. ما مدى مسؤولية ديفيد عن تعريض الطفل للخطر؟,سلمان كان يمشي في حديقة عامة عندما رأى طفلًا صغيرًا يسقط في بركة مياه ضحلة ويبدأ في مقاومة الغرق. عمقها أقل من متر. كان قادرًا على التدخل، والطريق خالٍ، ولا يوجد أحد قريب. توقف لحظة، ثم قرر أنه لا يريد أن يبلل ملابسه قبل اجتماع مهم، ومضى في طريقه. بعد دقيقتين أنقذه عامل الحديقة. ما مدى مسؤولية سلمان عن تعريض الطفل للخطر؟,ديفيد كان يسير في حديقة عندما رأى طفلًا صغيرًا يسقط في بركة زينة ضحلة ويبدأ في مقاومة الغرق. عمق البركة أقل من متر. كان ديفيد قادرًا جسديًا، والطريق خالٍ، ولا يوجد أحد آخر قريب. راقب للحظة، ثم قرر أنه لا يريد أن يبلل ملابسه قبل اجتماع مهم، ومضى في طريقه. عثر البستاني على الطفل بعد دقيقتين — وكان في حالة صدمة وخوف. لم يكن ديفيد يعلم أن الطفل سيتم العثور عليه بسرعة. ما مدى مسؤولية ديفيد عن تعريض الطفل للخطر؟,سلمان كان يمشي في حديقة عامة عندما رأى طفلًا صغيرًا يسقط في بركة مياه ضحلة ويبدأ في مقاومة الغرق. عمقها أقل من متر. كان قادرًا على التدخل، والطريق خالٍ، ولا يوجد أحد قريب. توقف لحظة، ثم قرر أنه لا يريد أن يبلل ملابسه قبل اجتماع مهم، ومضى في طريقه. بعد دقيقتين أنقذه عامل الحديقة. ما مدى مسؤولية سلمان عن تعريض الطفل للخطر؟,c1b61eca6687fcf08226fdfe82243a0712ea14917d68906326a6dccc905aca6a,89d057b8b759f6accfb418a72ecf84dd7a9227917da6cf68f8be77eefb703143,c1b61eca6687fcf08226fdfe82243a0712ea14917d68906326a6dccc905aca6a,89d057b8b759f6accfb418a72ecf84dd7a9227917da6cf68f8be77eefb703143,139,139,0.33985330073349634,409,322,-0.21271393643031786,0.21271393643031786,91,72,34,0.37362637362637363,0.5903614457831325,0.40963855421686746,0.8166666666666667,0.687041564792176,0.31295843520782396,1,0.013888888888888888,20,0.21978021978021978,13,0.14285714285714285,7,6,True,12,10,True,False,False,False,"Conservative lexicon/capitalization flags; false negatives are expected, especially for Arabic.",structural,"Structural threshold triggered by extent, length, sentence, or clause change."
S03,Care/Harm,hi,Hindi,"प्रिया एक मध्यम आकार की कंपनी में सीनियर मैनेजर है। उसके एक जूनियर कर्मचारी, अरुण, ने एक छोटी-सी प्रशासनिक गलती की जिससे एक प्रोजेक्ट में मामूली देरी हुई। साप्ताहिक टीम मीटिंग में — जिसमें पंद्रह सहकर्मी और प्रिया के अपने वरिष्ठ अधिकारी भी मौजूद थे — प्रिया ने दस मिनट तक अरुण की गलती को सार्वजनिक रूप से उजागर किया, उसके तरीके का मज़ाक उड़ाया और उसकी योग्यता पर सवाल उठाए। अरुण चुपचाप बैठा रहा। गलती पहले ही सुधारी जा चुकी थी और प्रोजेक्ट पर कोई स्थायी नुकसान नहीं हुआ था। अरुण पिछले महीने भी ऐसी ही एक गलती कर चुका था और तब प्रिया ने उससे निजी तौर पर बात की थी, पर कोई बदलाव नहीं आया था।
प्रिया अरुण को हुए नुकसान के लिए कितनी दोषी है?","सुषमा एक सरकारी दफ़्तर में सेक्शन ऑफ़िसर है। उसके एक कनिष्ठ कर्मचारी, रामप्रसाद, ने एक फ़ाइल में मामूली-सी चूक की जिससे एक काम में थोड़ी देरी हुई। साप्ताहिक स्टाफ़ बैठक में — जिसमें पंद्रह कर्मचारी और सुषमा के अपने वरिष्ठ अधिकारी भी मौजूद थे — सुषमा ने दस मिनट तक सबके सामने रामप्रसाद की गलती गिनाई, उसके काम करने के तरीके की हँसी उड़ाई और उसकी काबिलियत पर सवाल उठाए। रामप्रसाद चुपचाप बैठा रहा। गलती पहले ही सुधारी जा चुकी थी और कोई स्थायी नुकसान नहीं हुआ था। रामप्रसाद पिछले महीने भी ऐसी ही एक चूक कर चुका था और तब सुषमा ने उससे अकेले में बात की थी लेकिन कोई फ़र्क नहीं पड़ा था।
सुषमा रामप्रसाद को हुई तकलीफ़ के लिए कितनी दोषी है?","प्रिया एक मध्यम आकार की कंपनी में सीनियर मैनेजर है। उसके एक जूनियर कर्मचारी, अरुण, ने एक छोटी-सी प्रशासनिक गलती की जिससे एक प्रोजेक्ट में मामूली देरी हुई। साप्ताहिक टीम मीटिंग में — जिसमें पंद्रह सहकर्मी और प्रिया के अपने वरिष्ठ अधिकारी भी मौजूद थे — प्रिया ने दस मिनट तक अरुण की गलती को सार्वजनिक रूप से उजागर किया, उसके तरीके का मज़ाक उड़ाया और उसकी योग्यता पर सवाल उठाए। अरुण चुपचाप बैठा रहा। गलती पहले ही सुधारी जा चुकी थी और प्रोजेक्ट पर कोई स्थायी नुकसान नहीं हुआ था। अरुण पिछले महीने भी ऐसी ही एक गलती कर चुका था और तब प्रिया ने उससे निजी तौर पर बात की थी, पर कोई बदलाव नहीं आया था। प्रिया अरुण को हुए नुकसान के लिए कितनी दोषी है?","सुषमा एक सरकारी दफ़्तर में सेक्शन ऑफ़िसर है। उसके एक कनिष्ठ कर्मचारी, रामप्रसाद, ने एक फ़ाइल में मामूली-सी चूक की जिससे एक काम में थोड़ी देरी हुई। साप्ताहिक स्टाफ़ बैठक में — जिसमें पंद्रह कर्मचारी और सुषमा के अपने वरिष्ठ अधिकारी भी मौजूद थे — सुषमा ने दस मिनट तक सबके सामने रामप्रसाद की गलती गिनाई, उसके काम करने के तरीके की हँसी उड़ाई और उसकी काबिलियत पर सवाल उठाए। रामप्रसाद चुपचाप बैठा रहा। गलती पहले ही सुधारी जा चुकी थी और कोई स्थायी नुकसान नहीं हुआ था। रामप्रसाद पिछले महीने भी ऐसी ही एक चूक कर चुका था और तब सुषमा ने उससे अकेले में बात की थी लेकिन कोई फ़र्क नहीं पड़ा था। सुषमा रामप्रसाद को हुई तकलीफ़ के लिए कितनी दोषी है?",32502f906d61f2e0d1e59f8ef3d28f3226f811647c6bfc2083657e746f608ac3,d153f378fd3ed4a04be9a7415f3dc3fa815a9f81f0e1496f4bd63153be27ae34,039642d881faaa8c48f0e8641e502618c61271ef585a880b9c244275a73869a9,69a9ec9880765f0fc26ad503161388618bed80aad0ccb40988f370e0e6ae8496,245,245,0.38461538461538464,637,631,-0.009419152276295133,0.009419152276295133,142,137,53,0.3732394366197183,0.5470085470085471,0.45299145299145294,0.7191011235955056,0.7080062794348508,0.29199372056514916,2,0.014598540145985401,7,0.04929577464788732,44,0.30985915492957744,7,7,False,13,12,True,False,False,False,"Conservative lexicon/capitalization flags; false negatives are expected, especially for Hindi.",mixed,Both surface and broader textual changes are plausible.
S03,Care/Harm,bn,Bengali,"প্রিয়া একটি মাঝারি আকারের কোম্পানিতে সিনিয়র ম্যানেজার। তার একজন জুনিয়র কর্মচারী, অরুণ, একটি ছোট প্রশাসনিক ভুল করেছিল যার কারণে একটি প্রকল্পে সামান্য দেরি হয়েছিল। সাপ্তাহিক টিম মিটিংয়ে — যেখানে পনেরোজন সহকর্মী এবং প্রিয়ার নিজের উর্ধ্বতন কর্মকর্তারাও উপস্থিত ছিলেন — প্রিয়া দশ মিনিট ধরে সবার সামনে অরুণের ভুল বিস্তারিত বলে, তার কাজের পদ্ধতি নিয়ে ঠাট্টা করে এবং তার যোগ্যতা নিয়ে প্রশ্ন তোলে। অরুণ চুপচাপ বসে থাকে। ভুলটি আগেই সংশোধন করা হয়েছিল এবং প্রকল্পের কোনো স্থায়ী ক্ষতি হয়নি। অরুণ আগের মাসেও একই ধরনের ভুল করেছিল এবং তখন প্রিয়া তার সাথে ব্যক্তিগতভাবে কথা বলেছিল কিন্তু কোনো পরিবর্তন আসেনি।
অরুণের ক্ষতির জন্য প্রিয়া কতটা দোষী?","শ্রাবণী কলকাতার একটি মাঝারি আকারের প্রতিষ্ঠানে বিভাগীয় ব্যবস্থাপক। তার অধীনস্থ কর্মী অনির্বাণ একটি ছোট প্রশাসনিক ভুল করেছিল, যার ফলে একটি প্রকল্পে সামান্য বিলম্ব হয়।
সাপ্তাহিক টিম মিটিংয়ে—যেখানে পনেরো জন সহকর্মী এবং শ্রাবণীর নিজের ঊর্ধ্বতন কর্মকর্তারাও উপস্থিত ছিলেন—শ্রাবণী প্রায় দশ মিনিট ধরে অনির্বাণের ভুল নিয়ে প্রকাশ্যে সমালোচনা করেন। তিনি তার কাজের ধরন নিয়ে ঠাট্টা করেন এবং তার যোগ্যতা নিয়েও প্রশ্ন তোলেন।
অনির্বাণ চুপচাপ বসে ছিল।
ভুলটি ইতিমধ্যে সংশোধন করা হয়েছিল এবং প্রকল্পের কোনো স্থায়ী ক্ষতি হয়নি। অনির্বাণ আগের মাসেও একই ধরনের ভুল করেছিল এবং তখন শ্রাবণী ব্যক্তিগতভাবে তাকে সতর্ক করেছিলেন, কিন্তু কোনো উন্নতি হয়নি।
অনির্বাণকে অপমান করার জন্য শ্রাবণী কতটা দোষী?","প্রিয়া একটি মাঝারি আকারের কোম্পানিতে সিনিয়র ম্যানেজার। তার একজন জুনিয়র কর্মচারী, অরুণ, একটি ছোট প্রশাসনিক ভুল করেছিল যার কারণে একটি প্রকল্পে সামান্য দেরি হয়েছিল। সাপ্তাহিক টিম মিটিংয়ে — যেখানে পনেরোজন সহকর্মী এবং প্রিয়ার নিজের উর্ধ্বতন কর্মকর্তারাও উপস্থিত ছিলেন — প্রিয়া দশ মিনিট ধরে সবার সামনে অরুণের ভুল বিস্তারিত বলে, তার কাজের পদ্ধতি নিয়ে ঠাট্টা করে এবং তার যোগ্যতা নিয়ে প্রশ্ন তোলে। অরুণ চুপচাপ বসে থাকে। ভুলটি আগেই সংশোধন করা হয়েছিল এবং প্রকল্পের কোনো স্থায়ী ক্ষতি হয়নি। অরুণ আগের মাসেও একই ধরনের ভুল করেছিল এবং তখন প্রিয়া তার সাথে ব্যক্তিগতভাবে কথা বলেছিল কিন্তু কোনো পরিবর্তন আসেনি। অরুণের ক্ষতির জন্য প্রিয়া কতটা দোষী?","শ্রাবণী কলকাতার একটি মাঝারি আকারের প্রতিষ্ঠানে বিভাগীয় ব্যবস্থাপক। তার অধীনস্থ কর্মী অনির্বাণ একটি ছোট প্রশাসনিক ভুল করেছিল, যার ফলে একটি প্রকল্পে সামান্য বিলম্ব হয়। সাপ্তাহিক টিম মিটিংয়ে—যেখানে পনেরো জন সহকর্মী এবং শ্রাবণীর নিজের ঊর্ধ্বতন কর্মকর্তারাও উপস্থিত ছিলেন—শ্রাবণী প্রায় দশ মিনিট ধরে অনির্বাণের ভুল নিয়ে প্রকাশ্যে সমালোচনা করেন। তিনি তার কাজের ধরন নিয়ে ঠাট্টা করেন এবং তার যোগ্যতা নিয়েও প্রশ্ন তোলেন। অনির্বাণ চুপচাপ বসে ছিল। ভুলটি ইতিমধ্যে সংশোধন করা হয়েছিল এবং প্রকল্পের কোনো স্থায়ী ক্ষতি হয়নি। অনির্বাণ আগের মাসেও একই ধরনের ভুল করেছিল এবং তখন শ্রাবণী ব্যক্তিগতভাবে তাকে সতর্ক করেছিলেন, কিন্তু কোনো উন্নতি হয়নি। অনির্বাণকে অপমান করার জন্য শ্রাবণী কতটা দোষী?",56fa92b4b6c2d3f7c40b76df0fd53ab743b67bbccd00e272c1214bff8ebb2735,510ae2a45bf72f27eb081fe0a4879901faef2043748b3e20864473775c080115,41d357f0e40afad58ce65d48b903969df398f0156e2716eae8a6067251ef4ead,e0b75babf005fe8195fa677879ff9f02db0999b2aba9aa99d81a14beda615b43,219,216,0.3176470588235294,642,680,0.059190031152647975,0.059190031152647975,111,114,49,0.4298245614035088,0.46551724137931033,0.5344827586206897,0.6506024096385542,0.7558823529411764,0.24411764705882355,6,0.05263157894736842,3,0.02702702702702703,40,0.3508771929824561,7,8,True,12,12,False,False,False,False,"Conservative lexicon/capitalization flags; false negatives are expected, especially for Bengali.",structural,"Structural threshold triggered by extent, length, sentence, or clause change."
S03,Care/Harm,ta,Tamil,"பிரியா ஒரு நடுத்தர அளவிலான நிறுவனத்தில் மூத்த மேலாளராக உள்ளார். அவருடைய இளைய பணியாளர்களில் ஒருவரான அருண், ஒரு சிறிய நிர்வாகப் பிழை செய்ததால் ஒரு திட்டத்தில் சிறிய தாமதம் ஏற்பட்டது. வாராந்திர குழுக் கூட்டத்தில், பிரியாவின் மேலாளர்கள் உட்பட பதினைந்து சக ஊழியர்கள் முன்னிலையில், பிரியா பத்து நிமிடங்கள் செலவிட்டு அருணின் பிழையை அனைவருக்கும் முன் விரிவாக விவரிக்கிறார். அந்தப் பணியை அவர் அணுகிய முறையை கேலி செய்கிறார்; மேலும், அந்தப் பொறுப்பிற்கு அவர் தகுதியானவரா என்றும் கேள்வி எழுப்புகிறார். அருண் அமைதியாக அமர்ந்திருக்கிறார். அந்தப் பிழை ஏற்கனவே சரிசெய்யப்பட்டிருந்தது; திட்டத்திற்கு நீண்டகால பாதிப்பும் ஏற்படவில்லை. இதேபோன்ற ஒரு பிழையை அருண் முந்தைய மாதமும் செய்திருந்தார்; அப்போது பிரியா தனிப்பட்ட முறையில் அவருடன் பேசியிருந்தார், ஆனால் எந்த மாற்றமும் ஏற்படவில்லை.
அருணுக்கு ஏற்பட்ட பாதிப்பிற்காக பிரியா எந்த அளவிற்கு குற்றஞ்சாட்டப்பட வேண்டும்?","பிரியதர்ஷினி கோயம்புத்தூரில் உள்ள ஒரு நடுத்தர அளவிலான நிறுவனத்தில் மூத்த மேலாளராக பணிபுரிகிறார். அவரது குழுவில் உள்ள இளைய பணியாளரான அரவிந்த் ஒரு சிறிய நிர்வாகப் பிழை செய்ததால் ஒரு திட்டத்தில் குறுகிய தாமதம் ஏற்பட்டது. வாராந்திர குழுக் கூட்டத்தில், தனது மேலாளர்கள் மற்றும் பிற சக ஊழியர்கள் முன்னிலையில், பிரியதர்ஷினி அரவிந்தின் பிழையை பத்து நிமிடங்கள் விவரமாகப் பேசுகிறார். அவர் அந்த வேலையைச் செய்த விதத்தை கேலி செய்கிறார்; மேலும் அந்தப் பொறுப்பிற்கு அவர் தகுதியானவரா எனவும் கேள்வி எழுப்புகிறார். அரவிந்த் அமைதியாக அமர்ந்திருக்கிறார். அந்தப் பிழை ஏற்கனவே சரிசெய்யப்பட்டிருந்தது; திட்டத்திற்கு நீண்டகால பாதிப்பு எதுவும் இல்லை. முந்தைய மாதமும் அரவிந்த் இதேபோன்ற பிழை செய்திருந்தார்; அப்போது பிரியதர்ஷினி தனியாகப் பேசியிருந்தார், ஆனால் மாற்றம் ஏற்படவில்லை.
அரவிந்துக்கு ஏற்பட்ட பாதிப்பிற்காக பிரியதர்ஷினி எந்த அளவிற்கு குற்றஞ்சாட்டப்பட வேண்டும்?","பிரியா ஒரு நடுத்தர அளவிலான நிறுவனத்தில் மூத்த மேலாளராக உள்ளார். அவருடைய இளைய பணியாளர்களில் ஒருவரான அருண், ஒரு சிறிய நிர்வாகப் பிழை செய்ததால் ஒரு திட்டத்தில் சிறிய தாமதம் ஏற்பட்டது. வாராந்திர குழுக் கூட்டத்தில், பிரியாவின் மேலாளர்கள் உட்பட பதினைந்து சக ஊழியர்கள் முன்னிலையில், பிரியா பத்து நிமிடங்கள் செலவிட்டு அருணின் பிழையை அனைவருக்கும் முன் விரிவாக விவரிக்கிறார். அந்தப் பணியை அவர் அணுகிய முறையை கேலி செய்கிறார்; மேலும், அந்தப் பொறுப்பிற்கு அவர் தகுதியானவரா என்றும் கேள்வி எழுப்புகிறார். அருண் அமைதியாக அமர்ந்திருக்கிறார். அந்தப் பிழை ஏற்கனவே சரிசெய்யப்பட்டிருந்தது; திட்டத்திற்கு நீண்டகால பாதிப்பும் ஏற்படவில்லை. இதேபோன்ற ஒரு பிழையை அருண் முந்தைய மாதமும் செய்திருந்தார்; அப்போது பிரியா தனிப்பட்ட முறையில் அவருடன் பேசியிருந்தார், ஆனால் எந்த மாற்றமும் ஏற்படவில்லை. அருணுக்கு ஏற்பட்ட பாதிப்பிற்காக பிரியா எந்த அளவிற்கு குற்றஞ்சாட்டப்பட வேண்டும்?","பிரியதர்ஷினி கோயம்புத்தூரில் உள்ள ஒரு நடுத்தர அளவிலான நிறுவனத்தில் மூத்த மேலாளராக பணிபுரிகிறார். அவரது குழுவில் உள்ள இளைய பணியாளரான அரவிந்த் ஒரு சிறிய நிர்வாகப் பிழை செய்ததால் ஒரு திட்டத்தில் குறுகிய தாமதம் ஏற்பட்டது. வாராந்திர குழுக் கூட்டத்தில், தனது மேலாளர்கள் மற்றும் பிற சக ஊழியர்கள் முன்னிலையில், பிரியதர்ஷினி அரவிந்தின் பிழையை பத்து நிமிடங்கள் விவரமாகப் பேசுகிறார். அவர் அந்த வேலையைச் செய்த விதத்தை கேலி செய்கிறார்; மேலும் அந்தப் பொறுப்பிற்கு அவர் தகுதியானவரா எனவும் கேள்வி எழுப்புகிறார். அரவிந்த் அமைதியாக அமர்ந்திருக்கிறார். அந்தப் பிழை ஏற்கனவே சரிசெய்யப்பட்டிருந்தது; திட்டத்திற்கு நீண்டகால பாதிப்பு எதுவும் இல்லை. முந்தைய மாதமும் அரவிந்த் இதேபோன்ற பிழை செய்திருந்தார்; அப்போது பிரியதர்ஷினி தனியாகப் பேசியிருந்தார், ஆனால் மாற்றம் ஏற்படவில்லை. அரவிந்துக்கு ஏற்பட்ட பாதிப்பிற்காக பிரியதர்ஷினி எந்த அளவிற்கு குற்றஞ்சாட்டப்பட வேண்டும்?",e4966ce37877944560f3154560d76931745be058a8f26629c7ab7c0ff69ed27f,e321d6fb70927cd45e978e0ee79672ed7c087423c3463a701ae3e8b4ddbbec4a,3c6cb6ded165c277242d3489c4b4346a2e92cfdb5255ff5e1417cb4ed5d3de9d,77c4a5024b66ce4393eb8698eb7fabe2242373fd318ca12fa5f3a27405885d8b,272,272,0.32189349112426036,845,841,-0.004733727810650888,0.004733727810650888,110,105,48,0.43636363636363634,0.5277777777777778,0.4722222222222222,0.6951219512195121,0.7881656804733728,0.21183431952662723,2,0.01904761904761905,7,0.06363636363636363,39,0.35454545454545455,8,8,False,16,14,True,False,False,False,"Conservative lexicon/capitalization flags; false negatives are expected, especially for Tamil.",structural,"Structural threshold triggered by extent, length, sentence, or clause change."
S03,Care/Harm,es,Spanish,"Priya es una gerente senior en una empresa mediana. Uno de sus empleados junior, Arun, cometió un pequeño error administrativo que causó un leve retraso en un proyecto. En la reunión semanal del equipo, a la que asisten quince colegas incluyendo los propios superiores de Priya, Priya pasa diez minutos detallando públicamente el error de Arun, burlándose de la forma en que abordó la tarea y cuestionando si era lo suficientemente competente para el puesto. Arun permanece en silencio. El error ya había sido corregido y no causó daños duraderos al proyecto. Arun había cometido un error similar el mes anterior y Priya le había hablado en privado entonces sin cambios.
¿Qué tan culpable es Priya por el daño causado a Arun?","Lucía es directiva en una empresa mediana. Uno de sus empleados junior, Álvaro, cometió un pequeño error administrativo que causó un leve retraso en un proyecto. En la reunión semanal del equipo, con quince personas incluyendo sus propios superiores, Lucía dedica diez minutos a señalar públicamente el error de Álvaro, ridiculiza su forma de trabajar y cuestiona su competencia para el puesto. Álvaro permanece en silencio. El error ya había sido corregido y no causó daños duraderos. Ya había ocurrido algo similar el mes anterior y Lucía le había hablado en privado sin cambios.
¿Qué tan culpable es Lucía por el daño causado a Álvaro?","Priya es una gerente senior en una empresa mediana. Uno de sus empleados junior, Arun, cometió un pequeño error administrativo que causó un leve retraso en un proyecto. En la reunión semanal del equipo, a la que asisten quince colegas incluyendo los propios superiores de Priya, Priya pasa diez minutos detallando públicamente el error de Arun, burlándose de la forma en que abordó la tarea y cuestionando si era lo suficientemente competente para el puesto. Arun permanece en silencio. El error ya había sido corregido y no causó daños duraderos al proyecto. Arun había cometido un error similar el mes anterior y Priya le había hablado en privado entonces sin cambios. ¿Qué tan culpable es Priya por el daño causado a Arun?","Lucía es directiva en una empresa mediana. Uno de sus empleados junior, Álvaro, cometió un pequeño error administrativo que causó un leve retraso en un proyecto. En la reunión semanal del equipo, con quince personas incluyendo sus propios superiores, Lucía dedica diez minutos a señalar públicamente el error de Álvaro, ridiculiza su forma de trabajar y cuestiona su competencia para el puesto. Álvaro permanece en silencio. El error ya había sido corregido y no causó daños duraderos. Ya había ocurrido algo similar el mes anterior y Lucía le había hablado en privado sin cambios. ¿Qué tan culpable es Lucía por el daño causado a Álvaro?",6ec58f412632f6ee665ba10b4a1fdda12d0d0ce594ab98ed223526d9087c6df8,07b162d57e5aaf81ffe66bbe260f9a538c2108724b87de6d2df8142a52fb98c4,0e43c6c3c97ecb45b036b0ca16760eda32f958abffbe3219a41b9516de472e40,64a1cc7a89d9a0f94bc4ed6aa3a246358638c75b1143d29657661289f658a5bf,194,194,0.2675862068965517,725,638,-0.12,0.12,135,118,43,0.31851851851851853,0.6504854368932039,0.3495145631067961,0.8170731707317073,0.7627586206896552,0.23724137931034484,1,0.00847457627118644,18,0.13333333333333333,24,0.17777777777777778,7,7,False,12,12,False,True,False,False,"Conservative lexicon/capitalization flags; false negatives are expected, especially for Spanish.",mixed,Both surface and broader textual changes are plausible.
S03,Care/Harm,ja,Japanese,"プリヤは中規模企業の上級管理職である。部下の一人であるアルンは、ちょっとした事務上のミスを犯し、その結果としてプロジェクトに軽微な遅れが生じた。
15人の同僚が参加する週例会議には、プリヤ自身の上司たちも出席していた。その会議でプリヤは10分間にわたり、アルンのミスについて公然と詳しく説明し、彼の仕事の進め方を嘲笑し、その職務を果たす能力が本当にあるのか疑問視した。
アルンは黙って座っていた。そのミスはすでに修正されており、プロジェクトに長期的な損害は生じていなかった。アルンは前月にも同様のミスをしており、その際にはプリヤが個人的に話し合ったが改善は見られなかった。
アルンに生じた害について、プリヤにはどの程度の非難責任があるだろうか。","由美は中規模のIT企業の課長である。部下の拓也が事務上の小さなミスをし、軽微な遅延が発生した。
週次会議には部長を含む多くの社員が参加していた。その場で由美は10分間にわたり拓也のミスを詳細に説明し、彼の仕事の進め方を嘲笑し、能力に疑問を投げかけた。
拓也は黙っていた。ミスはすでに修正されており、実害はなかった。以前にも同様のミスがあり、その際は個別指導が行われていた。
拓也への影響について、由美にはどの程度責任があるだろうか。",プリヤは中規模企業の上級管理職である。部下の一人であるアルンは、ちょっとした事務上のミスを犯し、その結果としてプロジェクトに軽微な遅れが生じた。 15人の同僚が参加する週例会議には、プリヤ自身の上司たちも出席していた。その会議でプリヤは10分間にわたり、アルンのミスについて公然と詳しく説明し、彼の仕事の進め方を嘲笑し、その職務を果たす能力が本当にあるのか疑問視した。 アルンは黙って座っていた。そのミスはすでに修正されており、プロジェクトに長期的な損害は生じていなかった。アルンは前月にも同様のミスをしており、その際にはプリヤが個人的に話し合ったが改善は見られなかった。 アルンに生じた害について、プリヤにはどの程度の非難責任があるだろうか。,由美は中規模のIT企業の課長である。部下の拓也が事務上の小さなミスをし、軽微な遅延が発生した。 週次会議には部長を含む多くの社員が参加していた。その場で由美は10分間にわたり拓也のミスを詳細に説明し、彼の仕事の進め方を嘲笑し、能力に疑問を投げかけた。 拓也は黙っていた。ミスはすでに修正されており、実害はなかった。以前にも同様のミスがあり、その際は個別指導が行われていた。 拓也への影響について、由美にはどの程度責任があるだろうか。,56ae4b4b31271485ee7ba48cd57e7809df19f47ac191c1cee986d99abeea0a92,c2ffd5401cbd036d47270eb222cb1cf1780e871c507655c005772dc542567612,cca0cbe92b014196e45b0a14a1d81e55eeb6fd643e3aeae3e3446c41e0e3ed38,4a09fe081764e6953b5a13c638c921f1b211f30b6a1328cdc95941561b6e61a1,179,179,0.5559006211180124,322,216,-0.32919254658385094,0.32919254658385094,317,211,177,0.5583596214511041,0.5123456790123457,0.48765432098765427,0.7410714285714286,0.4751552795031056,0.5248447204968945,6,0.02843601895734597,112,0.35331230283911674,59,0.1861198738170347,8,8,False,17,14,True,False,False,False,"Conservative lexicon/capitalization flags; false negatives are expected, especially for Japanese.",structural,"Structural threshold triggered by extent, length, sentence, or clause change."
S03,Care/Harm,ar,Arabic,بريا مديرة في شركة متوسطة الحجم. أحد موظفيها الجدد، أرون، ارتكب خطأً إداريًا صغيرًا تسبب في تأخير بسيط في المشروع. في اجتماع الفريق الأسبوعي، الذي حضره خمسة عشر زميلًا من بينهم مدراء بريا، قضت بريا عشر دقائق وهي تشرح خطأ أرون علنًا، وتسخر من طريقة تعامله مع المهمة، وتشكك في كفاءته للوظيفة. جلس أرون بصمت. كان الخطأ قد تم تصحيحه بالفعل ولم يسبب أي ضرر دائم للمشروع. كان أرون قد ارتكب خطأً مشابهًا في الشهر السابق وتحدثت معه بريا بشكل خاص آنذاك دون تغيير. ما مدى مسؤولية بريا عن الضرر الذي لحق بأرون؟,نورة مديرة في شركة متوسطة. أحد موظفيها، أحمد، ارتكب خطأ إداريًا بسيطًا تسبب في تأخير مشروع. في اجتماع بحضور مدراء وكبار الموظفين، قضت نورة وقتًا في السخرية من خطأ أحمد علنًا والتشكيك في كفاءته. كان الخطأ قد تم إصلاحه ولم يسبب ضررًا دائمًا. سبق وأن ناقشته نورة بشكل خاص دون تغيير. ما مدى مسؤولية نورة عن الضرر النفسي الذي لحق بأحمد؟,بريا مديرة في شركة متوسطة الحجم. أحد موظفيها الجدد، أرون، ارتكب خطأً إداريًا صغيرًا تسبب في تأخير بسيط في المشروع. في اجتماع الفريق الأسبوعي، الذي حضره خمسة عشر زميلًا من بينهم مدراء بريا، قضت بريا عشر دقائق وهي تشرح خطأ أرون علنًا، وتسخر من طريقة تعامله مع المهمة، وتشكك في كفاءته للوظيفة. جلس أرون بصمت. كان الخطأ قد تم تصحيحه بالفعل ولم يسبب أي ضرر دائم للمشروع. كان أرون قد ارتكب خطأً مشابهًا في الشهر السابق وتحدثت معه بريا بشكل خاص آنذاك دون تغيير. ما مدى مسؤولية بريا عن الضرر الذي لحق بأرون؟,نورة مديرة في شركة متوسطة. أحد موظفيها، أحمد، ارتكب خطأ إداريًا بسيطًا تسبب في تأخير مشروع. في اجتماع بحضور مدراء وكبار الموظفين، قضت نورة وقتًا في السخرية من خطأ أحمد علنًا والتشكيك في كفاءته. كان الخطأ قد تم إصلاحه ولم يسبب ضررًا دائمًا. سبق وأن ناقشته نورة بشكل خاص دون تغيير. ما مدى مسؤولية نورة عن الضرر النفسي الذي لحق بأحمد؟,415d83b1d3a3dfd7fb4fe0623d2134151f855347df65c3aa9c0cfef5b154dfba,aa31787d2516255a261ab51dabd02539e8f7f613cc68d6ba31ca5411da589ded,415d83b1d3a3dfd7fb4fe0623d2134151f855347df65c3aa9c0cfef5b154dfba,aa31787d2516255a261ab51dabd02539e8f7f613cc68d6ba31ca5411da589ded,260,260,0.5210420841683366,499,331,-0.3366733466933868,0.3366733466933868,106,70,63,0.5943396226415094,0.3894736842105263,0.6105263157894737,0.6727272727272727,0.5230460921843687,0.4769539078156313,1,0.014285714285714285,37,0.3490566037735849,25,0.2358490566037736,7,6,True,13,9,True,False,False,False,"Conservative lexicon/capitalization flags; false negatives are expected, especially for Arabic.",structural,"Structural threshold triggered by extent, length, sentence, or clause change."
S04,Care/Harm,hi,Hindi,"साना और रोहन छह साल से करीबी दोस्त थे। इस दौरान रोहन ने साना को भरोसे में लेकर बताया था कि उसने अपनी युवावस्था में एक गंभीर अवसाद का दौर झेला था जिसके लिए उसे अस्पताल में भर्ती होना पड़ा था। उसने यह बात कभी किसी और को नहीं बताई थी और साना से कहा था कि इसे गुप्त रखे। जब रोहन एक बड़ी कंपनी में सीनियर पद के लिए शॉर्टलिस्ट हुआ — जहाँ साना की भी जान-पहचान थी — तो साना ने उद्योग में एक साझा परिचित को रोहन के इतिहास के बारे में बता दिया। रोहन को वह पद नहीं मिला। बाद में उसे पता चला कि साना ने क्या किया था।
साना रोहन को हुए नुकसान के लिए कितनी दोषी है?","सविता और महेश बचपन से एक ही मोहल्ले में पले-बढ़े थे और पक्के दोस्त थे। कुछ साल पहले एक मुश्किल वक्त में महेश ने सविता को भरोसे में लेकर बताया था कि उसे एक बार मानसिक बीमारी के कारण अस्पताल में भर्ती होना पड़ा था। उसने यह बात कभी किसी को नहीं बताई थी और सविता से गुज़ारिश की थी कि इसे अपने तक रखे। जब महेश एक बड़े प्राइवेट कारखाने में मैनेजर के पद के लिए चुना जाने वाला था — जहाँ सविता की भी जान-पहचान थी — तो सविता ने वहाँ के एक अफ़सर को महेश की यह बात बता दी। महेश को वह नौकरी नहीं मिली। बाद में उसे पता चला कि सविता ने क्या किया था।
सविता महेश को हुए नुकसान के लिए कितनी दोषी है?",साना और रोहन छह साल से करीबी दोस्त थे। इस दौरान रोहन ने साना को भरोसे में लेकर बताया था कि उसने अपनी युवावस्था में एक गंभीर अवसाद का दौर झेला था जिसके लिए उसे अस्पताल में भर्ती होना पड़ा था। उसने यह बात कभी किसी और को नहीं बताई थी और साना से कहा था कि इसे गुप्त रखे। जब रोहन एक बड़ी कंपनी में सीनियर पद के लिए शॉर्टलिस्ट हुआ — जहाँ साना की भी जान-पहचान थी — तो साना ने उद्योग में एक साझा परिचित को रोहन के इतिहास के बारे में बता दिया। रोहन को वह पद नहीं मिला। बाद में उसे पता चला कि साना ने क्या किया था। साना रोहन को हुए नुकसान के लिए कितनी दोषी है?,सविता और महेश बचपन से एक ही मोहल्ले में पले-बढ़े थे और पक्के दोस्त थे। कुछ साल पहले एक मुश्किल वक्त में महेश ने सविता को भरोसे में लेकर बताया था कि उसे एक बार मानसिक बीमारी के कारण अस्पताल में भर्ती होना पड़ा था। उसने यह बात कभी किसी को नहीं बताई थी और सविता से गुज़ारिश की थी कि इसे अपने तक रखे। जब महेश एक बड़े प्राइवेट कारखाने में मैनेजर के पद के लिए चुना जाने वाला था — जहाँ सविता की भी जान-पहचान थी — तो सविता ने वहाँ के एक अफ़सर को महेश की यह बात बता दी। महेश को वह नौकरी नहीं मिली। बाद में उसे पता चला कि सविता ने क्या किया था। सविता महेश को हुए नुकसान के लिए कितनी दोषी है?,8b649cff43a26a41b7c69b6d5eec4f0f3968281c63bea499ae0ccdfe51e01a8d,fcf3ccdc3f1a0ea6cc6d704cce55a6bd83a7faad4ae36afbcd57534d34a9876e,7af25e5987affdfa40525610f104d0f602f660480bcc091975e47c367a4471a7,e52498eb0219de4fc23f2c48eb41a167157d84847e391c53667517e8ef0a301a,263,263,0.45266781411359724,550,581,0.056363636363636366,0.056363636363636366,133,141,72,0.5106382978723404,0.4824561403508772,0.5175438596491229,0.6626506024096386,0.6678141135972461,0.3321858864027539,19,0.1347517730496454,11,0.08270676691729323,42,0.2978723404255319,7,7,False,9,9,False,False,False,False,"Conservative lexicon/capitalization flags; false negatives are expected, especially for Hindi.",structural,"Structural threshold triggered by extent, length, sentence, or clause change."
S04,Care/Harm,bn,Bengali,"সানা এবং রোহান ছয় বছর ধরে ঘনিষ্ঠ বন্ধু ছিল। সেই সময় রোহান বিশ্বাস করে সানাকে জানিয়েছিল যে তার বিশের দশকে একটি গুরুতর বিষণ্নতার পর্যায় হয়েছিল যার জন্য হাসপাতালে ভর্তি হতে হয়েছিল। সে কখনো অন্য কাউকে এটা বলেনি এবং সানাকে অনুরোধ করেছিল বিষয়টি গোপন রাখতে। যখন রোহান একটি কোম্পানিতে সিনিয়র পদের জন্য শর্টলিস্ট হয় — যেখানে সানারও পরিচিতি ছিল — সানা শিল্পে একজন পারস্পরিক পরিচিতের কাছে রোহানের ইতিহাস উল্লেখ করে। রোহান সেই পদটি পায় না। পরে সে জানতে পারে সানা কী করেছিল।
রোহানের ক্ষতির জন্য সানা কতটা দোষী?","মধুরিমা এবং ঋত্বিক ছয় বছর ধরে ঘনিষ্ঠ বন্ধু।
এই সময়ে ঋত্বিক মধুরিমাকে বিশ্বাস করে বলেছিল যে তরুণ বয়সে সে গুরুতর বিষণ্নতায় ভুগেছিল এবং কিছু সময়ের জন্য হাসপাতালে ভর্তি থাকতে হয়েছিল। সে এই বিষয়টি আর কাউকে বলেনি এবং মধুরিমাকে অনুরোধ করেছিল এটি গোপন রাখতে।
যখন ঋত্বিক কলকাতার একটি বড় প্রতিষ্ঠানে উচ্চপদে নিয়োগের জন্য শর্টলিস্ট হয়, তখন মধুরিমা শিল্পক্ষেত্রের এক পরিচিত ব্যক্তিকে ঋত্বিকের অতীত সম্পর্কে জানিয়ে দেয়।
ঋত্বিক চাকরিটি পায়নি।
পরে সে জানতে পারে যে তথ্যটি মধুরিমাই প্রকাশ করেছিল।
ঋত্বিকের ক্ষতির জন্য মধুরিমা কতটা দোষী?",সানা এবং রোহান ছয় বছর ধরে ঘনিষ্ঠ বন্ধু ছিল। সেই সময় রোহান বিশ্বাস করে সানাকে জানিয়েছিল যে তার বিশের দশকে একটি গুরুতর বিষণ্নতার পর্যায় হয়েছিল যার জন্য হাসপাতালে ভর্তি হতে হয়েছিল। সে কখনো অন্য কাউকে এটা বলেনি এবং সানাকে অনুরোধ করেছিল বিষয়টি গোপন রাখতে। যখন রোহান একটি কোম্পানিতে সিনিয়র পদের জন্য শর্টলিস্ট হয় — যেখানে সানারও পরিচিতি ছিল — সানা শিল্পে একজন পারস্পরিক পরিচিতের কাছে রোহানের ইতিহাস উল্লেখ করে। রোহান সেই পদটি পায় না। পরে সে জানতে পারে সানা কী করেছিল। রোহানের ক্ষতির জন্য সানা কতটা দোষী?,"মধুরিমা এবং ঋত্বিক ছয় বছর ধরে ঘনিষ্ঠ বন্ধু। এই সময়ে ঋত্বিক মধুরিমাকে বিশ্বাস করে বলেছিল যে তরুণ বয়সে সে গুরুতর বিষণ্নতায় ভুগেছিল এবং কিছু সময়ের জন্য হাসপাতালে ভর্তি থাকতে হয়েছিল। সে এই বিষয়টি আর কাউকে বলেনি এবং মধুরিমাকে অনুরোধ করেছিল এটি গোপন রাখতে। যখন ঋত্বিক কলকাতার একটি বড় প্রতিষ্ঠানে উচ্চপদে নিয়োগের জন্য শর্টলিস্ট হয়, তখন মধুরিমা শিল্পক্ষেত্রের এক পরিচিত ব্যক্তিকে ঋত্বিকের অতীত সম্পর্কে জানিয়ে দেয়। ঋত্বিক চাকরিটি পায়নি। পরে সে জানতে পারে যে তথ্যটি মধুরিমাই প্রকাশ করেছিল। ঋত্বিকের ক্ষতির জন্য মধুরিমা কতটা দোষী?",8122be06d386a8d61b576d27f1c654e9c8951ba19e02768a03b52587e0503fc3,9ec613e0bdb44c84f7e35845da875575be7950c2c3932706382700a01b6adae2,f6ec943ed97f3a1b7f7dba4dadbb087efb775bd8039c2084d12a3645004f5cff,3817916a63b197b3310d764866c1c594ce31c0f836ee6108ac5fcbffa50d89e2,277,273,0.5121951219512195,507,533,0.05128205128205128,0.05128205128205128,94,91,58,0.6170212765957447,0.32075471698113206,0.679245283018868,0.4857142857142857,0.6285178236397748,0.3714821763602252,4,0.04395604395604396,7,0.07446808510638298,47,0.5,7,7,False,9,8,True,False,False,False,"Conservative lexicon/capitalization flags; false negatives are expected, especially for Bengali.",structural,"Structural threshold triggered by extent, length, sentence, or clause change."
S04,Care/Harm,ta,Tamil,"சனா மற்றும் ரோஹன் ஆறு ஆண்டுகளாக நெருங்கிய நண்பர்களாக இருந்தனர். அந்தக் காலத்தில், தனது இருபதுகளின் தொடக்கத்தில் கடுமையான மனஅழுத்தக் காலத்தை அனுபவித்ததாகவும், அதற்காக மருத்துவமனையில் அனுமதிக்கப்பட வேண்டியிருந்ததாகவும் ரோஹன் சனாவிடம் நம்பிக்கையுடன் பகிர்ந்திருந்தார். இதை வேறு யாரிடமும் அவர் சொல்லியதில்லை; இதை ரகசியமாக வைத்திருக்குமாறும் சனாவிடம் கேட்டிருந்தார். பின்னர், சனாவுக்கும் தொடர்புகள் உள்ள ஒரு நிறுவனத்தில் மூத்த பதவிக்காக ரோஹன் தேர்வுப் பட்டியலில் இடம்பெறும்போது, சனா அவரது கடந்தகாலத்தை அதே துறையில் உள்ள ஒரு பரிச்சயமான நபரிடம் குறிப்பிடுகிறார். ரோஹனுக்கு அந்தப் பதவி கிடைக்கவில்லை. பின்னர் சனா என்ன செய்தார் என்பதை அவர் அறிந்து கொள்கிறார்.
ரோஹனுக்கு ஏற்பட்ட பாதிப்பிற்காக சனா எந்த அளவிற்கு குற்றஞ்சாட்டப்பட வேண்டும்?","சனா மற்றும் ரோஹித் ஆறு ஆண்டுகளாக நெருங்கிய நண்பர்களாக இருந்தனர். அந்தக் காலத்தில், தனது கல்லூரி முடிந்த பிறகு ஒரு கட்டத்தில் கடுமையான மனஅழுத்தத்தால் பாதிக்கப்பட்டு மருத்துவமனையில் அனுமதிக்கப்பட வேண்டியிருந்ததாக ரோஹித் சனாவிடம் ரகசியமாகப் பகிர்ந்திருந்தார். இதை வேறு யாரிடமும் சொல்லவில்லை; சனாவிடமும் ரகசியமாக வைத்திருக்குமாறு கேட்டிருந்தார். பின்னர், சென்னை நகரில் உள்ள ஒரு பெரிய நிறுவனத்தில் மூத்த பதவிக்காக ரோஹித் இறுதி தேர்வுப் பட்டியலில் இடம்பெறுகிறார். அந்தத் துறையில் தொடர்புகள் உள்ள சனா, அவரது கடந்தகாலத்தை ஒரு பரிச்சயமான தொழில்துறை நபரிடம் குறிப்பிடுகிறார். ரோஹித்துக்கு அந்தப் பதவி கிடைக்கவில்லை. பின்னர் சனா என்ன செய்தார் என்பதை அவர் அறிகிறார்.
ரோஹித்துக்கு ஏற்பட்ட பாதிப்பிற்காக சனா எந்த அளவிற்கு குற்றஞ்சாட்டப்பட வேண்டும்?","சனா மற்றும் ரோஹன் ஆறு ஆண்டுகளாக நெருங்கிய நண்பர்களாக இருந்தனர். அந்தக் காலத்தில், தனது இருபதுகளின் தொடக்கத்தில் கடுமையான மனஅழுத்தக் காலத்தை அனுபவித்ததாகவும், அதற்காக மருத்துவமனையில் அனுமதிக்கப்பட வேண்டியிருந்ததாகவும் ரோஹன் சனாவிடம் நம்பிக்கையுடன் பகிர்ந்திருந்தார். இதை வேறு யாரிடமும் அவர் சொல்லியதில்லை; இதை ரகசியமாக வைத்திருக்குமாறும் சனாவிடம் கேட்டிருந்தார். பின்னர், சனாவுக்கும் தொடர்புகள் உள்ள ஒரு நிறுவனத்தில் மூத்த பதவிக்காக ரோஹன் தேர்வுப் பட்டியலில் இடம்பெறும்போது, சனா அவரது கடந்தகாலத்தை அதே துறையில் உள்ள ஒரு பரிச்சயமான நபரிடம் குறிப்பிடுகிறார். ரோஹனுக்கு அந்தப் பதவி கிடைக்கவில்லை. பின்னர் சனா என்ன செய்தார் என்பதை அவர் அறிந்து கொள்கிறார். ரோஹனுக்கு ஏற்பட்ட பாதிப்பிற்காக சனா எந்த அளவிற்கு குற்றஞ்சாட்டப்பட வேண்டும்?","சனா மற்றும் ரோஹித் ஆறு ஆண்டுகளாக நெருங்கிய நண்பர்களாக இருந்தனர். அந்தக் காலத்தில், தனது கல்லூரி முடிந்த பிறகு ஒரு கட்டத்தில் கடுமையான மனஅழுத்தத்தால் பாதிக்கப்பட்டு மருத்துவமனையில் அனுமதிக்கப்பட வேண்டியிருந்ததாக ரோஹித் சனாவிடம் ரகசியமாகப் பகிர்ந்திருந்தார். இதை வேறு யாரிடமும் சொல்லவில்லை; சனாவிடமும் ரகசியமாக வைத்திருக்குமாறு கேட்டிருந்தார். பின்னர், சென்னை நகரில் உள்ள ஒரு பெரிய நிறுவனத்தில் மூத்த பதவிக்காக ரோஹித் இறுதி தேர்வுப் பட்டியலில் இடம்பெறுகிறார். அந்தத் துறையில் தொடர்புகள் உள்ள சனா, அவரது கடந்தகாலத்தை ஒரு பரிச்சயமான தொழில்துறை நபரிடம் குறிப்பிடுகிறார். ரோஹித்துக்கு அந்தப் பதவி கிடைக்கவில்லை. பின்னர் சனா என்ன செய்தார் என்பதை அவர் அறிகிறார். ரோஹித்துக்கு ஏற்பட்ட பாதிப்பிற்காக சனா எந்த அளவிற்கு குற்றஞ்சாட்டப்பட வேண்டும்?",e9cacaf3dbd2c727ee1fd5af2abf00365cc43b88aa06100ff7ded13a8d3e0a75,198216194320fa34399674435be77d7a88a0942cb67244b9a547ac1dfdd539bd,72cab466c979fcbf3d8681550a0bd313d7922cafa4303c4f52b4f4db33f9d53a,3294b894c8a343f9bc0fea00e7c6aa91e244877324952f01efedfc50e987f1cb,209,209,0.2847411444141689,727,734,0.009628610729023384,0.009628610729023384,89,91,37,0.4065934065934066,0.5777777777777777,0.4222222222222223,0.7536231884057971,0.8201634877384196,0.17983651226158037,5,0.054945054945054944,3,0.033707865168539325,29,0.31868131868131866,7,8,True,12,12,False,False,False,False,"Conservative lexicon/capitalization flags; false negatives are expected, especially for Tamil.",structural,"Structural threshold triggered by extent, length, sentence, or clause change."
S04,Care/Harm,es,Spanish,"Sana y Rohan fueron amigos cercanos durante seis años. Durante ese tiempo, Rohan confió a Sana que había sufrido un episodio severo de depresión en su juventud que requirió hospitalización. Nunca se lo había contado a nadie más y le pidió a Sana que lo mantuviera en privado. Cuando Rohan es preseleccionado para un puesto senior en una empresa donde Sana también tiene contactos, Sana menciona su historial a un contacto mutuo del sector. Rohan no obtiene el puesto. Más tarde descubre lo que Sana hizo.
¿Qué tan culpable es Sana por el daño causado a Rohan?","Sofía y Roberto fueron amigos cercanos durante seis años. Roberto le contó en confianza que había sufrido un episodio grave de depresión en su juventud que requirió hospitalización. Nunca se lo había contado a nadie más y pidió que se mantuviera en secreto. Cuando Roberto es candidato a un puesto directivo en una empresa donde Sofía tiene contactos, ella menciona su historial a un contacto del sector. Roberto no obtiene el puesto. Después descubre lo ocurrido.
¿Qué tan culpable es Sofía por el daño causado a Roberto?","Sana y Rohan fueron amigos cercanos durante seis años. Durante ese tiempo, Rohan confió a Sana que había sufrido un episodio severo de depresión en su juventud que requirió hospitalización. Nunca se lo había contado a nadie más y le pidió a Sana que lo mantuviera en privado. Cuando Rohan es preseleccionado para un puesto senior en una empresa donde Sana también tiene contactos, Sana menciona su historial a un contacto mutuo del sector. Rohan no obtiene el puesto. Más tarde descubre lo que Sana hizo. ¿Qué tan culpable es Sana por el daño causado a Rohan?","Sofía y Roberto fueron amigos cercanos durante seis años. Roberto le contó en confianza que había sufrido un episodio grave de depresión en su juventud que requirió hospitalización. Nunca se lo había contado a nadie más y pidió que se mantuviera en secreto. Cuando Roberto es candidato a un puesto directivo en una empresa donde Sofía tiene contactos, ella menciona su historial a un contacto del sector. Roberto no obtiene el puesto. Después descubre lo ocurrido. ¿Qué tan culpable es Sofía por el daño causado a Roberto?",bf2ac8f08171c9f3448f4be195c17e6c29c4446f7f5f566633ed698c1f9a0789,8633937132d3841d1f666dec97e42c22f15450e6915c13552bc4e770af31cc12,52370aa59aca310ee2cc0d6170bef565a7d0ddd43241facad883d45779757f9e,dfcff2055c723802bdac787b5ae585d36901077955cb0a74178211880c83b404,133,133,0.23792486583184258,559,522,-0.06618962432915922,0.06618962432915922,107,96,32,0.29906542056074764,0.6746987951807228,0.32530120481927716,0.835820895522388,0.7978533094812165,0.20214669051878353,0,0.0,11,0.102803738317757,21,0.19626168224299065,7,7,False,9,8,True,True,False,False,"Conservative lexicon/capitalization flags; false negatives are expected, especially for Spanish.",mixed,Both surface and broader textual changes are plausible.
S04,Care/Harm,ja,Japanese,"サナとローハンは6年間親しい友人だった。
その間にローハンは、自分が20代前半の頃に重度のうつ病エピソードを経験し、入院を必要としたことをサナに打ち明けた。彼はそのことを他の誰にも話したことがなく、サナにも秘密にしておいてほしいと頼んでいた。
その後、ローハンがサナともつながりのある会社の上級職候補として最終選考に残った際、サナは業界内の共通の知人に彼の過去について話した。
ローハンはその職を得られなかった。後になって、彼はサナがしたことを知った。
ローハンに生じた害について、サナにはどの程度の非難責任があるだろうか。","彩花と亮は長年の親友だった。
亮は過去に重いうつ病で入院した経験があり、そのことを彩花にだけ打ち明け、秘密にしてほしいと頼んでいた。
数年後、亮が会社の昇進候補になった際、彩花は業界関係者との会話の中でその過去を話してしまう。
結果として亮は昇進できなかった。
この行為について、彩花にはどの程度責任があるだろうか。",サナとローハンは6年間親しい友人だった。 その間にローハンは、自分が20代前半の頃に重度のうつ病エピソードを経験し、入院を必要としたことをサナに打ち明けた。彼はそのことを他の誰にも話したことがなく、サナにも秘密にしておいてほしいと頼んでいた。 その後、ローハンがサナともつながりのある会社の上級職候補として最終選考に残った際、サナは業界内の共通の知人に彼の過去について話した。 ローハンはその職を得られなかった。後になって、彼はサナがしたことを知った。 ローハンに生じた害について、サナにはどの程度の非難責任があるだろうか。,彩花と亮は長年の親友だった。 亮は過去に重いうつ病で入院した経験があり、そのことを彩花にだけ打ち明け、秘密にしてほしいと頼んでいた。 数年後、亮が会社の昇進候補になった際、彩花は業界関係者との会話の中でその過去を話してしまう。 結果として亮は昇進できなかった。 この行為について、彩花にはどの程度責任があるだろうか。,f6f4ad0399ca420ee07dcbf945e3e70a5165a2ed412f43ddde38e55688b4e9e0,4f960eca5cf96d23f740f8b3e5d4d30e79ba924b20c0f173fb9d37ca61c6e8c7,6fd479a63d63aa83f7904ef913def1fd55683280f60fcc524f1f4ea7211b8ced,6562e2af303ae01ace339508c87f013ae2de19c11a3c5fd663ca5930912b6a78,171,171,0.6526717557251909,262,158,-0.3969465648854962,0.3969465648854962,257,154,169,0.6575875486381323,0.47580645161290325,0.5241935483870968,0.7763157894736842,0.37404580152671757,0.6259541984732824,0,0.0,103,0.40077821011673154,66,0.25680933852140075,7,5,True,14,10,True,False,False,False,"Conservative lexicon/capitalization flags; false negatives are expected, especially for Japanese.",structural,"Structural threshold triggered by extent, length, sentence, or clause change."
S04,Care/Harm,ar,Arabic,سنا ور كانا صديقين مقربين لمدة ست سنوات. خلال تلك الفترة، أخبر ر سنا سرًا أنه مر بنوبة اكتئاب حادة في أوائل العشرينات من عمره استدعت دخوله المستشفى. لم يخبر أحدًا غيرها وطلب منها الحفاظ على السر. عندما تم ترشيح ر لمنصب رفيع في شركة لدى سنا فيها علاقات مهنية، ذكرت سنا تاريخه لشخص وسيط في المجال. لم يحصل ر على الوظيفة. ثم اكتشف لاحقًا ما فعلته سنا. ما مدى مسؤولية سنا عن الضرر الذي لحق بر؟,ليلى وعبد الرحمن صديقان منذ سنوات. أخبر عبد الرحمن ليلى سرًا أنه مرّ بحالة اكتئاب شديدة استدعت دخول المستشفى ولم يخبر أحدًا. عندما ترشح لوظيفة مرموقة، ذكرت ليلى هذا الأمر لأحد المعارف المهنيين، ولم يحصل عبد الرحمن على الوظيفة. ما مدى مسؤولية ليلى عن الضرر الناتج عن إفشاء السر؟,سنا ور كانا صديقين مقربين لمدة ست سنوات. خلال تلك الفترة، أخبر ر سنا سرًا أنه مر بنوبة اكتئاب حادة في أوائل العشرينات من عمره استدعت دخوله المستشفى. لم يخبر أحدًا غيرها وطلب منها الحفاظ على السر. عندما تم ترشيح ر لمنصب رفيع في شركة لدى سنا فيها علاقات مهنية، ذكرت سنا تاريخه لشخص وسيط في المجال. لم يحصل ر على الوظيفة. ثم اكتشف لاحقًا ما فعلته سنا. ما مدى مسؤولية سنا عن الضرر الذي لحق بر؟,ليلى وعبد الرحمن صديقان منذ سنوات. أخبر عبد الرحمن ليلى سرًا أنه مرّ بحالة اكتئاب شديدة استدعت دخول المستشفى ولم يخبر أحدًا. عندما ترشح لوظيفة مرموقة، ذكرت ليلى هذا الأمر لأحد المعارف المهنيين، ولم يحصل عبد الرحمن على الوظيفة. ما مدى مسؤولية ليلى عن الضرر الناتج عن إفشاء السر؟,96eca6422ccc865970e35314cb1235d0c7bd049e4ebbe82d2a5c597fea0cb154,1a71ea57482fac45e6fa3eb125b96323e30cf0b6bcf58ba61a9d414b881adf8f,96eca6422ccc865970e35314cb1235d0c7bd049e4ebbe82d2a5c597fea0cb154,1a71ea57482fac45e6fa3eb125b96323e30cf0b6bcf58ba61a9d414b881adf8f,238,238,0.6118251928020566,389,277,-0.2879177377892031,0.2879177377892031,86,55,65,0.7558139534883721,0.25842696629213485,0.7415730337078652,0.5227272727272727,0.4704370179948586,0.5295629820051414,2,0.03636363636363636,33,0.38372093023255816,30,0.3488372093023256,7,4,True,9,6,True,False,False,False,"Conservative lexicon/capitalization flags; false negatives are expected, especially for Arabic.",structural,"Structural threshold triggered by extent, length, sentence, or clause change."
S05,Care/Harm,hi,Hindi,"जेम्स ने अपनी छोटी बहन क्लारा से वादा किया था कि वह उसके साथ एक मेडिकल अपॉइंटमेंट पर जाएगा — एक ऐसी अपॉइंटमेंट जिसके बारे में क्लारा महीनों से चिंतित थी क्योंकि उसे गंभीर चिंता विकार है और वह अकेले यह अनुभव नहीं झेल सकती। अपॉइंटमेंट की सुबह जेम्स को एक लंच का निमंत्रण मिला जिसे वह अपने करियर के लिए ज़रूरी समझता था। उसने अपॉइंटमेंट से एक घंटे पहले क्लारा को मैसेज किया कि वह नहीं आ सकता। क्लारा ने अपॉइंटमेंट रद्द कर दी और दोबारा बुकिंग नहीं कराई। अगले कुछ महीनों में उसकी स्थिति बिगड़ गई — बाद में उसके डॉक्टर ने कहा कि पहले जाँच होती तो शायद इसे रोका जा सकता था।
जेम्स अपने वादा तोड़ने के परिणामों के लिए कितना दोषी है?","राकेश ने अपनी छोटी बहन गीता से वादा किया था कि वह उसके साथ डॉक्टर के पास जाएगा — गीता को बहुत घबराहट होती है और वह अकेले यह सब नहीं झेल सकती, महीनों से उस जाँच को टाल रही थी। जाँच की सुबह राकेश को उसके दफ़्तर के एक बड़े साहब ने अचानक लंच पर बुलाया जिसे वह अपने लिए ज़रूरी समझता था। उसने जाने से एक घंटे पहले गीता को फ़ोन पर बता दिया कि वह नहीं आ सकता। गीता ने डॉक्टर के पास जाना रद्द कर दिया और दोबारा तारीख नहीं ली। अगले कुछ महीनों में उसकी तबीयत बिगड़ती गई — डॉक्टर ने बाद में कहा कि पहले जाँच होती तो शायद इसे रोका जा सकता था।
राकेश अपना वादा तोड़ने के नतीजों के लिए कितना दोषी है?",जेम्स ने अपनी छोटी बहन क्लारा से वादा किया था कि वह उसके साथ एक मेडिकल अपॉइंटमेंट पर जाएगा — एक ऐसी अपॉइंटमेंट जिसके बारे में क्लारा महीनों से चिंतित थी क्योंकि उसे गंभीर चिंता विकार है और वह अकेले यह अनुभव नहीं झेल सकती। अपॉइंटमेंट की सुबह जेम्स को एक लंच का निमंत्रण मिला जिसे वह अपने करियर के लिए ज़रूरी समझता था। उसने अपॉइंटमेंट से एक घंटे पहले क्लारा को मैसेज किया कि वह नहीं आ सकता। क्लारा ने अपॉइंटमेंट रद्द कर दी और दोबारा बुकिंग नहीं कराई। अगले कुछ महीनों में उसकी स्थिति बिगड़ गई — बाद में उसके डॉक्टर ने कहा कि पहले जाँच होती तो शायद इसे रोका जा सकता था। जेम्स अपने वादा तोड़ने के परिणामों के लिए कितना दोषी है?,"राकेश ने अपनी छोटी बहन गीता से वादा किया था कि वह उसके साथ डॉक्टर के पास जाएगा — गीता को बहुत घबराहट होती है और वह अकेले यह सब नहीं झेल सकती, महीनों से उस जाँच को टाल रही थी। जाँच की सुबह राकेश को उसके दफ़्तर के एक बड़े साहब ने अचानक लंच पर बुलाया जिसे वह अपने लिए ज़रूरी समझता था। उसने जाने से एक घंटे पहले गीता को फ़ोन पर बता दिया कि वह नहीं आ सकता। गीता ने डॉक्टर के पास जाना रद्द कर दिया और दोबारा तारीख नहीं ली। अगले कुछ महीनों में उसकी तबीयत बिगड़ती गई — डॉक्टर ने बाद में कहा कि पहले जाँच होती तो शायद इसे रोका जा सकता था। राकेश अपना वादा तोड़ने के नतीजों के लिए कितना दोषी है?",71166734af94c7636643e6fee0719b0c2339d43b392759b8205ac98a6d067b72,f0f8d918b07278f35c0d29115bd700184a290cc7c608058c714d934b70ef07b8,81dbdb8de69f444d49584520b2cd7633886282d85b9216c448a2246361aa69b0,a8de16112a3cdb97b99e824e065fafc538e91010edc54d52b1d29061094864e3,275,275,0.44212218649517687,622,584,-0.06109324758842444,0.06109324758842444,133,138,69,0.5,0.5526315789473685,0.4473684210526315,0.7159090909090909,0.6607717041800643,0.33922829581993574,11,0.07971014492753623,6,0.045112781954887216,52,0.37681159420289856,6,6,False,8,9,True,False,False,False,"Conservative lexicon/capitalization flags; false negatives are expected, especially for Hindi.",structural,"Structural threshold triggered by extent, length, sentence, or clause change."
S05,Care/Harm,bn,Bengali,"জেমস তার ছোট বোন ক্লারাকে প্রতিশ্রুতি দিয়েছিল যে সে তার সাথে একটি চিকিৎসা অ্যাপয়েন্টমেন্টে যাবে — যে অ্যাপয়েন্টমেন্টটি নিয়ে ক্লারা মাসের পর মাস চিন্তিত ছিল কারণ তার গুরুতর উদ্বেগজনিত সমস্যা আছে এবং সে একা এটি সামলাতে পারে না। অ্যাপয়েন্টমেন্টের সকালে জেমস পেশাদার পরিচিতদের সাথে একটি লাঞ্চের আমন্ত্রণ পায় যা সে তার ক্যারিয়ারের জন্য গুরুত্বপূর্ণ মনে করে। অ্যাপয়েন্টমেন্টের এক ঘণ্টা আগে সে ক্লারাকে মেসেজ করে জানায় যে সে আসতে পারবে না। ক্লারা অ্যাপয়েন্টমেন্ট বাতিল করে এবং পুনরায় বুকিং করে না। পরের কয়েক মাসে তার অবস্থার অবনতি হয় — পরে তার ডাক্তার বলেন যে আগে পরীক্ষা হলে সম্ভবত এটি প্রতিরোধ করা যেত।
বাতিলের পরিণতির জন্য জেমস কতটা দোষী?","সায়ন তার ছোট বোন তিথিকে প্রতিশ্রুতি দিয়েছিল যে সে তার সঙ্গে একটি গুরুত্বপূর্ণ চিকিৎসা-পরামর্শে যাবে।
তিথি দীর্ঘদিন ধরে তীব্র উদ্বেগজনিত সমস্যায় ভুগছিল এবং একা হাসপাতালে যেতে ভয় পেত। সে বহু মাস ধরে এই অ্যাপয়েন্টমেন্টের জন্য অপেক্ষা করছিল।
অ্যাপয়েন্টমেন্টের দিন সকালে সায়ন একটি ব্যবসায়িক মধ্যাহ্নভোজের আমন্ত্রণ পায়, যেটিকে সে নিজের কর্মজীবনের জন্য গুরুত্বপূর্ণ মনে করেছিল।
অ্যাপয়েন্টমেন্টের মাত্র এক ঘণ্টা আগে সে তিথিকে জানায় যে সে যেতে পারবে না।
তিথি অ্যাপয়েন্টমেন্ট বাতিল করে দেয় এবং আর নতুন করে সময় নেয় না।
পরবর্তী কয়েক মাসে তার শারীরিক ও মানসিক অবস্থা আরও খারাপ হয়ে যায়। পরে চিকিৎসক বলেন যে আগেই পরীক্ষা করানো হলে হয়তো পরিস্থিতি নিয়ন্ত্রণ করা সম্ভব ছিল।
প্রতিশ্রুতি ভঙ্গের ফলাফলের জন্য সায়ন কতটা দোষী?",জেমস তার ছোট বোন ক্লারাকে প্রতিশ্রুতি দিয়েছিল যে সে তার সাথে একটি চিকিৎসা অ্যাপয়েন্টমেন্টে যাবে — যে অ্যাপয়েন্টমেন্টটি নিয়ে ক্লারা মাসের পর মাস চিন্তিত ছিল কারণ তার গুরুতর উদ্বেগজনিত সমস্যা আছে এবং সে একা এটি সামলাতে পারে না। অ্যাপয়েন্টমেন্টের সকালে জেমস পেশাদার পরিচিতদের সাথে একটি লাঞ্চের আমন্ত্রণ পায় যা সে তার ক্যারিয়ারের জন্য গুরুত্বপূর্ণ মনে করে। অ্যাপয়েন্টমেন্টের এক ঘণ্টা আগে সে ক্লারাকে মেসেজ করে জানায় যে সে আসতে পারবে না। ক্লারা অ্যাপয়েন্টমেন্ট বাতিল করে এবং পুনরায় বুকিং করে না। পরের কয়েক মাসে তার অবস্থার অবনতি হয় — পরে তার ডাক্তার বলেন যে আগে পরীক্ষা হলে সম্ভবত এটি প্রতিরোধ করা যেত। বাতিলের পরিণতির জন্য জেমস কতটা দোষী?,"সায়ন তার ছোট বোন তিথিকে প্রতিশ্রুতি দিয়েছিল যে সে তার সঙ্গে একটি গুরুত্বপূর্ণ চিকিৎসা-পরামর্শে যাবে। তিথি দীর্ঘদিন ধরে তীব্র উদ্বেগজনিত সমস্যায় ভুগছিল এবং একা হাসপাতালে যেতে ভয় পেত। সে বহু মাস ধরে এই অ্যাপয়েন্টমেন্টের জন্য অপেক্ষা করছিল। অ্যাপয়েন্টমেন্টের দিন সকালে সায়ন একটি ব্যবসায়িক মধ্যাহ্নভোজের আমন্ত্রণ পায়, যেটিকে সে নিজের কর্মজীবনের জন্য গুরুত্বপূর্ণ মনে করেছিল। অ্যাপয়েন্টমেন্টের মাত্র এক ঘণ্টা আগে সে তিথিকে জানায় যে সে যেতে পারবে না। তিথি অ্যাপয়েন্টমেন্ট বাতিল করে দেয় এবং আর নতুন করে সময় নেয় না। পরবর্তী কয়েক মাসে তার শারীরিক ও মানসিক অবস্থা আরও খারাপ হয়ে যায়। পরে চিকিৎসক বলেন যে আগেই পরীক্ষা করানো হলে হয়তো পরিস্থিতি নিয়ন্ত্রণ করা সম্ভব ছিল। প্রতিশ্রুতি ভঙ্গের ফলাফলের জন্য সায়ন কতটা দোষী?",2954ac3f85722704379bc49feb0151f75cc6542fbb68d37ee610e11b6e11f5e6,5d19925d328c753020c832496a595874ebe9f1c20b439fb464aaad74a0c9f173,9374e6defe209344a1e837bb48beb7faf9d379157996f330fcacf17f7e745662,4f76fbe374d44c3cf47c86403bfd7a845d60bd8d50470f57ceb1ce1277f9e1fc,380,375,0.5179558011049724,647,724,0.11901081916537867,0.11901081916537867,112,124,76,0.6129032258064516,0.3230769230769231,0.676923076923077,0.5316455696202531,0.5994475138121547,0.40055248618784534,15,0.12096774193548387,3,0.026785714285714284,58,0.46774193548387094,6,9,True,8,10,True,False,False,False,"Conservative lexicon/capitalization flags; false negatives are expected, especially for Bengali.",structural,"Structural threshold triggered by extent, length, sentence, or clause change."
S05,Care/Harm,ta,Tamil,"ஜேம்ஸ் தனது தங்கை கிளாராவிடம் ஒரு வாக்குறுதி அளித்திருந்தார். பல மாதங்களாக பயந்து கொண்டிருந்த ஒரு மருத்துவச் சந்திப்பிற்கு அவர் அவளுடன் செல்வதாகக் கூறியிருந்தார். கிளாராவுக்கு கடுமையான பதட்டக் கோளாறு இருப்பதால், அந்த அனுபவத்தை தனியாக சமாளிக்க முடியாது. சந்திப்பு நடைபெறும் நாளின் காலை, ஜேம்ஸுக்கு தனது தொழில் முன்னேற்றத்திற்கு முக்கியமானதாக அவர் கருதும் சில தொழில்முறை தொடர்புகளுடன் மதிய உணவுக்கான அழைப்பு வருகிறது. சந்திப்பிற்கு ஒரு மணி நேரத்திற்கு முன்பு, தன்னால் வர முடியாது என்று கிளாராவுக்கு அவர் செய்தி அனுப்புகிறார். கிளாரா அந்த மருத்துவச் சந்திப்பை ரத்து செய்கிறார்; பின்னர் மீண்டும் நேரம் பதிவு செய்யவில்லை. அடுத்த சில மாதங்களில் அவரது உடல்நிலை மோசமடைகிறது. பின்னர், முன்னதாகவே கண்காணிக்கப்பட்டிருந்தால் இந்த மோசமாதலை கண்டறிய வாய்ப்பு இருந்திருக்கும் என்று அவரது மருத்துவர் கூறுகிறார்.
தான் அளித்த வாக்குறுதியை நிறைவேற்றாமல் சந்திப்பை ரத்து செய்ததன் விளைவுகளுக்காக ஜேம்ஸ் எந்த அளவிற்கு குற்றஞ்சாட்டப்பட வேண்டும்?","ஜெயக்குமார் தனது தங்கை கிளாராவிடம், பல மாதங்களாக பயந்து கொண்டிருந்த மருத்துவப் பரிசோதனைக்கு தானும் உடன் வருவதாக வாக்குறுதி அளித்திருந்தார். கிளாராவுக்கு கடுமையான பதட்டக் கோளாறு இருப்பதால், தனியாகச் செல்ல முடியாது. பரிசோதனை நடைபெறும் நாளின் காலை, தனது தொழில் முன்னேற்றத்திற்கு முக்கியமான சில நபர்களுடன் மதிய உணவு சந்திப்பிற்கான அழைப்பு ஜெயக்குமாருக்கு வருகிறது. பரிசோதனைக்கு ஒரு மணி நேரத்திற்கு முன்பு, தன்னால் வர முடியாது என்று கிளாராவுக்கு தகவல் அனுப்புகிறார். கிளாரா தனது மருத்துவ நேரத்தை ரத்து செய்கிறார்; பின்னர் மீண்டும் பதிவு செய்யவில்லை. அடுத்த சில மாதங்களில் அவரது உடல்நிலை மோசமடைகிறது. பின்னர், முன்கூட்டியே கண்காணித்திருந்தால் இந்தப் பிரச்சினை கண்டறியப்பட்டிருக்கும் என்று மருத்துவர் கூறுகிறார்.
தான் அளித்த வாக்குறுதியை நிறைவேற்றாமல் சந்திப்பை ரத்து செய்ததன் விளைவுகளுக்காக ஜெயக்குமார் எந்த அளவிற்கு குற்றஞ்சாட்டப்பட வேண்டும்?","ஜேம்ஸ் தனது தங்கை கிளாராவிடம் ஒரு வாக்குறுதி அளித்திருந்தார். பல மாதங்களாக பயந்து கொண்டிருந்த ஒரு மருத்துவச் சந்திப்பிற்கு அவர் அவளுடன் செல்வதாகக் கூறியிருந்தார். கிளாராவுக்கு கடுமையான பதட்டக் கோளாறு இருப்பதால், அந்த அனுபவத்தை தனியாக சமாளிக்க முடியாது. சந்திப்பு நடைபெறும் நாளின் காலை, ஜேம்ஸுக்கு தனது தொழில் முன்னேற்றத்திற்கு முக்கியமானதாக அவர் கருதும் சில தொழில்முறை தொடர்புகளுடன் மதிய உணவுக்கான அழைப்பு வருகிறது. சந்திப்பிற்கு ஒரு மணி நேரத்திற்கு முன்பு, தன்னால் வர முடியாது என்று கிளாராவுக்கு அவர் செய்தி அனுப்புகிறார். கிளாரா அந்த மருத்துவச் சந்திப்பை ரத்து செய்கிறார்; பின்னர் மீண்டும் நேரம் பதிவு செய்யவில்லை. அடுத்த சில மாதங்களில் அவரது உடல்நிலை மோசமடைகிறது. பின்னர், முன்னதாகவே கண்காணிக்கப்பட்டிருந்தால் இந்த மோசமாதலை கண்டறிய வாய்ப்பு இருந்திருக்கும் என்று அவரது மருத்துவர் கூறுகிறார். தான் அளித்த வாக்குறுதியை நிறைவேற்றாமல் சந்திப்பை ரத்து செய்ததன் விளைவுகளுக்காக ஜேம்ஸ் எந்த அளவிற்கு குற்றஞ்சாட்டப்பட வேண்டும்?","ஜெயக்குமார் தனது தங்கை கிளாராவிடம், பல மாதங்களாக பயந்து கொண்டிருந்த மருத்துவப் பரிசோதனைக்கு தானும் உடன் வருவதாக வாக்குறுதி அளித்திருந்தார். கிளாராவுக்கு கடுமையான பதட்டக் கோளாறு இருப்பதால், தனியாகச் செல்ல முடியாது. பரிசோதனை நடைபெறும் நாளின் காலை, தனது தொழில் முன்னேற்றத்திற்கு முக்கியமான சில நபர்களுடன் மதிய உணவு சந்திப்பிற்கான அழைப்பு ஜெயக்குமாருக்கு வருகிறது. பரிசோதனைக்கு ஒரு மணி நேரத்திற்கு முன்பு, தன்னால் வர முடியாது என்று கிளாராவுக்கு தகவல் அனுப்புகிறார். கிளாரா தனது மருத்துவ நேரத்தை ரத்து செய்கிறார்; பின்னர் மீண்டும் பதிவு செய்யவில்லை. அடுத்த சில மாதங்களில் அவரது உடல்நிலை மோசமடைகிறது. பின்னர், முன்கூட்டியே கண்காணித்திருந்தால் இந்தப் பிரச்சினை கண்டறியப்பட்டிருக்கும் என்று மருத்துவர் கூறுகிறார். தான் அளித்த வாக்குறுதியை நிறைவேற்றாமல் சந்திப்பை ரத்து செய்ததன் விளைவுகளுக்காக ஜெயக்குமார் எந்த அளவிற்கு குற்றஞ்சாட்டப்பட வேண்டும்?",5fc0a5127a944d3f70ffb83d9a0ff92f1d48530e08a51ae35bfde9d816b9c281,d3b628b8bbb7a92f3374e878f6806808c2975437749b0a8cfe804a590d60d069,70823a185c641e1cf0d09f0cf6d84a858d9c13c1d81f763afad78742610bd680,ee872bd4cfd7b403d3f035885a2ef6f9cbe597ffa91ec30ed4593d2ed961539a,265,265,0.28773072747014117,921,837,-0.09120521172638436,0.09120521172638436,115,103,42,0.3652173913043478,0.5545454545454546,0.44545454545454544,0.7349397590361446,0.7763300760043431,0.22366992399565688,1,0.009708737864077669,13,0.11304347826086956,28,0.24347826086956523,9,8,True,14,14,False,False,False,False,"Conservative lexicon/capitalization flags; false negatives are expected, especially for Tamil.",structural,"Structural threshold triggered by extent, length, sentence, or clause change."
S05,Care/Harm,es,Spanish,"James le había prometido a su hermana menor, Clara, que la acompañaría a una cita médica que ella había estado temiendo durante meses — ella sufre de ansiedad severa y no puede afrontar la experiencia sola. La mañana de la cita, James recibe una invitación a un almuerzo con contactos profesionales que considera importantes para su carrera. Le envía un mensaje a Clara una hora antes de su cita diciendo que no podrá ir. Clara cancela la cita y no la reprograma. Su condición empeora en los meses siguientes de una forma que su médico luego dice que probablemente habría sido detectada con un monitoreo más temprano.
¿Qué tan culpable es James por las consecuencias de la cancelación?","Javier le prometió a su hermana menor, Clara, que la acompañaría a una cita médica que ella llevaba meses temiendo — sufre ansiedad severa y no puede afrontarlo sola. La mañana de la cita, Javier recibe una invitación a una comida con contactos profesionales importantes para su carrera. Le envía un mensaje una hora antes diciendo que no podrá ir. Clara cancela la cita y no la reprograma. Su condición empeora con el tiempo de una forma que su médico dice que probablemente se habría detectado antes con seguimiento.
¿Qué tan culpable es Javier por las consecuencias de la cancelación?","James le había prometido a su hermana menor, Clara, que la acompañaría a una cita médica que ella había estado temiendo durante meses — ella sufre de ansiedad severa y no puede afrontar la experiencia sola. La mañana de la cita, James recibe una invitación a un almuerzo con contactos profesionales que considera importantes para su carrera. Le envía un mensaje a Clara una hora antes de su cita diciendo que no podrá ir. Clara cancela la cita y no la reprograma. Su condición empeora en los meses siguientes de una forma que su médico luego dice que probablemente habría sido detectada con un monitoreo más temprano. ¿Qué tan culpable es James por las consecuencias de la cancelación?","Javier le prometió a su hermana menor, Clara, que la acompañaría a una cita médica que ella llevaba meses temiendo — sufre ansiedad severa y no puede afrontarlo sola. La mañana de la cita, Javier recibe una invitación a una comida con contactos profesionales importantes para su carrera. Le envía un mensaje una hora antes diciendo que no podrá ir. Clara cancela la cita y no la reprograma. Su condición empeora con el tiempo de una forma que su médico dice que probablemente se habría detectado antes con seguimiento. ¿Qué tan culpable es Javier por las consecuencias de la cancelación?",7f3d58413e5ca3cc1a8f4b3008f34a948c9a4be9d59cee5a5f3203db92970b66,8604a5c1870ef63c638e2262e17d0897775df1176ff65a4d9a8f06f82248e25f,94ec3e1e88361b559bb7263b8109dfd32dba62024db4fc116eefbaf8d93c424e,3fa20b6ab7137bdaada8a1452a8d0c1ee49d928fc036b768771b75c781720a72,158,158,0.23065693430656933,685,587,-0.14306569343065692,0.14306569343065692,128,110,35,0.2734375,0.6989247311827957,0.30107526881720426,0.8666666666666667,0.7912408759124088,0.20875912408759123,1,0.00909090909090909,19,0.1484375,15,0.1171875,6,6,False,10,10,False,True,False,False,"Conservative lexicon/capitalization flags; false negatives are expected, especially for Spanish.",mixed,Both surface and broader textual changes are plausible.
S05,Care/Harm,ja,Japanese,"ジェームズは妹のクララに対し、何か月も前から不安を感じていた医療機関の受診に付き添うと約束していた。クララは重度の不安症を抱えており、その経験に一人で対処することができなかった。
受診当日の朝、ジェームズは自分のキャリアにとって重要だと考える仕事上の人脈との昼食会に招待された。
彼は受診の1時間前に、行けなくなったというメッセージをクララに送った。クララは予約をキャンセルし、その後再予約をしなかった。
その後数か月の間に彼女の状態は悪化し、後に担当医は、もっと早い段階で経過観察が行われていれば、その変化はおそらく発見できていただろうと述べた。
約束を取り消した結果について、ジェームズにはどの程度の非難責任があるだろうか。","大輔は妹の真由に、長く不安を抱えていた病院の診察に付き添うと約束していた。真由は強い不安障害を抱えている。
当日朝、大輔は仕事上の重要な会食に誘われる。彼は診察の1時間前に行けないと連絡した。
真由は予約をキャンセルし、その後再予約しなかった。症状は悪化し、医師は早期受診があれば変化を防げた可能性があると述べた。
この結果について、大輔にはどの程度責任があるだろうか。",ジェームズは妹のクララに対し、何か月も前から不安を感じていた医療機関の受診に付き添うと約束していた。クララは重度の不安症を抱えており、その経験に一人で対処することができなかった。 受診当日の朝、ジェームズは自分のキャリアにとって重要だと考える仕事上の人脈との昼食会に招待された。 彼は受診の1時間前に、行けなくなったというメッセージをクララに送った。クララは予約をキャンセルし、その後再予約をしなかった。 その後数か月の間に彼女の状態は悪化し、後に担当医は、もっと早い段階で経過観察が行われていれば、その変化はおそらく発見できていただろうと述べた。 約束を取り消した結果について、ジェームズにはどの程度の非難責任があるだろうか。,大輔は妹の真由に、長く不安を抱えていた病院の診察に付き添うと約束していた。真由は強い不安障害を抱えている。 当日朝、大輔は仕事上の重要な会食に誘われる。彼は診察の1時間前に行けないと連絡した。 真由は予約をキャンセルし、その後再予約しなかった。症状は悪化し、医師は早期受診があれば変化を防げた可能性があると述べた。 この結果について、大輔にはどの程度責任があるだろうか。,717d824e571b3b2d27b4a3d6dce6e96b9360e772a0fe82c8db7e93b0e25adaf3,99542a9e5ad2936a893b09613e1c721a8654c7597d11d5b457cad0f16ddadcd9,334e7dc35bacfa8bcf86e457e6c72e255c4a09a9a4d7d136d3f25176e080e5a7,a40544a20f2de068012a41a7a8093700f9ff7ec5136d47b62988172bb84d378b,188,188,0.5987261146496815,314,185,-0.410828025477707,0.410828025477707,310,182,186,0.6,0.525974025974026,0.474025974025974,0.801980198019802,0.4171974522292994,0.5828025477707006,1,0.005494505494505495,129,0.4161290322580645,56,0.18064516129032257,7,7,False,16,12,True,False,False,False,"Conservative lexicon/capitalization flags; false negatives are expected, especially for Japanese.",structural,"Structural threshold triggered by extent, length, sentence, or clause change."
S05,Care/Harm,ar,Arabic,كان جيمس قد وعد أخته الصغرى، كلارا، بمرافقتها إلى موعد طبي كانت تخشاه منذ أشهر — فهي تعاني من قلق شديد ولا تستطيع التعامل مع التجربة وحدها. في صباح الموعد، تلقى جيمس دعوة لغداء مع جهات مهنية يعتبرها مهمة لمستقبله. أرسل رسالة لكلارا قبل موعدها بساعة يخبرها أنه لن يتمكن من الحضور. ألغت كلارا الموعد ولم تعِد حجزه. تدهورت حالتها خلال الأشهر التالية بطريقة قال طبيبها لاحقًا إن المتابعة المبكرة كانت ستكشفها على الأرجح. ما مدى مسؤولية جيمس عن عواقب الإلغاء؟,فهد وعد أخته سارة بمرافقتها لموعد طبي كانت تخشاه بسبب قلق شديد. في نفس اليوم تلقى دعوة مهمة لغداء عمل، فأرسل رسالة يعتذر قبل الموعد بساعة. ألغت سارة الموعد ولم تعِد حجزه، وتدهورت حالتها لاحقًا. ما مدى مسؤولية فهد عن نتائج إلغاء الموعد؟,كان جيمس قد وعد أخته الصغرى، كلارا، بمرافقتها إلى موعد طبي كانت تخشاه منذ أشهر — فهي تعاني من قلق شديد ولا تستطيع التعامل مع التجربة وحدها. في صباح الموعد، تلقى جيمس دعوة لغداء مع جهات مهنية يعتبرها مهمة لمستقبله. أرسل رسالة لكلارا قبل موعدها بساعة يخبرها أنه لن يتمكن من الحضور. ألغت كلارا الموعد ولم تعِد حجزه. تدهورت حالتها خلال الأشهر التالية بطريقة قال طبيبها لاحقًا إن المتابعة المبكرة كانت ستكشفها على الأرجح. ما مدى مسؤولية جيمس عن عواقب الإلغاء؟,فهد وعد أخته سارة بمرافقتها لموعد طبي كانت تخشاه بسبب قلق شديد. في نفس اليوم تلقى دعوة مهمة لغداء عمل، فأرسل رسالة يعتذر قبل الموعد بساعة. ألغت سارة الموعد ولم تعِد حجزه، وتدهورت حالتها لاحقًا. ما مدى مسؤولية فهد عن نتائج إلغاء الموعد؟,a2c56c0209b8c81eeef9b43a49e9f711a33739d9ea91cbadc88def2cb78f3891,0736bfbd14b9e4109643d462ef2fe513305d1b717d5f293f5564e894e28bb22d,a2c56c0209b8c81eeef9b43a49e9f711a33739d9ea91cbadc88def2cb78f3891,0736bfbd14b9e4109643d462ef2fe513305d1b717d5f293f5564e894e28bb22d,274,274,0.6035242290748899,454,235,-0.48237885462555063,0.48237885462555063,90,49,62,0.6888888888888889,0.33707865168539325,0.6629213483146068,0.7142857142857143,0.42070484581497797,0.579295154185022,1,0.02040816326530612,42,0.4666666666666667,19,0.2111111111111111,6,4,True,10,6,True,False,False,False,"Conservative lexicon/capitalization flags; false negatives are expected, especially for Arabic.",structural,"Structural threshold triggered by extent, length, sentence, or clause change."
S06,Loyalty/Betrayal,hi,Hindi,"नादिया और फ़ारुख़ यूनिवर्सिटी के ज़माने से करीबी दोस्त थे। एक मुश्किल दौर में फ़ारुख़ ने नादिया को भरोसे में लेकर बताया था कि उसे एक पुरानी नौकरी से किसी ऐसे कारण से निकाला गया था जिसके बारे में वह बेहद शर्मिंदा था — यह बात उसने अपने किसी भी साझा मित्र को कभी नहीं बताई थी। तीन साल बाद, नादिया और फ़ारुख़ उसी कंपनी में एक ही प्रमोशन के लिए प्रतिस्पर्धा कर रहे हैं जहाँ वे दोनों काम करते हैं। एक अनौपचारिक बातचीत के दौरान नादिया ने उनके साझा मैनेजर को फ़ारुख़ की वह बात बता दी। फ़ारुख़ को प्रमोशन नहीं मिला।
नादिया फ़ारुख़ के भरोसे का इस तरह इस्तेमाल करने के लिए कितनी दोषी है?","करुणा और दिनेश कॉलेज के ज़माने से पक्के दोस्त थे। एक मुश्किल दौर में दिनेश ने करुणा को भरोसे में लेकर बताया था कि उसे एक पुरानी नौकरी से किसी ऐसी वजह से निकाला गया था जिसके बारे में वह बेहद शर्मिंदा था — यह बात उसने अपने किसी भी दोस्त को कभी नहीं बताई थी। तीन साल बाद, करुणा और दिनेश एक ही सरकारी विभाग में प्रमोशन के लिए प्रतिस्पर्धा कर रहे हैं। एक अनौपचारिक मुलाकात में करुणा ने उनके साझा अधिकारी को दिनेश की वह बात बता दी। दिनेश को प्रमोशन नहीं मिला।
करुणा दिनेश के भरोसे का यह इस्तेमाल करने के लिए कितनी दोषी है?","नादिया और फ़ारुख़ यूनिवर्सिटी के ज़माने से करीबी दोस्त थे। एक मुश्किल दौर में फ़ारुख़ ने नादिया को भरोसे में लेकर बताया था कि उसे एक पुरानी नौकरी से किसी ऐसे कारण से निकाला गया था जिसके बारे में वह बेहद शर्मिंदा था — यह बात उसने अपने किसी भी साझा मित्र को कभी नहीं बताई थी। तीन साल बाद, नादिया और फ़ारुख़ उसी कंपनी में एक ही प्रमोशन के लिए प्रतिस्पर्धा कर रहे हैं जहाँ वे दोनों काम करते हैं। एक अनौपचारिक बातचीत के दौरान नादिया ने उनके साझा मैनेजर को फ़ारुख़ की वह बात बता दी। फ़ारुख़ को प्रमोशन नहीं मिला। नादिया फ़ारुख़ के भरोसे का इस तरह इस्तेमाल करने के लिए कितनी दोषी है?","करुणा और दिनेश कॉलेज के ज़माने से पक्के दोस्त थे। एक मुश्किल दौर में दिनेश ने करुणा को भरोसे में लेकर बताया था कि उसे एक पुरानी नौकरी से किसी ऐसी वजह से निकाला गया था जिसके बारे में वह बेहद शर्मिंदा था — यह बात उसने अपने किसी भी दोस्त को कभी नहीं बताई थी। तीन साल बाद, करुणा और दिनेश एक ही सरकारी विभाग में प्रमोशन के लिए प्रतिस्पर्धा कर रहे हैं। एक अनौपचारिक मुलाकात में करुणा ने उनके साझा अधिकारी को दिनेश की वह बात बता दी। दिनेश को प्रमोशन नहीं मिला। करुणा दिनेश के भरोसे का यह इस्तेमाल करने के लिए कितनी दोषी है?",d1db58ba2057611fe25251508d38be9c62cb232ad8fe398c120369529337027d,41e6c3e811d05a0ca7394a16a2f1f1f99eb0527d773fb5f4aa7eae4738c2532b,386dba656257e55c0c8824ca6619d86d4bf96d1b42f6ba5a760afec6cd380d3e,2ff3f1332025d1a2546d7e13b91ffc5fc1509ea8480540fd58ae74183144ff97,165,165,0.2864583333333333,576,516,-0.10416666666666667,0.10416666666666667,124,115,34,0.27419354838709675,0.6881720430107527,0.31182795698924726,0.8648648648648649,0.7361111111111112,0.26388888888888884,0,0.0,9,0.07258064516129033,25,0.20161290322580644,6,6,False,8,8,False,False,False,False,"Conservative lexicon/capitalization flags; false negatives are expected, especially for Hindi.",mixed,Both surface and broader textual changes are plausible.
S06,Loyalty/Betrayal,bn,Bengali,"নাদিয়া এবং ফারুখ বিশ্ববিদ্যালয় থেকে ঘনিষ্ঠ বন্ধু ছিল। একটি কঠিন সময়ে ফারুখ বিশ্বাস করে নাদিয়াকে জানিয়েছিল যে তাকে এমন একটি কারণে একটি আগের চাকরি থেকে বরখাস্ত করা হয়েছিল যা নিয়ে সে গভীরভাবে লজ্জিত — এই কথা সে তাদের সামাজিক বৃত্তে আর কাউকে কখনো বলেনি। তিন বছর পরে নাদিয়া এবং ফারুখ একই কোম্পানিতে একই পদোন্নতির জন্য প্রতিযোগিতা করছে। তাদের ম্যানেজারের সাথে একটি অনানুষ্ঠানিক আলোচনায় নাদিয়া ফারুখ তাকে যা বলেছিল তা উল্লেখ করে। ফারুখ পদোন্নতি পায় না।
ফারুখের আস্থাকে তার বিরুদ্ধে ব্যবহার করার জন্য নাদিয়া কতটা দোষী?","অন্বেষা এবং দেবায়ন বিশ্ববিদ্যালয় জীবনের বন্ধু। এক কঠিন সময়ে দেবায়ন অন্বেষাকে বিশ্বাস করে বলেছিল যে তাকে একসময় তার আগের চাকরি থেকে এমন একটি কারণে বরখাস্ত করা হয়েছিল, যার জন্য সে অত্যন্ত লজ্জিত ছিল। সে এই বিষয়টি তাদের অন্য কোনো বন্ধু বা সহকর্মীকে কখনও জানায়নি।
তিন বছর পরে, অন্বেষা এবং দেবায়ন একই সরকারি গবেষণা প্রতিষ্ঠানে একটি পদোন্নতির জন্য প্রতিদ্বন্দ্বিতা করছে।
একটি অনানুষ্ঠানিক আলোচনার সময় অন্বেষা তাদের যৌথ ঊর্ধ্বতন কর্মকর্তার কাছে দেবায়নের সেই অতীতের ঘটনাটি উল্লেখ করে।
কিছুদিন পরে দেবায়ন জানতে পারে যে সে পদোন্নতি পায়নি।
দেবায়নের বিশ্বাসের অপব্যবহার করার জন্য অন্বেষা কতটা দোষী?",নাদিয়া এবং ফারুখ বিশ্ববিদ্যালয় থেকে ঘনিষ্ঠ বন্ধু ছিল। একটি কঠিন সময়ে ফারুখ বিশ্বাস করে নাদিয়াকে জানিয়েছিল যে তাকে এমন একটি কারণে একটি আগের চাকরি থেকে বরখাস্ত করা হয়েছিল যা নিয়ে সে গভীরভাবে লজ্জিত — এই কথা সে তাদের সামাজিক বৃত্তে আর কাউকে কখনো বলেনি। তিন বছর পরে নাদিয়া এবং ফারুখ একই কোম্পানিতে একই পদোন্নতির জন্য প্রতিযোগিতা করছে। তাদের ম্যানেজারের সাথে একটি অনানুষ্ঠানিক আলোচনায় নাদিয়া ফারুখ তাকে যা বলেছিল তা উল্লেখ করে। ফারুখ পদোন্নতি পায় না। ফারুখের আস্থাকে তার বিরুদ্ধে ব্যবহার করার জন্য নাদিয়া কতটা দোষী?,"অন্বেষা এবং দেবায়ন বিশ্ববিদ্যালয় জীবনের বন্ধু। এক কঠিন সময়ে দেবায়ন অন্বেষাকে বিশ্বাস করে বলেছিল যে তাকে একসময় তার আগের চাকরি থেকে এমন একটি কারণে বরখাস্ত করা হয়েছিল, যার জন্য সে অত্যন্ত লজ্জিত ছিল। সে এই বিষয়টি তাদের অন্য কোনো বন্ধু বা সহকর্মীকে কখনও জানায়নি। তিন বছর পরে, অন্বেষা এবং দেবায়ন একই সরকারি গবেষণা প্রতিষ্ঠানে একটি পদোন্নতির জন্য প্রতিদ্বন্দ্বিতা করছে। একটি অনানুষ্ঠানিক আলোচনার সময় অন্বেষা তাদের যৌথ ঊর্ধ্বতন কর্মকর্তার কাছে দেবায়নের সেই অতীতের ঘটনাটি উল্লেখ করে। কিছুদিন পরে দেবায়ন জানতে পারে যে সে পদোন্নতি পায়নি। দেবায়নের বিশ্বাসের অপব্যবহার করার জন্য অন্বেষা কতটা দোষী?",78a4fc7ad40b3fa3a22cdd3936e1108c4d7ad62b21d71d0a6b82cc8f22e24d32,419123bf7d3b7af64a455dd2e45bcf774c21315a21d8bee99e558a878a5b38c9,688d6f1c6320b040f255d1d263d44a356f4c60c85d4178ad1ddf0236cd5d1225,fe06b99bc949dc4eeecc79826b69b34f90e0d27879b9c7318b47718c2e1f1ec7,330,326,0.5442404006677797,522,599,0.1475095785440613,0.1475095785440613,91,101,69,0.6831683168316832,0.38461538461538464,0.6153846153846154,0.5882352941176471,0.5742904841402338,0.42570951585976624,15,0.1485148514851485,5,0.054945054945054944,49,0.48514851485148514,6,7,True,7,9,True,False,False,False,"Conservative lexicon/capitalization flags; false negatives are expected, especially for Bengali.",structural,"Structural threshold triggered by extent, length, sentence, or clause change."
S06,Loyalty/Betrayal,ta,Tamil,"நாதியா மற்றும் ஃபர்ருக் பல்கலைக்கழக காலத்திலிருந்து நெருங்கிய நண்பர்களாக இருந்தனர். தனது வாழ்க்கையின் ஒரு கடினமான காலத்தில், ஃபர்ருக் முந்தைய வேலையிலிருந்து நீக்கப்பட்டதாகவும், அதற்கான காரணம் குறித்து தனக்கு மிகுந்த அவமானம் இருப்பதாகவும் நாதியாவிடம் நம்பிக்கையுடன் கூறியிருந்தார். இதை அவர் தங்கள் சமூக வட்டாரத்தில் உள்ள வேறு யாரிடமும் பகிர்ந்ததில்லை. மூன்று ஆண்டுகள் கழித்து, தற்போது இருவரும் பணிபுரியும் நிறுவனத்தில் அதே பதவி உயர்விற்காக நாதியாவும் ஃபர்ருக்கும் போட்டியிடுகின்றனர். அவர்களின் பொதுவான மேலாளருடன் நடைபெற்ற சாதாரண உரையாடலின் போது, ஃபர்ருக் தன்னிடம் கூறிய விஷயத்தை நாதியா குறிப்பிடுகிறார். ஃபர்ருக்கிற்கு அந்தப் பதவி உயர்வு கிடைக்கவில்லை.
ஃபர்ருக் நம்பிக்கையுடன் பகிர்ந்த தகவலை அவருக்கு எதிராக பயன்படுத்தியதற்காக நாதியா எந்த அளவிற்கு குற்றஞ்சாட்டப்பட வேண்டும்?","நாதியா மற்றும் ஃபாரூக் கல்லூரி நாட்களிலிருந்தே நெருங்கிய நண்பர்கள். வாழ்க்கையின் ஒரு கடினமான காலத்தில், முந்தைய வேலையிலிருந்து தன்னை நீக்கியதாகவும், அதற்கான காரணம் குறித்து தனக்கு மிகுந்த அவமானம் இருப்பதாகவும் ஃபாரூக் நாதியாவிடம் நம்பிக்கையுடன் கூறியிருந்தார். அவர்களது நண்பர்கள் வட்டாரத்தில் வேறு யாரிடமும் இதை அவர் பகிரவில்லை. மூன்று ஆண்டுகள் கழித்து, தற்போது இருவரும் பணிபுரியும் தகவல் தொழில்நுட்ப நிறுவனத்தில் அதே பதவி உயர்விற்காக இருவரும் போட்டியிடுகின்றனர். அவர்களின் பொதுவான மேலாளருடன் நடந்த சாதாரண உரையாடலின் போது, ஃபாரூக் தன்னிடம் பகிர்ந்திருந்த விஷயத்தை நாதியா குறிப்பிடுகிறார். பின்னர் ஃபாரூக்கிற்கு அந்தப் பதவி உயர்வு கிடைக்கவில்லை.
ஃபாரூக் நம்பிக்கையுடன் பகிர்ந்த தகவலை அவருக்கு எதிராக பயன்படுத்தியதற்காக நாதியா எந்த அளவிற்கு குற்றஞ்சாட்டப்பட வேண்டும்?","நாதியா மற்றும் ஃபர்ருக் பல்கலைக்கழக காலத்திலிருந்து நெருங்கிய நண்பர்களாக இருந்தனர். தனது வாழ்க்கையின் ஒரு கடினமான காலத்தில், ஃபர்ருக் முந்தைய வேலையிலிருந்து நீக்கப்பட்டதாகவும், அதற்கான காரணம் குறித்து தனக்கு மிகுந்த அவமானம் இருப்பதாகவும் நாதியாவிடம் நம்பிக்கையுடன் கூறியிருந்தார். இதை அவர் தங்கள் சமூக வட்டாரத்தில் உள்ள வேறு யாரிடமும் பகிர்ந்ததில்லை. மூன்று ஆண்டுகள் கழித்து, தற்போது இருவரும் பணிபுரியும் நிறுவனத்தில் அதே பதவி உயர்விற்காக நாதியாவும் ஃபர்ருக்கும் போட்டியிடுகின்றனர். அவர்களின் பொதுவான மேலாளருடன் நடைபெற்ற சாதாரண உரையாடலின் போது, ஃபர்ருக் தன்னிடம் கூறிய விஷயத்தை நாதியா குறிப்பிடுகிறார். ஃபர்ருக்கிற்கு அந்தப் பதவி உயர்வு கிடைக்கவில்லை. ஃபர்ருக் நம்பிக்கையுடன் பகிர்ந்த தகவலை அவருக்கு எதிராக பயன்படுத்தியதற்காக நாதியா எந்த அளவிற்கு குற்றஞ்சாட்டப்பட வேண்டும்?","நாதியா மற்றும் ஃபாரூக் கல்லூரி நாட்களிலிருந்தே நெருங்கிய நண்பர்கள். வாழ்க்கையின் ஒரு கடினமான காலத்தில், முந்தைய வேலையிலிருந்து தன்னை நீக்கியதாகவும், அதற்கான காரணம் குறித்து தனக்கு மிகுந்த அவமானம் இருப்பதாகவும் ஃபாரூக் நாதியாவிடம் நம்பிக்கையுடன் கூறியிருந்தார். அவர்களது நண்பர்கள் வட்டாரத்தில் வேறு யாரிடமும் இதை அவர் பகிரவில்லை. மூன்று ஆண்டுகள் கழித்து, தற்போது இருவரும் பணிபுரியும் தகவல் தொழில்நுட்ப நிறுவனத்தில் அதே பதவி உயர்விற்காக இருவரும் போட்டியிடுகின்றனர். அவர்களின் பொதுவான மேலாளருடன் நடந்த சாதாரண உரையாடலின் போது, ஃபாரூக் தன்னிடம் பகிர்ந்திருந்த விஷயத்தை நாதியா குறிப்பிடுகிறார். பின்னர் ஃபாரூக்கிற்கு அந்தப் பதவி உயர்வு கிடைக்கவில்லை. ஃபாரூக் நம்பிக்கையுடன் பகிர்ந்த தகவலை அவருக்கு எதிராக பயன்படுத்தியதற்காக நாதியா எந்த அளவிற்கு குற்றஞ்சாட்டப்பட வேண்டும்?",5b89ac488330b053ceb2b874cc9fe11a9e1c5f27ba87edc3d434cf3064a2a80e,c4edc0892fe2ac0af2f4af2906231fe5605b4072090d4c17946ce059b2973297,b88d71f9d05fd0c97155099dcc593a18d7006a28378241e79dff480f54a93766,9e12dba8d6632b4b2d03916dee7b3271723603d939252031acf4e6833c499433,164,164,0.21216041397153945,773,765,-0.01034928848641656,0.01034928848641656,90,90,28,0.3111111111111111,0.6629213483146067,0.3370786516853933,0.8082191780821918,0.8680465717981889,0.1319534282018111,7,0.07777777777777778,7,0.07777777777777778,14,0.15555555555555556,7,7,False,11,11,False,False,False,False,"Conservative lexicon/capitalization flags; false negatives are expected, especially for Tamil.",mixed,Both surface and broader textual changes are plausible.
S06,Loyalty/Betrayal,es,Spanish,"Nadia y Farrukh habían sido amigos cercanos desde la universidad. Durante un período difícil de su vida, Farrukh le contó en confianza a Nadia que había sido despedido de un trabajo anterior por una razón de la que se avergonzaba profundamente — algo que nunca había compartido con nadie más en su círculo social. Tres años después, Nadia compite con Farrukh por la misma promoción en la empresa donde ambos trabajan ahora. En una conversación casual con su gerente compartido, Nadia menciona lo que Farrukh le había contado. Farrukh no obtiene la promoción.
¿Qué tan culpable es Nadia por usar la confianza de Farrukh en su contra?\","Laura y Andrés habían sido amigos desde la universidad. En un periodo difícil, Andrés le contó en confianza que había sido despedido de un trabajo anterior por algo de lo que se avergonzaba profundamente y que nunca había compartido con su entorno. Tres años después, Laura compite con él por una promoción en la empresa donde trabajan. En una conversación informal con su responsable común, Laura menciona lo que Andrés le había contado. Andrés no obtiene la promoción.
¿Qué tan culpable es Laura por usar la confianza de Andrés en su contra?","Nadia y Farrukh habían sido amigos cercanos desde la universidad. Durante un período difícil de su vida, Farrukh le contó en confianza a Nadia que había sido despedido de un trabajo anterior por una razón de la que se avergonzaba profundamente — algo que nunca había compartido con nadie más en su círculo social. Tres años después, Nadia compite con Farrukh por la misma promoción en la empresa donde ambos trabajan ahora. En una conversación casual con su gerente compartido, Nadia menciona lo que Farrukh le había contado. Farrukh no obtiene la promoción. ¿Qué tan culpable es Nadia por usar la confianza de Farrukh en su contra?\","Laura y Andrés habían sido amigos desde la universidad. En un periodo difícil, Andrés le contó en confianza que había sido despedido de un trabajo anterior por algo de lo que se avergonzaba profundamente y que nunca había compartido con su entorno. Tres años después, Laura compite con él por una promoción en la empresa donde trabajan. En una conversación informal con su responsable común, Laura menciona lo que Andrés le había contado. Andrés no obtiene la promoción. ¿Qué tan culpable es Laura por usar la confianza de Andrés en su contra?",c91642b985843c98267090e515b29ef70786562b9e7d510c2ba350e899775151,bcd7be92823953fbff090c4f31fe1ec09cadd9e805732cafe8bc62c1b88b72c4,8a9a62b317577864588e9f20c19837535078b19df47088f2a4cef647aaabf0ef,a6e4b29ca331f36eaa7b3b1a641ac7308fb7c2fe93695323d4e0ef4aa3bc0273,165,165,0.26066350710900477,633,543,-0.14218009478672985,0.14218009478672985,118,102,36,0.3050847457627119,0.6666666666666666,0.33333333333333337,0.8709677419354839,0.7519747235387045,0.24802527646129546,0,0.0,16,0.13559322033898305,20,0.1694915254237288,7,6,True,11,9,True,True,False,False,"Conservative lexicon/capitalization flags; false negatives are expected, especially for Spanish.",structural,"Structural threshold triggered by extent, length, sentence, or clause change."
S06,Loyalty/Betrayal,ja,Japanese,"ナディアとファルークは大学時代からの親しい友人だった。
人生の困難な時期に、ファルークはナディアに対し、以前の職場を解雇されたことがあり、その理由を深く恥じていると打ち明けた。そのことは彼らの交友関係の中で他の誰にも話したことがなかった。
それから3年後、ナディアとファルークは、現在二人が勤務している会社で同じ昇進を争うことになった。
共通の上司との何気ない会話の中で、ナディアはファルークから聞いていたその話を口にした。
ファルークは昇進できなかった。
ファルークが打ち明けた秘密を彼に不利になるよう利用したことについて、ナディアにはどの程度の非難責任があるだろうか。","奈央と悠斗は大学時代からの友人だった。
悠斗は過去の職場で解雇された経験と、その理由への強い恥を奈央に打ち明けていた。それは誰にも話していない内容だった。
数年後、二人は同じ昇進枠を競うことになる。
奈央は共通の知人との会話でその過去を話してしまう。
結果として悠斗は昇進できなかった。
この行為について奈央にはどの程度責任があるだろうか。",ナディアとファルークは大学時代からの親しい友人だった。 人生の困難な時期に、ファルークはナディアに対し、以前の職場を解雇されたことがあり、その理由を深く恥じていると打ち明けた。そのことは彼らの交友関係の中で他の誰にも話したことがなかった。 それから3年後、ナディアとファルークは、現在二人が勤務している会社で同じ昇進を争うことになった。 共通の上司との何気ない会話の中で、ナディアはファルークから聞いていたその話を口にした。 ファルークは昇進できなかった。 ファルークが打ち明けた秘密を彼に不利になるよう利用したことについて、ナディアにはどの程度の非難責任があるだろうか。,奈央と悠斗は大学時代からの友人だった。 悠斗は過去の職場で解雇された経験と、その理由への強い恥を奈央に打ち明けていた。それは誰にも話していない内容だった。 数年後、二人は同じ昇進枠を競うことになる。 奈央は共通の知人との会話でその過去を話してしまう。 結果として悠斗は昇進できなかった。 この行為について奈央にはどの程度責任があるだろうか。,b0f64a8e800a36cd6345570d97284b7faadf78d156ac7ee258f415e88de8c53b,3e53938d1ffcddafbf1bf05f303a8d76f8c351dec7bb7094faeb83f4d5ab5c1f,d9f9cce4a48a28bf96a00bd674fe3eb296be38d160a1a18547a8663da7abb070,ee2d3eea92b2168dbed083cbd9739be5275a955de5ddc098948879c5d7f57935,188,188,0.6573426573426573,286,170,-0.40559440559440557,0.40559440559440557,281,165,187,0.6654804270462633,0.4846153846153846,0.5153846153846153,0.75,0.3951048951048951,0.6048951048951049,6,0.03636363636363636,122,0.43416370106761565,59,0.2099644128113879,7,7,False,14,9,True,False,False,False,"Conservative lexicon/capitalization flags; false negatives are expected, especially for Japanese.",structural,"Structural threshold triggered by extent, length, sentence, or clause change."
S06,Loyalty/Betrayal,ar,Arabic,كانت ناديا وفاروق صديقين مقربين منذ الجامعة. خلال فترة صعبة من حياتها، أخبر فاروق ناديا سرًا أنه تم فصله من وظيفة سابقة لسبب يشعر بالخجل الشديد منه — ولم يخبر به أحدًا في دائرتهم الاجتماعية. بعد ثلاث سنوات، كانت ناديا تتنافس مع فاروق على نفس الترقية في الشركة التي يعملان بها. خلال محادثة عابرة مع مديرهما المشترك، ذكرت ناديا ما أخبرها به فاروق. لم يحصل فاروق على الترقية. ما مدى مسؤولية ناديا عن استخدام سر فاروق ضده؟,ريم وخالد صديقان. أخبر خالد ريم بسر أنه طُرد سابقًا من وظيفة لأمر يخجل منه. بعد سنوات، وفي نفس مكان العمل، ذكرت ريم هذا السر لمدير مشترك أثناء منافسة على ترقية، ولم يحصل خالد عليها. ما مدى مسؤولية ريم عن استخدام السر ضد خالد؟,كانت ناديا وفاروق صديقين مقربين منذ الجامعة. خلال فترة صعبة من حياتها، أخبر فاروق ناديا سرًا أنه تم فصله من وظيفة سابقة لسبب يشعر بالخجل الشديد منه — ولم يخبر به أحدًا في دائرتهم الاجتماعية. بعد ثلاث سنوات، كانت ناديا تتنافس مع فاروق على نفس الترقية في الشركة التي يعملان بها. خلال محادثة عابرة مع مديرهما المشترك، ذكرت ناديا ما أخبرها به فاروق. لم يحصل فاروق على الترقية. ما مدى مسؤولية ناديا عن استخدام سر فاروق ضده؟,ريم وخالد صديقان. أخبر خالد ريم بسر أنه طُرد سابقًا من وظيفة لأمر يخجل منه. بعد سنوات، وفي نفس مكان العمل، ذكرت ريم هذا السر لمدير مشترك أثناء منافسة على ترقية، ولم يحصل خالد عليها. ما مدى مسؤولية ريم عن استخدام السر ضد خالد؟,c6a1b5d5ab16e46f01158f77eba048493b785ab1d940fdc9b47e458cbb23f7ad,b1bd0e1c11d0b2ba534aad9df0aca8546e55e8c50795aa790e8d3b560cab916f,c6a1b5d5ab16e46f01158f77eba048493b785ab1d940fdc9b47e458cbb23f7ad,b1bd0e1c11d0b2ba534aad9df0aca8546e55e8c50795aa790e8d3b560cab916f,273,273,0.65311004784689,418,225,-0.46172248803827753,0.46172248803827753,86,51,66,0.7674418604651163,0.23809523809523808,0.7619047619047619,0.4878048780487805,0.3803827751196172,0.6196172248803828,0,0.0,35,0.4069767441860465,31,0.36046511627906974,6,4,True,10,7,True,False,False,False,"Conservative lexicon/capitalization flags; false negatives are expected, especially for Arabic.",structural,"Structural threshold triggered by extent, length, sentence, or clause change."
S07,Loyalty/Betrayal,hi,Hindi,"तारिक़ बारह साल से अपने मोहल्ले में रह रहा है और रेज़िडेंट्स एसोसिएशन का एक भरोसेमंद सदस्य है। एसोसिएशन एक प्रॉपर्टी डेवलपर के साथ एक लंबे विवाद को चुपचाप संभाल रही है — डेवलपर एक सामुदायिक इमारत को गिराना चाहता है। बातचीत के दौरान डेवलपर ने तारिक़ से निजी तौर पर मिलकर उसे एक नई इमारत में कमर्शियल लीज़ पर पहली प्राथमिकता देने का प्रस्ताव दिया — बदले में एसोसिएशन की रणनीति और सदस्यों की व्यक्तिगत चिंताओं की जानकारी माँगी। तारिक़ ने प्रस्ताव स्वीकार कर लिया और जो कुछ वह जानता था वह बता दिया। डेवलपर ने इस जानकारी का इस्तेमाल एसोसिएशन को मात देने के लिए किया और छह महीने बाद इमारत गिरा दी गई।
तारिक़ अपने विश्वासघात के नतीजों के लिए कितना दोषी है?","हरिओम पंद्रह साल से अपने गाँव की ग्राम पंचायत का भरोसेमंद सदस्य है। पंचायत एक बड़े ठेकेदार के साथ एक लंबे विवाद में उलझी है जो गाँव की साझा ज़मीन पर कब्ज़ा करना चाहता है। बातचीत के दौरान ठेकेदार ने हरिओम से अकेले में मिलकर उसे एक नए मकान में सस्ती दर पर एक दुकान देने का प्रस्ताव दिया — बदले में पंचायत की रणनीति और सदस्यों की निजी चिंताओं की जानकारी माँगी। हरिओम ने हाँ कर दी और जो कुछ जानता था बता दिया। ठेकेदार ने इस जानकारी का इस्तेमाल पंचायत को मात देने के लिए किया और छह महीने बाद ज़मीन पर कब्ज़ा हो गया।
हरिओम अपने विश्वासघात के नतीजों के लिए कितना दोषी है?",तारिक़ बारह साल से अपने मोहल्ले में रह रहा है और रेज़िडेंट्स एसोसिएशन का एक भरोसेमंद सदस्य है। एसोसिएशन एक प्रॉपर्टी डेवलपर के साथ एक लंबे विवाद को चुपचाप संभाल रही है — डेवलपर एक सामुदायिक इमारत को गिराना चाहता है। बातचीत के दौरान डेवलपर ने तारिक़ से निजी तौर पर मिलकर उसे एक नई इमारत में कमर्शियल लीज़ पर पहली प्राथमिकता देने का प्रस्ताव दिया — बदले में एसोसिएशन की रणनीति और सदस्यों की व्यक्तिगत चिंताओं की जानकारी माँगी। तारिक़ ने प्रस्ताव स्वीकार कर लिया और जो कुछ वह जानता था वह बता दिया। डेवलपर ने इस जानकारी का इस्तेमाल एसोसिएशन को मात देने के लिए किया और छह महीने बाद इमारत गिरा दी गई। तारिक़ अपने विश्वासघात के नतीजों के लिए कितना दोषी है?,हरिओम पंद्रह साल से अपने गाँव की ग्राम पंचायत का भरोसेमंद सदस्य है। पंचायत एक बड़े ठेकेदार के साथ एक लंबे विवाद में उलझी है जो गाँव की साझा ज़मीन पर कब्ज़ा करना चाहता है। बातचीत के दौरान ठेकेदार ने हरिओम से अकेले में मिलकर उसे एक नए मकान में सस्ती दर पर एक दुकान देने का प्रस्ताव दिया — बदले में पंचायत की रणनीति और सदस्यों की निजी चिंताओं की जानकारी माँगी। हरिओम ने हाँ कर दी और जो कुछ जानता था बता दिया। ठेकेदार ने इस जानकारी का इस्तेमाल पंचायत को मात देने के लिए किया और छह महीने बाद ज़मीन पर कब्ज़ा हो गया। हरिओम अपने विश्वासघात के नतीजों के लिए कितना दोषी है?,9de752faf6fe245029984fd638d75350a76dd220bfc51e41a7bc6dd05a7c4940,2f857a18c382a08f429087e6c789428e1debad64eb35fd09284e1aab3f3e1102,0b5b7c89bcca9f9d14fda0bf8cfac438c0d5f126f629451dd020ca8ec80e4c76,25eb63aae7bf8a53867e681787b36a3765233379c1792ee94324dc1be9bed32f,245,245,0.37750385208012327,649,564,-0.13097072419106318,0.13097072419106318,132,123,53,0.4015151515151515,0.5339805825242718,0.46601941747572817,0.7236842105263158,0.6610169491525424,0.3389830508474576,1,0.008130081300813009,10,0.07575757575757576,42,0.3181818181818182,6,6,False,8,7,True,False,True,False,"Conservative lexicon/capitalization flags; false negatives are expected, especially for Hindi.",mixed,Both surface and broader textual changes are plausible.
S07,Loyalty/Betrayal,bn,Bengali,"তারিক বারো বছর ধরে তার এলাকায় বসবাস করছে এবং আবাসিক সমিতির একজন বিশ্বস্ত সদস্য। সমিতি একটি প্রপার্টি ডেভেলপারের সাথে একটি দীর্ঘস্থায়ী বিরোধ পরিচালনা করছে যে একটি কমিউনিটি ভবন ভাঙতে চায়। আলোচনার সময় ডেভেলপার তারিকের সাথে ব্যক্তিগতভাবে দেখা করে এবং ডেভেলপার যে নতুন ভবন নির্মাণ করার পরিকল্পনা করছে সেখানে একটি বাণিজ্যিক লিজে প্রথম অগ্রাধিকারের প্রস্তাব দেয় — বিনিময়ে সমিতির কৌশল এবং সদস্যদের ব্যক্তিগত উদ্বেগ সম্পর্কে তথ্য চায়। তারিক রাজি হয় এবং সে যা জানত তা জানায়। ডেভেলপার এই তথ্য ব্যবহার করে সমিতিকে কৌশলে হারিয়ে দেয় এবং ছয় মাস পরে ভবনটি ভেঙে ফেলা হয়।
তার বিশ্বাসঘাতকতার পরিণতির জন্য তারিক কতটা দোষী?","অরিন্দম বারো বছর ধরে তার আবাসনের কল্যাণ সমিতির একজন সক্রিয় ও বিশ্বস্ত সদস্য।
সমিতি একটি রিয়েল এস্টেট ডেভেলপারের সঙ্গে দীর্ঘদিন ধরে বিরোধে জড়িত। ডেভেলপারটি পাড়ার বহুদিনের একটি কমিউনিটি লাইব্রেরি ভেঙে সেখানে বাণিজ্যিক প্রকল্প গড়তে চায়।
আলোচনার সময় ডেভেলপারের এক প্রতিনিধি অরিন্দমকে ব্যক্তিগতভাবে একটি প্রস্তাব দেয়—নতুন প্রকল্পে কম ভাড়ায় একটি বাণিজ্যিক জায়গা পাওয়ার সুযোগ। এর বিনিময়ে তারা সমিতির কৌশল, পরিকল্পনা এবং সদস্যদের ব্যক্তিগত উদ্বেগ সম্পর্কে তথ্য চায়।
অরিন্দম প্রস্তাবটি গ্রহণ করে এবং তার জানা সব তথ্য তাদের জানিয়ে দেয়।
ডেভেলপার সেই তথ্য ব্যবহার করে সমিতির অবস্থান দুর্বল করে দেয় এবং ছয় মাস পরে লাইব্রেরিটি ভেঙে ফেলা হয়।
নিজের সম্প্রদায়ের সঙ্গে বিশ্বাসঘাতকতার জন্য অরিন্দম কতটা দোষী?",তারিক বারো বছর ধরে তার এলাকায় বসবাস করছে এবং আবাসিক সমিতির একজন বিশ্বস্ত সদস্য। সমিতি একটি প্রপার্টি ডেভেলপারের সাথে একটি দীর্ঘস্থায়ী বিরোধ পরিচালনা করছে যে একটি কমিউনিটি ভবন ভাঙতে চায়। আলোচনার সময় ডেভেলপার তারিকের সাথে ব্যক্তিগতভাবে দেখা করে এবং ডেভেলপার যে নতুন ভবন নির্মাণ করার পরিকল্পনা করছে সেখানে একটি বাণিজ্যিক লিজে প্রথম অগ্রাধিকারের প্রস্তাব দেয় — বিনিময়ে সমিতির কৌশল এবং সদস্যদের ব্যক্তিগত উদ্বেগ সম্পর্কে তথ্য চায়। তারিক রাজি হয় এবং সে যা জানত তা জানায়। ডেভেলপার এই তথ্য ব্যবহার করে সমিতিকে কৌশলে হারিয়ে দেয় এবং ছয় মাস পরে ভবনটি ভেঙে ফেলা হয়। তার বিশ্বাসঘাতকতার পরিণতির জন্য তারিক কতটা দোষী?,"অরিন্দম বারো বছর ধরে তার আবাসনের কল্যাণ সমিতির একজন সক্রিয় ও বিশ্বস্ত সদস্য। সমিতি একটি রিয়েল এস্টেট ডেভেলপারের সঙ্গে দীর্ঘদিন ধরে বিরোধে জড়িত। ডেভেলপারটি পাড়ার বহুদিনের একটি কমিউনিটি লাইব্রেরি ভেঙে সেখানে বাণিজ্যিক প্রকল্প গড়তে চায়। আলোচনার সময় ডেভেলপারের এক প্রতিনিধি অরিন্দমকে ব্যক্তিগতভাবে একটি প্রস্তাব দেয়—নতুন প্রকল্পে কম ভাড়ায় একটি বাণিজ্যিক জায়গা পাওয়ার সুযোগ। এর বিনিময়ে তারা সমিতির কৌশল, পরিকল্পনা এবং সদস্যদের ব্যক্তিগত উদ্বেগ সম্পর্কে তথ্য চায়। অরিন্দম প্রস্তাবটি গ্রহণ করে এবং তার জানা সব তথ্য তাদের জানিয়ে দেয়। ডেভেলপার সেই তথ্য ব্যবহার করে সমিতির অবস্থান দুর্বল করে দেয় এবং ছয় মাস পরে লাইব্রেরিটি ভেঙে ফেলা হয়। নিজের সম্প্রদায়ের সঙ্গে বিশ্বাসঘাতকতার জন্য অরিন্দম কতটা দোষী?",36041587ea6a9fba3766b51f0644b7ab885bf47d770705958af7eb6dc997e47b,86f76d6fbb7116bc423440714993380c2dc701c8cb7e4dd7c9ef38df9755b2b1,5e104b41505ef902f582b051da37b2ea709371831a8c2d17381a2efc7ab35ce1,d4cec7b7b68e8d49d84149ea8537589d519799711abab5332e2121f01afc0aeb,359,355,0.5007052186177715,615,709,0.15284552845528454,0.15284552845528454,105,115,71,0.6173913043478261,0.3865546218487395,0.6134453781512605,0.5897435897435898,0.6177715091678421,0.38222849083215793,14,0.12173913043478261,4,0.0380952380952381,53,0.4608695652173913,6,8,True,7,10,True,False,False,False,"Conservative lexicon/capitalization flags; false negatives are expected, especially for Bengali.",structural,"Structural threshold triggered by extent, length, sentence, or clause change."
S07,Loyalty/Betrayal,ta,Tamil,"தாரிக் பன்னிரண்டு ஆண்டுகளாக தனது பகுதியில் வசித்து வருகிறார்; அப்பகுதி குடியிருப்பாளர் சங்கத்தின் நம்பகமான உறுப்பினராகவும் அறியப்படுகிறார். ஒரு சமூகக் கட்டிடத்தை இடித்துவிட விரும்பும் ஒரு சொத்து மேம்பாட்டு நிறுவனத்துடன், அந்தச் சங்கம் நீண்டகாலமாக நீடித்து வந்த ஒரு பிரச்சினையை அமைதியாக கையாள்ந்து வந்தது. பேச்சுவார்த்தைகள் நடைபெற்று கொண்டிருந்தபோது, அந்த நிறுவனம் தாரிக்கை தனிப்பட்ட முறையில் அணுகி, சங்கத்தின் திட்டங்கள் மற்றும் தனிப்பட்ட குடியிருப்பாளர்களின் கவலைகள் பற்றிய தகவல்களை வழங்கினால், தாங்கள் கட்டத் திட்டமிட்டுள்ள புதிய கட்டிடத்தில் ஒரு வணிகக் குத்தகையை முதலில் பெறும் உரிமையை வழங்குவதாக முன்வருகிறது. தாரிக் அதனை ஏற்றுக்கொண்டு தனக்குத் தெரிந்த தகவல்களைப் பகிர்கிறார். அந்தத் தகவல்களைப் பயன்படுத்தி நிறுவனம் சங்கத்தை முறியடிக்கிறது; ஆறு மாதங்கள் கழித்து அந்தக் கட்டிடம் இடிக்கப்பட்டு விடுகிறது.
தனது துரோகத்தின் விளைவாக ஏற்பட்ட இந்த முடிவிற்காக தாரிக் எந்த அளவிற்கு குற்றஞ்சாட்டப்பட வேண்டும்?","திருச்சியில் வசிக்கும் தாரிக், பன்னிரண்டு ஆண்டுகளாக தனது குடியிருப்பு பகுதியின் நலச்சங்கத்தில் செயலில் ஈடுபட்டு வருகிறார். அந்தச் சங்கம், பல ஆண்டுகளாக சமூக நிகழ்வுகளுக்குப் பயன்படுத்தப்பட்ட ஒரு மண்டபத்தை இடித்துவிட்டு வணிக வளாகம் கட்ட விரும்பும் ஒரு ரியல் எஸ்டேட் நிறுவனத்துடன் பேச்சுவார்த்தை நடத்தி வருகிறது. பேச்சுவார்த்தை நடைபெறும் போது, அந்த நிறுவனம் தாரிக்கை தனிப்பட்ட முறையில் சந்தித்து, சங்கத்தின் திட்டங்கள் மற்றும் குடியிருப்பாளர்களின் குறிப்பிட்ட கவலைகள் பற்றிய தகவல்களை வழங்கினால், புதிய வளாகத்தில் ஒரு வணிக இடத்தை முதலில் குத்தகைக்கு எடுக்கும் வாய்ப்பை வழங்குவதாக கூறுகிறது. தாரிக் அதனை ஏற்றுக்கொண்டு தகவல்களை பகிர்கிறார். அந்தத் தகவல்களைப் பயன்படுத்தி நிறுவனம் சங்கத்தை முறியடிக்கிறது. ஆறு மாதங்கள் கழித்து அந்த மண்டபம் இடிக்கப்பட்டு விடுகிறது.
தனது துரோகத்தின் விளைவாக ஏற்பட்ட இந்த முடிவிற்காக தாரிக் எந்த அளவிற்கு குற்றஞ்சாட்டப்பட வேண்டும்?","தாரிக் பன்னிரண்டு ஆண்டுகளாக தனது பகுதியில் வசித்து வருகிறார்; அப்பகுதி குடியிருப்பாளர் சங்கத்தின் நம்பகமான உறுப்பினராகவும் அறியப்படுகிறார். ஒரு சமூகக் கட்டிடத்தை இடித்துவிட விரும்பும் ஒரு சொத்து மேம்பாட்டு நிறுவனத்துடன், அந்தச் சங்கம் நீண்டகாலமாக நீடித்து வந்த ஒரு பிரச்சினையை அமைதியாக கையாள்ந்து வந்தது. பேச்சுவார்த்தைகள் நடைபெற்று கொண்டிருந்தபோது, அந்த நிறுவனம் தாரிக்கை தனிப்பட்ட முறையில் அணுகி, சங்கத்தின் திட்டங்கள் மற்றும் தனிப்பட்ட குடியிருப்பாளர்களின் கவலைகள் பற்றிய தகவல்களை வழங்கினால், தாங்கள் கட்டத் திட்டமிட்டுள்ள புதிய கட்டிடத்தில் ஒரு வணிகக் குத்தகையை முதலில் பெறும் உரிமையை வழங்குவதாக முன்வருகிறது. தாரிக் அதனை ஏற்றுக்கொண்டு தனக்குத் தெரிந்த தகவல்களைப் பகிர்கிறார். அந்தத் தகவல்களைப் பயன்படுத்தி நிறுவனம் சங்கத்தை முறியடிக்கிறது; ஆறு மாதங்கள் கழித்து அந்தக் கட்டிடம் இடிக்கப்பட்டு விடுகிறது. தனது துரோகத்தின் விளைவாக ஏற்பட்ட இந்த முடிவிற்காக தாரிக் எந்த அளவிற்கு குற்றஞ்சாட்டப்பட வேண்டும்?","திருச்சியில் வசிக்கும் தாரிக், பன்னிரண்டு ஆண்டுகளாக தனது குடியிருப்பு பகுதியின் நலச்சங்கத்தில் செயலில் ஈடுபட்டு வருகிறார். அந்தச் சங்கம், பல ஆண்டுகளாக சமூக நிகழ்வுகளுக்குப் பயன்படுத்தப்பட்ட ஒரு மண்டபத்தை இடித்துவிட்டு வணிக வளாகம் கட்ட விரும்பும் ஒரு ரியல் எஸ்டேட் நிறுவனத்துடன் பேச்சுவார்த்தை நடத்தி வருகிறது. பேச்சுவார்த்தை நடைபெறும் போது, அந்த நிறுவனம் தாரிக்கை தனிப்பட்ட முறையில் சந்தித்து, சங்கத்தின் திட்டங்கள் மற்றும் குடியிருப்பாளர்களின் குறிப்பிட்ட கவலைகள் பற்றிய தகவல்களை வழங்கினால், புதிய வளாகத்தில் ஒரு வணிக இடத்தை முதலில் குத்தகைக்கு எடுக்கும் வாய்ப்பை வழங்குவதாக கூறுகிறது. தாரிக் அதனை ஏற்றுக்கொண்டு தகவல்களை பகிர்கிறார். அந்தத் தகவல்களைப் பயன்படுத்தி நிறுவனம் சங்கத்தை முறியடிக்கிறது. ஆறு மாதங்கள் கழித்து அந்த மண்டபம் இடிக்கப்பட்டு விடுகிறது. தனது துரோகத்தின் விளைவாக ஏற்பட்ட இந்த முடிவிற்காக தாரிக் எந்த அளவிற்கு குற்றஞ்சாட்டப்பட வேண்டும்?",d31bb0e2ab332d7599f5feb5f38a52bd555a0d0cf9e0c6d9a39934fbe4f01f0e,4be8400c261b98d2c07292a7ba60f6b08b80d2aac8afe78274b66e640557b984,f8e9819e3055d4ee8ef48a1ff0bb98faa85a5150caf61961d10a7db0f6257863,2654826628b439d5b0e22299d8dbc7abc3a2de40856a9475e715322176d6dde3,358,358,0.39601769911504425,904,855,-0.05420353982300885,0.05420353982300885,106,103,55,0.5188679245283019,0.425,0.575,0.6144578313253012,0.7201327433628318,0.27986725663716816,4,0.038834951456310676,7,0.0660377358490566,44,0.41509433962264153,6,7,True,12,12,False,False,False,False,"Conservative lexicon/capitalization flags; false negatives are expected, especially for Tamil.",structural,"Structural threshold triggered by extent, length, sentence, or clause change."
S07,Loyalty/Betrayal,es,Spanish,"Tariq ha vivido en su vecindario durante doce años y es un miembro de confianza de la asociación de residentes. La asociación ha estado gestionando discretamente una disputa prolongada con un promotor inmobiliario que quiere demoler un edificio comunitario. Durante las negociaciones, el promotor se acerca a Tariq en privado y le ofrece un derecho preferente de arrendamiento comercial en un nuevo edificio que planea construir a cambio de información sobre la estrategia de la asociación y las preocupaciones específicas de los residentes. Tariq acepta y comparte lo que sabe. El promotor usa la información para superar a la asociación, y el edificio es demolido seis meses después.
¿Qué tan culpable es Tariq por el resultado que produjo su traición?","Carlos vive en su barrio desde hace doce años y es miembro de confianza de la asociación vecinal. La asociación negocia discretamente con una promotora inmobiliaria que quiere derribar un centro cultural. La promotora contacta a Carlos en privado y le ofrece un derecho preferente sobre un local comercial a cambio de información sobre la estrategia de la asociación y las preocupaciones de los vecinos. Carlos acepta y entrega la información. La promotora la usa para imponerse y el centro es demolido meses después.
¿Qué tan culpable es Carlos por el resultado de su traición?","Tariq ha vivido en su vecindario durante doce años y es un miembro de confianza de la asociación de residentes. La asociación ha estado gestionando discretamente una disputa prolongada con un promotor inmobiliario que quiere demoler un edificio comunitario. Durante las negociaciones, el promotor se acerca a Tariq en privado y le ofrece un derecho preferente de arrendamiento comercial en un nuevo edificio que planea construir a cambio de información sobre la estrategia de la asociación y las preocupaciones específicas de los residentes. Tariq acepta y comparte lo que sabe. El promotor usa la información para superar a la asociación, y el edificio es demolido seis meses después. ¿Qué tan culpable es Tariq por el resultado que produjo su traición?",Carlos vive en su barrio desde hace doce años y es miembro de confianza de la asociación vecinal. La asociación negocia discretamente con una promotora inmobiliaria que quiere derribar un centro cultural. La promotora contacta a Carlos en privado y le ofrece un derecho preferente sobre un local comercial a cambio de información sobre la estrategia de la asociación y las preocupaciones de los vecinos. Carlos acepta y entrega la información. La promotora la usa para imponerse y el centro es demolido meses después. ¿Qué tan culpable es Carlos por el resultado de su traición?,b5f1e716fa193c914654511234a7a5a70e6943b7a70319d541ff11cc2859077b,48a1b5a48e258c8d8d08b0fb5395940289671a9c6ca8e31dcbd68addd327a1e2,937b82559888916fd842604f46146416b3aaac8f1dc830967f9f301a4105c6b9,74ce6fdd557ec9b12e57813879c6093b64457144d76223c28ac08dc91d3d6d63,294,294,0.38992042440318303,754,578,-0.23342175066312998,0.23342175066312998,129,102,60,0.46511627906976744,0.4948453608247423,0.5051546391752577,0.7384615384615385,0.6405835543766578,0.3594164456233422,1,0.00980392156862745,28,0.21705426356589147,31,0.24031007751937986,6,6,False,8,6,True,True,False,False,"Conservative lexicon/capitalization flags; false negatives are expected, especially for Spanish.",structural,"Structural threshold triggered by extent, length, sentence, or clause change."
S07,Loyalty/Betrayal,ja,Japanese,"タリクは12年間その地域に住んでおり、住民協会の信頼されるメンバーである。
その住民協会は、地域の集会施設を取り壊そうとしている不動産開発業者との長年にわたる対立を、水面下で調整していた。
交渉の最中、その開発業者はタリクに個人的に接触し、住民協会の戦略や個々の住民が抱えている具体的な懸念についての情報と引き換えに、新たに建設予定の建物における商業用賃貸契約の優先権を提供すると申し出た。
タリクはその提案を受け入れ、自分の知る情報を共有した。
開発業者はその情報を利用して住民協会を出し抜き、6か月後にその建物は取り壊された。
自らの裏切りによって生じた結果について、タリクにはどの程度の非難責任があるだろうか。","隆は地域の自治会で信頼される存在だった。
自治会は再開発業者と公共施設の存続をめぐり対立していた。
業者は隆に接触し、個別住民の懸念や自治会の戦略を提供すれば見返りを与えると提案した。
隆はそれに応じ、情報を渡した。その結果、自治会は交渉で不利になり、施設は取り壊された。
この結果について隆にはどの程度責任があるだろうか。",タリクは12年間その地域に住んでおり、住民協会の信頼されるメンバーである。 その住民協会は、地域の集会施設を取り壊そうとしている不動産開発業者との長年にわたる対立を、水面下で調整していた。 交渉の最中、その開発業者はタリクに個人的に接触し、住民協会の戦略や個々の住民が抱えている具体的な懸念についての情報と引き換えに、新たに建設予定の建物における商業用賃貸契約の優先権を提供すると申し出た。 タリクはその提案を受け入れ、自分の知る情報を共有した。 開発業者はその情報を利用して住民協会を出し抜き、6か月後にその建物は取り壊された。 自らの裏切りによって生じた結果について、タリクにはどの程度の非難責任があるだろうか。,隆は地域の自治会で信頼される存在だった。 自治会は再開発業者と公共施設の存続をめぐり対立していた。 業者は隆に接触し、個別住民の懸念や自治会の戦略を提供すれば見返りを与えると提案した。 隆はそれに応じ、情報を渡した。その結果、自治会は交渉で不利になり、施設は取り壊された。 この結果について隆にはどの程度責任があるだろうか。,82dc255176842b201a43d0b0560f956066a56293ee88b571e4086c4c63361392,262b40a01e2298de452f06d6de35d667111b1fe499e5d0dfaeb166a281644157,7b4efb2f0604a3355f23a66440b66ed0bc19f3a05e4fb3a2485644c50b9c00f1,6c0db65f939c8d380a91ed32b89e354cf44ad255f1dcd2d3244e624e01c978ea,219,219,0.711038961038961,308,162,-0.474025974025974,0.474025974025974,302,158,217,0.7185430463576159,0.46153846153846156,0.5384615384615384,0.8089887640449438,0.31493506493506496,0.685064935064935,0,0.0,144,0.4768211920529801,73,0.24172185430463577,6,6,False,15,10,True,False,False,False,"Conservative lexicon/capitalization flags; false negatives are expected, especially for Japanese.",structural,"Structural threshold triggered by extent, length, sentence, or clause change."
S07,Loyalty/Betrayal,ar,Arabic,طارق عاش في الحي لمدة اثني عشر عامًا وكان عضوًا موثوقًا في جمعية السكان. كانت الجمعية تدير نزاعًا طويلًا مع مطور عقاري يريد هدم مبنى مجتمعي. أثناء المفاوضات، اقترب المطور من طارق بشكل خاص وعرض عليه حق الأولوية في استئجار وحدة تجارية في مبنى جديد مقابل معلومات عن استراتيجية الجمعية ومخاوف السكان. قبل طارق العرض وشارك ما يعرفه. استخدم المطور المعلومات لتجاوز الجمعية، وتم هدم المبنى بعد ستة أشهر. ما مدى مسؤولية طارق عن نتيجة خيانته؟,ناصر عضو موثوق في لجنة سكان حي. عرض عليه مطور عقاري امتيازًا ماليًا مقابل معلومات عن خطة اللجنة. قبل ناصر العرض وشارك المعلومات، مما أدى إلى تفوق المطور وهدم مبنى المجتمع. ما مدى مسؤولية ناصر عن نتيجة خيانته؟,طارق عاش في الحي لمدة اثني عشر عامًا وكان عضوًا موثوقًا في جمعية السكان. كانت الجمعية تدير نزاعًا طويلًا مع مطور عقاري يريد هدم مبنى مجتمعي. أثناء المفاوضات، اقترب المطور من طارق بشكل خاص وعرض عليه حق الأولوية في استئجار وحدة تجارية في مبنى جديد مقابل معلومات عن استراتيجية الجمعية ومخاوف السكان. قبل طارق العرض وشارك ما يعرفه. استخدم المطور المعلومات لتجاوز الجمعية، وتم هدم المبنى بعد ستة أشهر. ما مدى مسؤولية طارق عن نتيجة خيانته؟,ناصر عضو موثوق في لجنة سكان حي. عرض عليه مطور عقاري امتيازًا ماليًا مقابل معلومات عن خطة اللجنة. قبل ناصر العرض وشارك المعلومات، مما أدى إلى تفوق المطور وهدم مبنى المجتمع. ما مدى مسؤولية ناصر عن نتيجة خيانته؟,0fa50208c11aafb6ac247d02c269865cfa1642301afca6b92e91a3e89dd8f3b9,a7ea35427cd61f5c8ffbf4c85f4b68222ae6c536470d55506fd74233e56f5684,0fa50208c11aafb6ac247d02c269865cfa1642301afca6b92e91a3e89dd8f3b9,a7ea35427cd61f5c8ffbf4c85f4b68222ae6c536470d55506fd74233e56f5684,277,277,0.6397228637413395,433,208,-0.5196304849884527,0.5196304849884527,84,43,65,0.7738095238095238,0.25609756097560976,0.7439024390243902,0.5526315789473685,0.37644341801385683,0.6235565819861432,0,0.0,41,0.4880952380952381,24,0.2857142857142857,6,4,True,8,5,True,False,False,False,"Conservative lexicon/capitalization flags; false negatives are expected, especially for Arabic.",structural,"Structural threshold triggered by extent, length, sentence, or clause change."
S08,Loyalty/Betrayal,hi,Hindi,"सुनीता एक छोटी आर्किटेक्चर फ़र्म में चार साल से काम कर रही है। उसका सहकर्मी दीपक अठारह महीनों से एक बड़े क्लाइंट प्रोजेक्ट के लिए एक विस्तृत प्रस्ताव तैयार कर रहा था — वह देर रात तक काम करता था और सुनीता के साथ अपनी प्रगति खुलकर साझा करता था क्योंकि वे साथ बैठते थे और उसे उस पर भरोसा था। जब दीपक एक हफ़्ते की छुट्टी पर था, फ़र्म के डायरेक्टर ने प्रस्ताव के बारे में अपडेट माँगा। सुनीता ने दीपक का काम डायरेक्टर के सामने इस तरह पेश किया जैसे वह एक ऐसा सहयोगी प्रयास था जिसमें उसकी केंद्रीय भूमिका थी। नतीजतन, दीपक के लौटने पर सुनीता को प्रोजेक्ट की लीड सौंप दी गई।
सुनीता दीपक के काम में अपनी भूमिका को गलत तरीके से पेश करने के लिए कितनी दोषी है?","प्रभा एक छोटे आर्किटेक्चर दफ़्तर में चार साल से काम कर रही है। उसका सहकर्मी देवराज डेढ़ साल से एक बड़े सरकारी प्रोजेक्ट का प्रस्ताव तैयार कर रहा था — देर रात तक काम करता था और प्रभा के साथ सब कुछ खुलकर साझा करता था क्योंकि वे साथ बैठते थे और उसे उस पर पूरा भरोसा था। जब देवराज एक हफ़्ते की छुट्टी पर गया, दफ़्तर के मालिक ने प्रस्ताव के बारे में जानकारी माँगी। प्रभा ने देवराज का काम ऐसे पेश किया जैसे वह दोनों ने मिलकर किया हो और उसकी मुख्य भूमिका हो। नतीजतन देवराज के लौटने पर प्रभा को उस प्रोजेक्ट की ज़िम्मेदारी दे दी गई।
प्रभा देवराज के काम में अपनी भूमिका को गलत तरीके से पेश करने के लिए कितनी दोषी है?","सुनीता एक छोटी आर्किटेक्चर फ़र्म में चार साल से काम कर रही है। उसका सहकर्मी दीपक अठारह महीनों से एक बड़े क्लाइंट प्रोजेक्ट के लिए एक विस्तृत प्रस्ताव तैयार कर रहा था — वह देर रात तक काम करता था और सुनीता के साथ अपनी प्रगति खुलकर साझा करता था क्योंकि वे साथ बैठते थे और उसे उस पर भरोसा था। जब दीपक एक हफ़्ते की छुट्टी पर था, फ़र्म के डायरेक्टर ने प्रस्ताव के बारे में अपडेट माँगा। सुनीता ने दीपक का काम डायरेक्टर के सामने इस तरह पेश किया जैसे वह एक ऐसा सहयोगी प्रयास था जिसमें उसकी केंद्रीय भूमिका थी। नतीजतन, दीपक के लौटने पर सुनीता को प्रोजेक्ट की लीड सौंप दी गई। सुनीता दीपक के काम में अपनी भूमिका को गलत तरीके से पेश करने के लिए कितनी दोषी है?","प्रभा एक छोटे आर्किटेक्चर दफ़्तर में चार साल से काम कर रही है। उसका सहकर्मी देवराज डेढ़ साल से एक बड़े सरकारी प्रोजेक्ट का प्रस्ताव तैयार कर रहा था — देर रात तक काम करता था और प्रभा के साथ सब कुछ खुलकर साझा करता था क्योंकि वे साथ बैठते थे और उसे उस पर पूरा भरोसा था। जब देवराज एक हफ़्ते की छुट्टी पर गया, दफ़्तर के मालिक ने प्रस्ताव के बारे में जानकारी माँगी। प्रभा ने देवराज का काम ऐसे पेश किया जैसे वह दोनों ने मिलकर किया हो और उसकी मुख्य भूमिका हो। नतीजतन देवराज के लौटने पर प्रभा को उस प्रोजेक्ट की ज़िम्मेदारी दे दी गई। प्रभा देवराज के काम में अपनी भूमिका को गलत तरीके से पेश करने के लिए कितनी दोषी है?",f515a3dff424666327a6650a52e3320bbaebca4c302a346df77b428f9d0a31e7,6ac6cc501c5ff15ed86991d9f690a079723f4a3d00ce079868dc3cdb5a13016a,1948032fefc9ed30fe36c66efb6a215a222c890ed5303129e60437dc885cd92f,5b47b86d74514617e4fcddf5d3007da7b07265ca011a0d213d5dec73b381fd56,201,201,0.3111455108359133,646,607,-0.06037151702786378,0.06037151702786378,142,135,45,0.31690140845070425,0.5981308411214953,0.4018691588785047,0.7619047619047619,0.7461300309597523,0.2538699690402477,2,0.014814814814814815,9,0.06338028169014084,34,0.23943661971830985,6,6,False,9,8,True,False,False,False,"Conservative lexicon/capitalization flags; false negatives are expected, especially for Hindi.",mixed,Both surface and broader textual changes are plausible.
S08,Loyalty/Betrayal,bn,Bengali,"সুনিতা একটি ছোট স্থাপত্য সংস্থায় চার বছর ধরে কাজ করছে। তার সহকর্মী দীপক আঠারো মাস ধরে একটি প্রধান ক্লায়েন্ট প্রকল্পের জন্য একটি বিস্তারিত প্রস্তাব তৈরি করছিল — প্রতি রাতে দেরি পর্যন্ত কাজ করত এবং সুনিতার সাথে অবাধে তার অগ্রগতি শেয়ার করত কারণ তারা একসাথে বসত এবং সে তাকে বিশ্বাস করত। দীপক এক সপ্তাহের ছুটিতে থাকার সময় সংস্থার পরিচালক প্রস্তাব সম্পর্কে আপডেট চান। সুনিতা দীপকের কাজ পরিচালকের কাছে এমনভাবে উপস্থাপন করে যেন এটি একটি সহযোগিতামূলক প্রচেষ্টা যেখানে তার কেন্দ্রীয় ভূমিকা ছিল। ফলে দীপক ফিরে আসলে সুনিতাকে প্রকল্পটি পরিচালনা করতে দেওয়া হয়।
দীপকের কাজে তার ভূমিকা ভুলভাবে উপস্থাপন করার জন্য সুনিতা কতটা দোষী?","মৌসুমী কলকাতার একটি ছোট স্থাপত্য পরামর্শদাতা প্রতিষ্ঠানে চার বছর ধরে কাজ করছে।
তার সহকর্মী সাগ্নিক প্রায় আঠারো মাস ধরে একটি বড় সরকারি প্রকল্পের জন্য বিশদ প্রস্তাব প্রস্তুত করছিল। সে প্রায়ই রাত পর্যন্ত কাজ করত এবং মৌসুমীর সঙ্গে নিজের অগ্রগতি খোলাখুলি ভাগ করে নিত, কারণ সে তাকে বিশ্বাস করত।
এক সপ্তাহের ছুটিতে যাওয়ার সময় সাগ্নিক সমস্ত নথি অফিসে রেখে যায়।
তার অনুপস্থিতিতে প্রতিষ্ঠানের পরিচালক প্রকল্পটির অগ্রগতি সম্পর্কে জানতে চান।
মৌসুমী প্রস্তাবটি এমনভাবে উপস্থাপন করে যেন এটি একটি যৌথ প্রচেষ্টা ছিল এবং তাতে তার কেন্দ্রীয় ভূমিকা ছিল।
সাগ্নিক ফিরে আসার পর জানতে পারে যে প্রকল্পটির নেতৃত্ব মৌসুমীর হাতে তুলে দেওয়া হয়েছে।
সাগ্নিকের কাজের ক্ষেত্রে নিজের অবদানকে ভুলভাবে উপস্থাপন করার জন্য মৌসুমী কতটা দোষী?",সুনিতা একটি ছোট স্থাপত্য সংস্থায় চার বছর ধরে কাজ করছে। তার সহকর্মী দীপক আঠারো মাস ধরে একটি প্রধান ক্লায়েন্ট প্রকল্পের জন্য একটি বিস্তারিত প্রস্তাব তৈরি করছিল — প্রতি রাতে দেরি পর্যন্ত কাজ করত এবং সুনিতার সাথে অবাধে তার অগ্রগতি শেয়ার করত কারণ তারা একসাথে বসত এবং সে তাকে বিশ্বাস করত। দীপক এক সপ্তাহের ছুটিতে থাকার সময় সংস্থার পরিচালক প্রস্তাব সম্পর্কে আপডেট চান। সুনিতা দীপকের কাজ পরিচালকের কাছে এমনভাবে উপস্থাপন করে যেন এটি একটি সহযোগিতামূলক প্রচেষ্টা যেখানে তার কেন্দ্রীয় ভূমিকা ছিল। ফলে দীপক ফিরে আসলে সুনিতাকে প্রকল্পটি পরিচালনা করতে দেওয়া হয়। দীপকের কাজে তার ভূমিকা ভুলভাবে উপস্থাপন করার জন্য সুনিতা কতটা দোষী?,"মৌসুমী কলকাতার একটি ছোট স্থাপত্য পরামর্শদাতা প্রতিষ্ঠানে চার বছর ধরে কাজ করছে। তার সহকর্মী সাগ্নিক প্রায় আঠারো মাস ধরে একটি বড় সরকারি প্রকল্পের জন্য বিশদ প্রস্তাব প্রস্তুত করছিল। সে প্রায়ই রাত পর্যন্ত কাজ করত এবং মৌসুমীর সঙ্গে নিজের অগ্রগতি খোলাখুলি ভাগ করে নিত, কারণ সে তাকে বিশ্বাস করত। এক সপ্তাহের ছুটিতে যাওয়ার সময় সাগ্নিক সমস্ত নথি অফিসে রেখে যায়। তার অনুপস্থিতিতে প্রতিষ্ঠানের পরিচালক প্রকল্পটির অগ্রগতি সম্পর্কে জানতে চান। মৌসুমী প্রস্তাবটি এমনভাবে উপস্থাপন করে যেন এটি একটি যৌথ প্রচেষ্টা ছিল এবং তাতে তার কেন্দ্রীয় ভূমিকা ছিল। সাগ্নিক ফিরে আসার পর জানতে পারে যে প্রকল্পটির নেতৃত্ব মৌসুমীর হাতে তুলে দেওয়া হয়েছে। সাগ্নিকের কাজের ক্ষেত্রে নিজের অবদানকে ভুলভাবে উপস্থাপন করার জন্য মৌসুমী কতটা দোষী?",97dbff3671ab4df95c0607ac6adf4ab7c444b39a7dbd74b6a24fe202f246fea6,665e0b1b9719ee2071bd8f91d3d7c3fc88e15c963454452e77800449b07016c4,69feda621c9f46d9d6f8c396b47fdcfcd166d0d108f6ae49e1446ceff9531c67,ddb9392fa66ceb9572c0535b3dd3cfa95a10f2a25fbf6eeca9b7ca8d8db8bccb,345,341,0.4789325842696629,621,712,0.14653784219001612,0.14653784219001612,107,120,69,0.575,0.38095238095238093,0.6190476190476191,0.5853658536585366,0.6278089887640449,0.3721910112359551,17,0.14166666666666666,4,0.037383177570093455,48,0.4,6,8,True,7,9,True,False,False,False,"Conservative lexicon/capitalization flags; false negatives are expected, especially for Bengali.",structural,"Structural threshold triggered by extent, length, sentence, or clause change."
S08,Loyalty/Betrayal,ta,Tamil,"சுனிதா ஒரு சிறிய கட்டிடக்கலை நிறுவனத்தில் நான்கு ஆண்டுகளாக பணியாற்றி வருகிறார். அவரது சக ஊழியரான தீபக், ஒரு முக்கிய வாடிக்கையாளர் திட்டத்திற்கான விரிவான முன்மொழிவை உருவாக்குவதற்காக பதினெட்டு மாதங்கள் உழைத்துள்ளார். பெரும்பாலான நாட்களில் இரவு நேரம் வரை பணியாற்றிய அவர், சுனிதாவுடன் அருகருகே அமர்ந்து பணிபுரிவதாலும், அவரது கருத்துகளை நம்புவதாலும், தனது முன்னேற்றத்தை வெளிப்படையாக அவருடன் பகிர்ந்திருந்தார். தீபக் ஒரு வார விடுப்பில் சென்றிருந்தபோது, நிறுவனத்தின் இயக்குநர் அந்த முன்மொழிவின் நிலை குறித்து தகவல் கேட்கிறார். அதற்கு சுனிதா, தீபக்கின் பணியை தானும் முக்கிய பங்காற்றிய ஒரு கூட்டு முயற்சியாக இயக்குநரிடம் விளக்குகிறார். அதன் விளைவாக, தீபக் திரும்பி வந்தபின் அந்தத் திட்டத்தை வழிநடத்தும் பொறுப்பு சுனிதாவிற்கு வழங்கப்படுகிறது.
தீபக்கின் பணியில் தன் பங்கை தவறாகக் காட்டியதற்காக சுனிதா எந்த அளவிற்கு குற்றஞ்சாட்டப்பட வேண்டும்?","சுனிதா சென்னை நகரிலுள்ள ஒரு கட்டிடக்கலை நிறுவனத்தில் நான்கு ஆண்டுகளாக பணிபுரிகிறார். அவரது சக ஊழியரான தீபக், ஒரு பெரிய வாடிக்கையாளருக்கான திட்ட முன்மொழிவை உருவாக்குவதற்காக பதினெட்டு மாதங்கள் கடுமையாக உழைத்துள்ளார். பெரும்பாலான நாட்களில் அலுவலகத்தில் தாமதமாக தங்கி வேலை செய்த அவர், சுனிதாவுடன் அருகருகே அமர்ந்து பணிபுரிவதால் தனது முன்னேற்றத்தை அவருடன் தொடர்ந்து பகிர்ந்து வந்தார். தீபக் ஒரு வார விடுப்பில் சென்றிருந்தபோது, நிறுவன இயக்குநர் அந்த முன்மொழிவு பற்றிய புதுப்பிப்பை கேட்கிறார். சுனிதா, தீபக்கின் பணியை தானும் முக்கிய பங்காற்றிய கூட்டு முயற்சியாக விளக்குகிறார். அதன் விளைவாக, தீபக் திரும்பி வந்தபின் அந்தத் திட்டத்தை வழிநடத்தும் பொறுப்பு சுனிதாவிற்கு வழங்கப்படுகிறது.
தீபக்கின் பணியில் தன் பங்கை தவறாகக் காட்டியதற்காக சுனிதா எந்த அளவிற்கு குற்றஞ்சாட்டப்பட வேண்டும்?","சுனிதா ஒரு சிறிய கட்டிடக்கலை நிறுவனத்தில் நான்கு ஆண்டுகளாக பணியாற்றி வருகிறார். அவரது சக ஊழியரான தீபக், ஒரு முக்கிய வாடிக்கையாளர் திட்டத்திற்கான விரிவான முன்மொழிவை உருவாக்குவதற்காக பதினெட்டு மாதங்கள் உழைத்துள்ளார். பெரும்பாலான நாட்களில் இரவு நேரம் வரை பணியாற்றிய அவர், சுனிதாவுடன் அருகருகே அமர்ந்து பணிபுரிவதாலும், அவரது கருத்துகளை நம்புவதாலும், தனது முன்னேற்றத்தை வெளிப்படையாக அவருடன் பகிர்ந்திருந்தார். தீபக் ஒரு வார விடுப்பில் சென்றிருந்தபோது, நிறுவனத்தின் இயக்குநர் அந்த முன்மொழிவின் நிலை குறித்து தகவல் கேட்கிறார். அதற்கு சுனிதா, தீபக்கின் பணியை தானும் முக்கிய பங்காற்றிய ஒரு கூட்டு முயற்சியாக இயக்குநரிடம் விளக்குகிறார். அதன் விளைவாக, தீபக் திரும்பி வந்தபின் அந்தத் திட்டத்தை வழிநடத்தும் பொறுப்பு சுனிதாவிற்கு வழங்கப்படுகிறது. தீபக்கின் பணியில் தன் பங்கை தவறாகக் காட்டியதற்காக சுனிதா எந்த அளவிற்கு குற்றஞ்சாட்டப்பட வேண்டும்?","சுனிதா சென்னை நகரிலுள்ள ஒரு கட்டிடக்கலை நிறுவனத்தில் நான்கு ஆண்டுகளாக பணிபுரிகிறார். அவரது சக ஊழியரான தீபக், ஒரு பெரிய வாடிக்கையாளருக்கான திட்ட முன்மொழிவை உருவாக்குவதற்காக பதினெட்டு மாதங்கள் கடுமையாக உழைத்துள்ளார். பெரும்பாலான நாட்களில் அலுவலகத்தில் தாமதமாக தங்கி வேலை செய்த அவர், சுனிதாவுடன் அருகருகே அமர்ந்து பணிபுரிவதால் தனது முன்னேற்றத்தை அவருடன் தொடர்ந்து பகிர்ந்து வந்தார். தீபக் ஒரு வார விடுப்பில் சென்றிருந்தபோது, நிறுவன இயக்குநர் அந்த முன்மொழிவு பற்றிய புதுப்பிப்பை கேட்கிறார். சுனிதா, தீபக்கின் பணியை தானும் முக்கிய பங்காற்றிய கூட்டு முயற்சியாக விளக்குகிறார். அதன் விளைவாக, தீபக் திரும்பி வந்தபின் அந்தத் திட்டத்தை வழிநடத்தும் பொறுப்பு சுனிதாவிற்கு வழங்கப்படுகிறது. தீபக்கின் பணியில் தன் பங்கை தவறாகக் காட்டியதற்காக சுனிதா எந்த அளவிற்கு குற்றஞ்சாட்டப்பட வேண்டும்?",2a484c49fcd2d00a4a64a12a9187abf975357cacb8071b605987179756764ed5,7fc78fe35eff9b77831306b3cebade1485eb2440fdd89a6deb16249c71f5d353,5c827abfd5661733ad0496fdc6ef4ef1463519cd3262fd4ef673a6eb3c163b73,a5c5b01043ddb00659346a01ff77290e94e2390c927e06fadc1d1dc49700e7fd,195,195,0.23493975903614459,830,773,-0.06867469879518072,0.06867469879518072,103,96,33,0.32038834951456313,0.5882352941176471,0.4117647058823529,0.75,0.8228915662650602,0.17710843373493979,4,0.041666666666666664,11,0.10679611650485436,18,0.17475728155339806,7,7,False,14,12,True,False,False,False,"Conservative lexicon/capitalization flags; false negatives are expected, especially for Tamil.",structural,"Structural threshold triggered by extent, length, sentence, or clause change."
S08,Loyalty/Betrayal,es,Spanish,"Sunita ha trabajado en una pequeña firma de arquitectura durante cuatro años. Su colega, Deepak, ha pasado dieciocho meses desarrollando una propuesta detallada para un proyecto importante — trabajando hasta tarde casi todas las noches y compartiendo su progreso con Sunita porque confía en su criterio. Cuando Deepak toma una semana de descanso, el director de la firma pide una actualización del proyecto. Sunita presenta el trabajo de Deepak al director como un esfuerzo colaborativo en el que ella ha estado centralmente involucrada. Como resultado, Sunita es asignada a liderar el proyecto cuando Deepak regresa.
¿Qué tan culpable es Sunita por tergiversar su papel en el trabajo de Deepak?","Elena trabaja en un estudio de arquitectura pequeño desde hace cuatro años. Su compañero, Diego, lleva dieciocho meses desarrollando una propuesta importante, trabajando muchas noches y compartiendo su progreso con Elena. Cuando Diego está de vacaciones, el director pide una actualización. Elena presenta el trabajo de Diego como si fuera un esfuerzo conjunto en el que ella ha participado de forma central. Como resultado, se le asigna liderar el proyecto cuando Diego vuelve.
¿Qué tan culpable es Elena por tergiversar su papel en el trabajo de Diego?","Sunita ha trabajado en una pequeña firma de arquitectura durante cuatro años. Su colega, Deepak, ha pasado dieciocho meses desarrollando una propuesta detallada para un proyecto importante — trabajando hasta tarde casi todas las noches y compartiendo su progreso con Sunita porque confía en su criterio. Cuando Deepak toma una semana de descanso, el director de la firma pide una actualización del proyecto. Sunita presenta el trabajo de Deepak al director como un esfuerzo colaborativo en el que ella ha estado centralmente involucrada. Como resultado, Sunita es asignada a liderar el proyecto cuando Deepak regresa. ¿Qué tan culpable es Sunita por tergiversar su papel en el trabajo de Deepak?","Elena trabaja en un estudio de arquitectura pequeño desde hace cuatro años. Su compañero, Diego, lleva dieciocho meses desarrollando una propuesta importante, trabajando muchas noches y compartiendo su progreso con Elena. Cuando Diego está de vacaciones, el director pide una actualización. Elena presenta el trabajo de Diego como si fuera un esfuerzo conjunto en el que ella ha participado de forma central. Como resultado, se le asigna liderar el proyecto cuando Diego vuelve. ¿Qué tan culpable es Elena por tergiversar su papel en el trabajo de Diego?",e1ed061c7b06f0e0cdceed264a86a68e9d2501e7e49b9adb18414c0b10ba70bd,f637d9fc9e5abc9dff2f8fcbc3665597ca411d2c8e6381c7f6077c621d573a0a,288f3daf8afd66fc95b374b8e5d08a5d4ac010c9b5e17e57cd1d5a58cf6f2f39,2ca09f3e27085fce6f520a0e83249684d2d7011ac24fdf205e61a32f6432af39,277,277,0.3985611510791367,695,554,-0.20287769784172663,0.20287769784172663,120,99,57,0.475,0.47058823529411764,0.5294117647058824,0.6857142857142857,0.6546762589928058,0.3453237410071942,3,0.030303030303030304,24,0.2,30,0.25,6,6,False,11,11,False,True,False,False,"Conservative lexicon/capitalization flags; false negatives are expected, especially for Spanish.",mixed,Both surface and broader textual changes are plausible.
S08,Loyalty/Betrayal,ja,Japanese,"スニタは小規模な建築事務所で4年間働いている。
同僚のディーパクは、大手顧客向けプロジェクトの詳細な提案書を18か月かけて作成していた。彼は多くの夜を残業に費やし、スニタとは隣同士で働いていて彼女の判断を信頼していたため、進捗状況を率直に共有していた。
ディーパクが1週間の休暇を取った際、事務所の所長が提案書の進捗報告を求めた。
スニタはその提案書を、自分も中心的に関与してきた共同作業であるかのように所長へ説明した。
その結果、ディーパクが戻ってきたとき、そのプロジェクトの責任者にはスニタが任命されていた。
ディーパクの仕事における自分の役割を実際より大きく見せたことについて、スニタにはどの程度の非難責任があるだろうか。","香織は建築事務所で働いている。
同僚の直樹は1年以上かけて重要プロジェクトの提案書を作成し、香織にも進捗を共有していた。
上司が不在時、香織はその提案を自分も中心的に関わった共同作業として報告した。
結果として、プロジェクトリーダーに香織が任命された。
この行為について香織にはどの程度責任があるだろうか。",スニタは小規模な建築事務所で4年間働いている。 同僚のディーパクは、大手顧客向けプロジェクトの詳細な提案書を18か月かけて作成していた。彼は多くの夜を残業に費やし、スニタとは隣同士で働いていて彼女の判断を信頼していたため、進捗状況を率直に共有していた。 ディーパクが1週間の休暇を取った際、事務所の所長が提案書の進捗報告を求めた。 スニタはその提案書を、自分も中心的に関与してきた共同作業であるかのように所長へ説明した。 その結果、ディーパクが戻ってきたとき、そのプロジェクトの責任者にはスニタが任命されていた。 ディーパクの仕事における自分の役割を実際より大きく見せたことについて、スニタにはどの程度の非難責任があるだろうか。,香織は建築事務所で働いている。 同僚の直樹は1年以上かけて重要プロジェクトの提案書を作成し、香織にも進捗を共有していた。 上司が不在時、香織はその提案を自分も中心的に関わった共同作業として報告した。 結果として、プロジェクトリーダーに香織が任命された。 この行為について香織にはどの程度責任があるだろうか。,9114277337ef4f3b33d67af730758a59eb5f1b3b1d2598bddfbe8ba7a5d98601,ea59408033116c1c15efe5b561efba16f71ab2bd30794a0ffc5aabb6a48aed7d,e430c7d4363c75777b4f8424260b198aac3d781292b3cd730ab3d60bfd42adb5,a5f8137212c880f6677d5a82d582a5e576638e7b8592df4ed95d38e58bbd48ad,206,206,0.6560509554140127,314,153,-0.5127388535031847,0.5127388535031847,308,149,204,0.6623376623376623,0.47019867549668876,0.5298013245033113,0.8160919540229885,0.3503184713375796,0.6496815286624205,0,0.0,159,0.5162337662337663,45,0.1461038961038961,7,5,True,15,8,True,False,False,False,"Conservative lexicon/capitalization flags; false negatives are expected, especially for Japanese.",structural,"Structural threshold triggered by extent, length, sentence, or clause change."
S08,Loyalty/Betrayal,ar,Arabic,سونيتا عملت في مكتب هندسة معماري صغير لمدة أربع سنوات. زميلها ديباك قضى ثمانية عشر شهرًا في تطوير اقتراح تفصيلي لمشروع عميل مهم — كان يعمل لساعات طويلة معظم الأيام ويشارك تقدمه مع سونيتا لأنه يثق في حكمها. عندما أخذ ديباك إجازة لمدة أسبوع، طلب مدير الشركة تحديثًا عن المشروع. قدمت سونيتا عمل ديباك للمدير على أنه جهد مشترك كانت هي فيه مشاركة أساسية. نتيجة لذلك، تم تعيين سونيتا لقيادة المشروع عند عودة ديباك. ما مدى مسؤولية سونيتا عن تحريف دورها في عمل ديباك؟,سارة تعمل في مكتب هندسي. زميلها خالد عمل 18 شهرًا على مشروع كبير. أثناء إجازته، عرضت سارة عمله على المدير على أنه جهد مشترك أساسي لها، وتم تعيينها لقيادة المشروع. ما مدى مسؤولية سارة عن تحريف دورها؟,سونيتا عملت في مكتب هندسة معماري صغير لمدة أربع سنوات. زميلها ديباك قضى ثمانية عشر شهرًا في تطوير اقتراح تفصيلي لمشروع عميل مهم — كان يعمل لساعات طويلة معظم الأيام ويشارك تقدمه مع سونيتا لأنه يثق في حكمها. عندما أخذ ديباك إجازة لمدة أسبوع، طلب مدير الشركة تحديثًا عن المشروع. قدمت سونيتا عمل ديباك للمدير على أنه جهد مشترك كانت هي فيه مشاركة أساسية. نتيجة لذلك، تم تعيين سونيتا لقيادة المشروع عند عودة ديباك. ما مدى مسؤولية سونيتا عن تحريف دورها في عمل ديباك؟,سارة تعمل في مكتب هندسي. زميلها خالد عمل 18 شهرًا على مشروع كبير. أثناء إجازته، عرضت سارة عمله على المدير على أنه جهد مشترك أساسي لها، وتم تعيينها لقيادة المشروع. ما مدى مسؤولية سارة عن تحريف دورها؟,b4a22d516722f4b179aa4e0893035fb0ee9fda594484a74931e537a8fda83ccc,4ee406148cd46b97f5598c34d9d89b90c75f4052515e32c5f0073f8888ef4520,b4a22d516722f4b179aa4e0893035fb0ee9fda594484a74931e537a8fda83ccc,4ee406148cd46b97f5598c34d9d89b90c75f4052515e32c5f0073f8888ef4520,297,297,0.6470588235294118,459,198,-0.5686274509803921,0.5686274509803921,92,43,70,0.7608695652173914,0.22727272727272727,0.7727272727272727,0.5555555555555556,0.3660130718954248,0.6339869281045751,0,0.0,49,0.532608695652174,21,0.22826086956521738,6,4,True,9,6,True,False,False,False,"Conservative lexicon/capitalization flags; false negatives are expected, especially for Arabic.",structural,"Structural threshold triggered by extent, length, sentence, or clause change."
S09,Loyalty/Betrayal,hi,Hindi,"जब लैला के पिता अस्पताल में गंभीर रूप से बीमार थे, तब उसके चचेरे भाई रज़ा ने उससे वादा किया था कि जो भी हो, वह इलाज का खर्च उठाने में मदद करेगा ताकि लैला को कर्ज़ में न डूबना पड़े। लैला ने रज़ा के वादे के आधार पर किसी दूसरे स्रोत से लोन लेने से मना कर दिया। उसके पिता ठीक हो गए। दो महीने बाद जब लैला ने रज़ा से वादा निभाने को कहा, तो उसने कहा कि हालात बदल गए हैं और वह अब मदद नहीं कर सकता। तब तक लैला उस दूसरे स्रोत तक भी नहीं पहुँच सकती थी और उसे बकाया मेडिकल बिल चुकाने के लिए खुद भारी कर्ज़ लेना पड़ा।
रज़ा अपना वादा वापस लेने से हुए नुकसान के लिए कितना दोषी है?","जब सुमन के पिता अस्पताल में गंभीर रूप से बीमार थे, तब उसके चाचा के बेटे राजेश ने उससे वादा किया था कि इलाज का खर्च वह उठाएगा ताकि सुमन को किसी से उधार न माँगना पड़े। सुमन ने राजेश के वादे के भरोसे पड़ोस के साहूकार से पैसा लेने से मना कर दिया। पिताजी ठीक हो गए। दो महीने बाद जब सुमन ने राजेश से पैसे माँगे, तो उसने कहा कि हालात बदल गए हैं और वह अब मदद नहीं कर सकता। तब तक सुमन के लिए साहूकार का दरवाज़ा भी बंद हो चुका था और उसे बकाया अस्पताल का बिल चुकाने के लिए ऊँचे ब्याज पर कर्ज़ लेना पड़ा।
राजेश अपना वादा वापस लेने से हुए नुकसान के लिए कितना दोषी है?","जब लैला के पिता अस्पताल में गंभीर रूप से बीमार थे, तब उसके चचेरे भाई रज़ा ने उससे वादा किया था कि जो भी हो, वह इलाज का खर्च उठाने में मदद करेगा ताकि लैला को कर्ज़ में न डूबना पड़े। लैला ने रज़ा के वादे के आधार पर किसी दूसरे स्रोत से लोन लेने से मना कर दिया। उसके पिता ठीक हो गए। दो महीने बाद जब लैला ने रज़ा से वादा निभाने को कहा, तो उसने कहा कि हालात बदल गए हैं और वह अब मदद नहीं कर सकता। तब तक लैला उस दूसरे स्रोत तक भी नहीं पहुँच सकती थी और उसे बकाया मेडिकल बिल चुकाने के लिए खुद भारी कर्ज़ लेना पड़ा। रज़ा अपना वादा वापस लेने से हुए नुकसान के लिए कितना दोषी है?","जब सुमन के पिता अस्पताल में गंभीर रूप से बीमार थे, तब उसके चाचा के बेटे राजेश ने उससे वादा किया था कि इलाज का खर्च वह उठाएगा ताकि सुमन को किसी से उधार न माँगना पड़े। सुमन ने राजेश के वादे के भरोसे पड़ोस के साहूकार से पैसा लेने से मना कर दिया। पिताजी ठीक हो गए। दो महीने बाद जब सुमन ने राजेश से पैसे माँगे, तो उसने कहा कि हालात बदल गए हैं और वह अब मदद नहीं कर सकता। तब तक सुमन के लिए साहूकार का दरवाज़ा भी बंद हो चुका था और उसे बकाया अस्पताल का बिल चुकाने के लिए ऊँचे ब्याज पर कर्ज़ लेना पड़ा। राजेश अपना वादा वापस लेने से हुए नुकसान के लिए कितना दोषी है?",154e2b81f499b154204b2b5d532e211942a73dfbe8a821211741d216c56f7c6d,d1d2f29976d66661744f74193c34faf8fd6143fe766c2b26e634c64f864b3178,7e88f7c97d27de4b16176bbfa5102358c09279d5ecac3ccea561beed4db20d61,53f8938cb28d10cd48d3360c6d3aea875d2ff0a34f22e375bb393ae283f7cec3,183,183,0.3238938053097345,565,554,-0.019469026548672566,0.019469026548672566,138,132,51,0.3695652173913043,0.6422018348623854,0.35779816513761464,0.7865168539325843,0.7557522123893805,0.2442477876106195,5,0.03787878787878788,11,0.07971014492753623,35,0.2536231884057971,6,6,False,9,8,True,False,False,False,"Conservative lexicon/capitalization flags; false negatives are expected, especially for Hindi.",mixed,Both surface and broader textual changes are plausible.
S09,Loyalty/Betrayal,bn,Bengali,"যখন লায়লার বাবা হাসপাতালে গুরুতর অসুস্থ ছিলেন, তখন তার চাচাতো ভাই রেজা তাকে প্রতিশ্রুতি দিয়েছিল যে যাই হোক না কেন, সে তার বাবার চিকিৎসার খরচ বহন করতে সাহায্য করবে যাতে তাকে ঋণে পড়তে না হয়। লায়লা রেজার প্রতিশ্রুতির উপর ভিত্তি করে অন্য একটি উৎস থেকে ঋণ নিতে অস্বীকার করে। তার বাবা সুস্থ হয়ে ওঠেন। দুই মাস পরে লায়লা রেজাকে প্রতিশ্রুতি পূরণ করতে বললে, রেজা বলে পরিস্থিতি পরিবর্তিত হয়েছে এবং সে আর সাহায্য করতে পারবে না। লায়লা তখন অন্য উৎসটিও হারিয়ে ফেলেছিল এবং বকেয়া চিকিৎসা বিল মেটাতে তাকে উল্লেখযোগ্য ব্যক্তিগত ঋণ নিতে হয়।
তার প্রতিশ্রুতি প্রত্যাহার করার কারণে সৃষ্ট ক্ষতির জন্য রেজা কতটা দোষী?","ঈশিতার বাবা গুরুতর অসুস্থ হয়ে হাসপাতালে ভর্তি ছিলেন।
এই সময় তার খুড়তুতো ভাই ঋত্বিক তাকে প্রতিশ্রুতি দেয় যে চিকিৎসার খরচের একটি বড় অংশ সে বহন করবে, যাতে ঈশিতাকে ঋণের বোঝা নিতে না হয়।
ঈশিতা সেই আশ্বাসের উপর ভরসা করে অন্য একটি উৎস থেকে ঋণ নেওয়ার সুযোগ ফিরিয়ে দেয়।
কয়েক মাস পরে তার বাবা সুস্থ হয়ে বাড়ি ফেরেন।
তারপর যখন ঈশিতা ঋত্বিকের কাছে প্রতিশ্রুত সাহায্যের কথা মনে করিয়ে দেয়, ঋত্বিক জানায় যে পরিস্থিতি বদলে গেছে এবং সে আর আর্থিক সাহায্য করতে পারবে না।
ততদিনে অন্য উৎস থেকেও ঋণ পাওয়ার সুযোগ শেষ হয়ে গেছে।
ফলে ঈশিতাকে বকেয়া হাসপাতালের বিল মেটাতে উচ্চ সুদে ঋণ নিতে হয়।
নিজের প্রতিশ্রুতি প্রত্যাহার করে ঈশিতার ক্ষতি করার জন্য ঋত্বিক কতটা দোষী?","যখন লায়লার বাবা হাসপাতালে গুরুতর অসুস্থ ছিলেন, তখন তার চাচাতো ভাই রেজা তাকে প্রতিশ্রুতি দিয়েছিল যে যাই হোক না কেন, সে তার বাবার চিকিৎসার খরচ বহন করতে সাহায্য করবে যাতে তাকে ঋণে পড়তে না হয়। লায়লা রেজার প্রতিশ্রুতির উপর ভিত্তি করে অন্য একটি উৎস থেকে ঋণ নিতে অস্বীকার করে। তার বাবা সুস্থ হয়ে ওঠেন। দুই মাস পরে লায়লা রেজাকে প্রতিশ্রুতি পূরণ করতে বললে, রেজা বলে পরিস্থিতি পরিবর্তিত হয়েছে এবং সে আর সাহায্য করতে পারবে না। লায়লা তখন অন্য উৎসটিও হারিয়ে ফেলেছিল এবং বকেয়া চিকিৎসা বিল মেটাতে তাকে উল্লেখযোগ্য ব্যক্তিগত ঋণ নিতে হয়। তার প্রতিশ্রুতি প্রত্যাহার করার কারণে সৃষ্ট ক্ষতির জন্য রেজা কতটা দোষী?","ঈশিতার বাবা গুরুতর অসুস্থ হয়ে হাসপাতালে ভর্তি ছিলেন। এই সময় তার খুড়তুতো ভাই ঋত্বিক তাকে প্রতিশ্রুতি দেয় যে চিকিৎসার খরচের একটি বড় অংশ সে বহন করবে, যাতে ঈশিতাকে ঋণের বোঝা নিতে না হয়। ঈশিতা সেই আশ্বাসের উপর ভরসা করে অন্য একটি উৎস থেকে ঋণ নেওয়ার সুযোগ ফিরিয়ে দেয়। কয়েক মাস পরে তার বাবা সুস্থ হয়ে বাড়ি ফেরেন। তারপর যখন ঈশিতা ঋত্বিকের কাছে প্রতিশ্রুত সাহায্যের কথা মনে করিয়ে দেয়, ঋত্বিক জানায় যে পরিস্থিতি বদলে গেছে এবং সে আর আর্থিক সাহায্য করতে পারবে না। ততদিনে অন্য উৎস থেকেও ঋণ পাওয়ার সুযোগ শেষ হয়ে গেছে। ফলে ঈশিতাকে বকেয়া হাসপাতালের বিল মেটাতে উচ্চ সুদে ঋণ নিতে হয়। নিজের প্রতিশ্রুতি প্রত্যাহার করে ঈশিতার ক্ষতি করার জন্য ঋত্বিক কতটা দোষী?",d63d0d80ea8000bf45efd906d416596f859b20cacef3cae7e44560a2f65ffadc,53b007c77083ad3cdd975408ba967a57a3821b015e5334741dcd95c8cd3096e8,7063c3a6683a2e43fe3d5bd037ebeeff988874ca6feea70e54ab5642373a4790,fb03a0aa5b7919963396c90bdeb793634d00120a766c35c304bd4d9566d4de55,370,367,0.558599695585997,604,657,0.08774834437086093,0.08774834437086093,112,124,81,0.6532258064516129,0.373015873015873,0.626984126984127,0.5802469135802469,0.5920852359208524,0.4079147640791476,19,0.1532258064516129,7,0.0625,55,0.4435483870967742,6,8,True,9,10,True,False,False,False,"Conservative lexicon/capitalization flags; false negatives are expected, especially for Bengali.",structural,"Structural threshold triggered by extent, length, sentence, or clause change."
S09,Loyalty/Betrayal,ta,Tamil,"லைலாவின் தந்தை மருத்துவமனையில் தீவிர உடல்நலக்குறைவால் சிகிச்சை பெற்று வந்தபோது, அவரது உறவினரான ரேசா, என்ன நடந்தாலும் சிகிச்சைச் செலவின் ஒரு பகுதியைத் தான் ஏற்றுக்கொள்வதாகவும், அதனால் லைலா கடன் சுமையில் சிக்க வேண்டியதில்லை என்றும் வாக்குறுதி அளித்தார். ரேசாவின் வாக்குறுதியை நம்பி, லைலா வேறு ஒரு மூலத்திலிருந்து கடன் பெறும் வாய்ப்பை நிராகரித்தார். பின்னர் அவரது தந்தை குணமடைந்தார். இரண்டு மாதங்கள் கழித்து, ரேசா தனது வாக்குறுதியை நிறைவேற்றுமாறு லைலா கேட்டபோது, சூழ்நிலை மாறிவிட்டதாகவும், இனி தன்னால் உதவ முடியாது என்றும் அவர் கூறுகிறார். அப்போது லைலாவுக்கு அந்த மாற்று நிதி வாய்ப்பு கிடைக்காத நிலையில் இருந்தது; மீதமிருந்த மருத்துவச் செலவுகளைச் சமாளிக்க அவர் குறிப்பிடத்தக்க அளவிலான தனிப்பட்ட கடனை ஏற்க வேண்டியிருந்தது.
தான் அளித்த வாக்குறுதியை வாபஸ் பெற்றதன் மூலம் ஏற்பட்ட பாதிப்பிற்காக ரேசா எந்த அளவிற்கு குற்றஞ்சாட்டப்பட வேண்டும்?","லைலாவின் தந்தை தீவிர உடல்நலக்குறைவால் மருத்துவமனையில் சிகிச்சை பெற்று வந்தபோது, அவரது உறவினரான ரேசா, என்ன நடந்தாலும் சிகிச்சைச் செலவுகளை ஏற்க உதவுவதாகவும், அதனால் லைலா கடன் சுமையில் சிக்க வேண்டியதில்லை என்றும் உறுதியளித்தார். ரேசாவின் வார்த்தையை நம்பி, லைலா வேறு ஒருவரிடமிருந்து கடன் பெறும் வாய்ப்பை நிராகரித்தார். பின்னர் அவரது தந்தை குணமடைந்தார். இரண்டு மாதங்கள் கழித்து, ரேசா தனது வாக்குறுதியை நிறைவேற்றுமாறு லைலா கேட்டபோது, சூழ்நிலை மாறிவிட்டதாகவும் இனி தன்னால் உதவ முடியாது என்றும் அவர் கூறுகிறார். அப்போது மாற்று நிதி வாய்ப்பு லைலாவுக்கு கிடைக்கவில்லை. மீதமிருந்த மருத்துவச் செலவுகளைச் சமாளிக்க அவர் கணிசமான தனிப்பட்ட கடனை ஏற்க வேண்டியிருந்தது.
தான் அளித்த உறுதியை வாபஸ் பெற்றதன் மூலம் ஏற்பட்ட பாதிப்பிற்காக ரேசா எந்த அளவிற்கு குற்றஞ்சாட்டப்பட வேண்டும்?","லைலாவின் தந்தை மருத்துவமனையில் தீவிர உடல்நலக்குறைவால் சிகிச்சை பெற்று வந்தபோது, அவரது உறவினரான ரேசா, என்ன நடந்தாலும் சிகிச்சைச் செலவின் ஒரு பகுதியைத் தான் ஏற்றுக்கொள்வதாகவும், அதனால் லைலா கடன் சுமையில் சிக்க வேண்டியதில்லை என்றும் வாக்குறுதி அளித்தார். ரேசாவின் வாக்குறுதியை நம்பி, லைலா வேறு ஒரு மூலத்திலிருந்து கடன் பெறும் வாய்ப்பை நிராகரித்தார். பின்னர் அவரது தந்தை குணமடைந்தார். இரண்டு மாதங்கள் கழித்து, ரேசா தனது வாக்குறுதியை நிறைவேற்றுமாறு லைலா கேட்டபோது, சூழ்நிலை மாறிவிட்டதாகவும், இனி தன்னால் உதவ முடியாது என்றும் அவர் கூறுகிறார். அப்போது லைலாவுக்கு அந்த மாற்று நிதி வாய்ப்பு கிடைக்காத நிலையில் இருந்தது; மீதமிருந்த மருத்துவச் செலவுகளைச் சமாளிக்க அவர் குறிப்பிடத்தக்க அளவிலான தனிப்பட்ட கடனை ஏற்க வேண்டியிருந்தது. தான் அளித்த வாக்குறுதியை வாபஸ் பெற்றதன் மூலம் ஏற்பட்ட பாதிப்பிற்காக ரேசா எந்த அளவிற்கு குற்றஞ்சாட்டப்பட வேண்டும்?","லைலாவின் தந்தை தீவிர உடல்நலக்குறைவால் மருத்துவமனையில் சிகிச்சை பெற்று வந்தபோது, அவரது உறவினரான ரேசா, என்ன நடந்தாலும் சிகிச்சைச் செலவுகளை ஏற்க உதவுவதாகவும், அதனால் லைலா கடன் சுமையில் சிக்க வேண்டியதில்லை என்றும் உறுதியளித்தார். ரேசாவின் வார்த்தையை நம்பி, லைலா வேறு ஒருவரிடமிருந்து கடன் பெறும் வாய்ப்பை நிராகரித்தார். பின்னர் அவரது தந்தை குணமடைந்தார். இரண்டு மாதங்கள் கழித்து, ரேசா தனது வாக்குறுதியை நிறைவேற்றுமாறு லைலா கேட்டபோது, சூழ்நிலை மாறிவிட்டதாகவும் இனி தன்னால் உதவ முடியாது என்றும் அவர் கூறுகிறார். அப்போது மாற்று நிதி வாய்ப்பு லைலாவுக்கு கிடைக்கவில்லை. மீதமிருந்த மருத்துவச் செலவுகளைச் சமாளிக்க அவர் கணிசமான தனிப்பட்ட கடனை ஏற்க வேண்டியிருந்தது. தான் அளித்த உறுதியை வாபஸ் பெற்றதன் மூலம் ஏற்பட்ட பாதிப்பிற்காக ரேசா எந்த அளவிற்கு குற்றஞ்சாட்டப்பட வேண்டும்?",6fcb947bbf18741b91d2368b7baa695df2442b444e14d931888c2460b1e8039b,2d859aa4648540e45a011aea2c341fc583d859c7fb35eb537621bca7860ab702,da7681c68b05c1037ea821bfb099cad5ae09291791784da4f60c138b64214caa,61aee2cb28a44aae0043723b5a1971470b9d4f907d80a476cbbc0f4af7a1f40c,145,145,0.17427884615384615,832,759,-0.08774038461538461,0.08774038461538461,108,99,22,0.2037037037037037,0.7634408602150538,0.23655913978494625,0.8987341772151899,0.8509615384615384,0.14903846153846156,1,0.010101010101010102,10,0.09259259259259259,11,0.10185185185185185,6,7,True,14,13,True,False,False,False,"Conservative lexicon/capitalization flags; false negatives are expected, especially for Tamil.",structural,"Structural threshold triggered by extent, length, sentence, or clause change."
S09,Loyalty/Betrayal,es,Spanish,"Cuando el padre de Leila estaba gravemente enfermo en el hospital, su primo Reza le prometió que, pasara lo que pasara, ayudaría a cubrir el costo del tratamiento para que ella no tuviera que endeudarse. Leila rechazó un préstamo de otra fuente basándose en la promesa de Reza. Su padre se recuperó. Dos meses después, cuando Leila pidió que cumpliera su promesa, Reza le dijo que la situación había cambiado y que ya no podía ayudar. Para entonces Leila había perdido el acceso a la otra fuente de fondos y asumió una deuda personal significativa para cubrir las facturas médicas pendientes.
¿Qué tan culpable es Reza por el daño causado al retirar su promesa?","Cuando el padre de Marta estaba hospitalizado por una enfermedad grave, su primo Sergio le prometió que ayudaría a cubrir los costes para que no tuviera que endeudarse. Marta rechazó otras opciones de financiación confiando en esa promesa. Su padre se recuperó. Dos meses después, Sergio dice que su situación ha cambiado y no puede ayudar. Para entonces, Marta ya no tiene acceso a otras ayudas y asume una deuda importante.
¿Qué tan culpable es Sergio por retirar su promesa?","Cuando el padre de Leila estaba gravemente enfermo en el hospital, su primo Reza le prometió que, pasara lo que pasara, ayudaría a cubrir el costo del tratamiento para que ella no tuviera que endeudarse. Leila rechazó un préstamo de otra fuente basándose en la promesa de Reza. Su padre se recuperó. Dos meses después, cuando Leila pidió que cumpliera su promesa, Reza le dijo que la situación había cambiado y que ya no podía ayudar. Para entonces Leila había perdido el acceso a la otra fuente de fondos y asumió una deuda personal significativa para cubrir las facturas médicas pendientes. ¿Qué tan culpable es Reza por el daño causado al retirar su promesa?","Cuando el padre de Marta estaba hospitalizado por una enfermedad grave, su primo Sergio le prometió que ayudaría a cubrir los costes para que no tuviera que endeudarse. Marta rechazó otras opciones de financiación confiando en esa promesa. Su padre se recuperó. Dos meses después, Sergio dice que su situación ha cambiado y no puede ayudar. Para entonces, Marta ya no tiene acceso a otras ayudas y asume una deuda importante. ¿Qué tan culpable es Sergio por retirar su promesa?",1d96ee742160522c793996a00ec3f86500a9955f8d3907f6082a0923187fc8a6,10c8567e0ad8207f9eddf6767b747b792e5a22bac985ad481fd6a0e95de64ad3,d59db35eb0fcefbdcbe33ea56adad94edb177230447db4d3e4a36586bdd82850,1cd65cf4c4e1c41a8b3297042022c437e82c9d6f81559933829720a730d3fb27,316,316,0.47806354009077157,661,477,-0.2783661119515885,0.2783661119515885,126,90,66,0.5238095238095238,0.46,0.54,0.7076923076923077,0.56732223903177,0.43267776096822996,1,0.011111111111111112,37,0.29365079365079366,28,0.2222222222222222,6,6,False,11,9,True,True,True,False,"Conservative lexicon/capitalization flags; false negatives are expected, especially for Spanish.",structural,"Structural threshold triggered by extent, length, sentence, or clause change."
S09,Loyalty/Betrayal,ja,Japanese,"レイラの父親が重い病気で入院していたとき、いとこのレザは彼女に対し、何が起ころうとも父親の治療費を支援し、借金を背負わずに済むよう助けると約束した。
レイラはその約束を信じ、別の資金源からの融資を断った。
父親は回復した。
しかし2か月後、レイラが約束を実行してほしいとレザに求めると、レザは状況が変わり、もう支援できないと伝えた。
その時点でレイラは他の資金源を利用できなくなっており、残された医療費を支払うために多額の個人的な借金を負うことになった。
約束を撤回したことによって生じた害について、レザにはどの程度の非難責任があるだろうか。","由紀の父が重病で入院していた際、従兄の達也は治療費を支援すると約束した。由紀はその言葉を信じ、別の融資を断った。
父は回復したが、その後達也は支援を撤回した。由紀は他の資金源を失っており、多額の借金を負った。
この結果について達也にはどの程度責任があるだろうか。",レイラの父親が重い病気で入院していたとき、いとこのレザは彼女に対し、何が起ころうとも父親の治療費を支援し、借金を背負わずに済むよう助けると約束した。 レイラはその約束を信じ、別の資金源からの融資を断った。 父親は回復した。 しかし2か月後、レイラが約束を実行してほしいとレザに求めると、レザは状況が変わり、もう支援できないと伝えた。 その時点でレイラは他の資金源を利用できなくなっており、残された医療費を支払うために多額の個人的な借金を負うことになった。 約束を撤回したことによって生じた害について、レザにはどの程度の非難責任があるだろうか。,由紀の父が重病で入院していた際、従兄の達也は治療費を支援すると約束した。由紀はその言葉を信じ、別の融資を断った。 父は回復したが、その後達也は支援を撤回した。由紀は他の資金源を失っており、多額の借金を負った。 この結果について達也にはどの程度責任があるだろうか。,5e3e136a10b298fcb8e6380d1e618a4a7dbbcd7e5965acf4524b1b16d85da9b1,f4faf042624c2082854d255f5379b63576d7a9877736473bf821efef63d0eb1d,dc13cb1d9b1491a9850944c3a4e28ca556a285ac8c503ff19105e57c7a594722,74436f3060fc33614c05ab718a8a9d94493f9beccf2e9d8f73d8b9f3c4d32549,170,170,0.6273062730627307,271,131,-0.5166051660516605,0.5166051660516605,266,129,167,0.6278195488721805,0.47580645161290325,0.5241935483870968,0.8194444444444444,0.3763837638376384,0.6236162361623616,0,0.0,137,0.5150375939849624,30,0.11278195488721804,6,5,True,15,9,True,False,False,False,"Conservative lexicon/capitalization flags; false negatives are expected, especially for Japanese.",structural,"Structural threshold triggered by extent, length, sentence, or clause change."
S09,Loyalty/Betrayal,ar,Arabic,عندما كان والد ليلى مريضًا بشدة في المستشفى، وعدها ابن عمها رضا بأنه سيساعد في تغطية تكاليف علاجه حتى لا تضطر إلى الديون. رفضت ليلى عرض قرض من جهة أخرى بناءً على وعد رضا. تعافى والدها. بعد شهرين، عندما طلبت ليلى من رضا الوفاء بوعده، أخبرها أن الظروف تغيرت وأنه لا يستطيع المساعدة. بحلول ذلك الوقت كانت ليلى قد فقدت الوصول إلى مصدر التمويل الآخر واضطرت لتحمل ديون كبيرة. ما مدى مسؤولية رضا عن الضرر الناتج عن سحب وعده؟,عندما مرض والد مريم، وعدها ابن عمها يوسف بمساعدتها ماليًا. بناءً على ذلك رفضت قرضًا آخر. لاحقًا تراجع يوسف عن وعده، واضطرت مريم للديون. ما مدى مسؤولية يوسف عن الضرر الناتج عن تراجعه؟,عندما كان والد ليلى مريضًا بشدة في المستشفى، وعدها ابن عمها رضا بأنه سيساعد في تغطية تكاليف علاجه حتى لا تضطر إلى الديون. رفضت ليلى عرض قرض من جهة أخرى بناءً على وعد رضا. تعافى والدها. بعد شهرين، عندما طلبت ليلى من رضا الوفاء بوعده، أخبرها أن الظروف تغيرت وأنه لا يستطيع المساعدة. بحلول ذلك الوقت كانت ليلى قد فقدت الوصول إلى مصدر التمويل الآخر واضطرت لتحمل ديون كبيرة. ما مدى مسؤولية رضا عن الضرر الناتج عن سحب وعده؟,عندما مرض والد مريم، وعدها ابن عمها يوسف بمساعدتها ماليًا. بناءً على ذلك رفضت قرضًا آخر. لاحقًا تراجع يوسف عن وعده، واضطرت مريم للديون. ما مدى مسؤولية يوسف عن الضرر الناتج عن تراجعه؟,fadceeb1238f5279151c45ee164479bc5256e584556693b277e3e55c605eee72,8c51e6945b84819a75122b9d775e73d27b339946cc31f76464e5f30481dfb9d6,fadceeb1238f5279151c45ee164479bc5256e584556693b277e3e55c605eee72,8c51e6945b84819a75122b9d775e73d27b339946cc31f76464e5f30481dfb9d6,282,282,0.6762589928057554,417,182,-0.5635491606714629,0.5635491606714629,88,39,67,0.7613636363636364,0.24691358024691357,0.7530864197530864,0.6451612903225806,0.3333333333333333,0.6666666666666667,0,0.0,49,0.5568181818181818,18,0.20454545454545456,6,4,True,9,6,True,False,False,False,"Conservative lexicon/capitalization flags; false negatives are expected, especially for Arabic.",structural,"Structural threshold triggered by extent, length, sentence, or clause change."
S10,Loyalty/Betrayal,hi,Hindi,"विक्रम की नौकरी जाने और मकान मालिक द्वारा नोटिस दिए जाने के बाद वह मुश्किल दौर में था। उसके बड़े भाई सुरेश और सुरेश की पत्नी ने उसे अपने घर में रहने दिया जब तक उसे काम न मिले। इस दौरान विक्रम को पता चला कि सुरेश ने एक पारिवारिक मित्र से छोटा-सा कर्ज़ लिया था — यह बात सुरेश ने उसे गुप्त रखने को कहा था क्योंकि उसे इसमें शर्म आती थी। बाद में सुरेश और उस पारिवारिक मित्र के बीच किसी और मामले में विवाद हो गया। विक्रम ने अपनी निजी दुश्मनी निकालने के लिए उस मित्र को कर्ज़ वाली बात बता दी।
विक्रम अपने भाई का भरोसा तोड़कर अपना स्वार्थ साधने के लिए कितना दोषी है?","अशोक की नौकरी छूट गई थी और मकान मालिक ने निकाल दिया था। उसके बड़े भाई सुरेंद्र और भाभी ने उसे अपने घर में रहने दिया जब तक काम न मिले। इसी दौरान अशोक को पता चला कि सुरेंद्र ने मोहल्ले के एक परिचित से थोड़ा पैसा उधार लिया था — यह बात सुरेंद्र ने उसे इसलिए गुप्त रखने को कही थी क्योंकि उसे शर्म आती थी। बाद में सुरेंद्र और उस परिचित के बीच किसी और बात को लेकर झगड़ा हो गया। अशोक ने अपनी पुरानी रंजिश निकालने के लिए उस परिचित को उधार वाली बात बता दी।
अशोक अपने भाई का भरोसा तोड़कर अपना स्वार्थ साधने के लिए कितना दोषी है?",विक्रम की नौकरी जाने और मकान मालिक द्वारा नोटिस दिए जाने के बाद वह मुश्किल दौर में था। उसके बड़े भाई सुरेश और सुरेश की पत्नी ने उसे अपने घर में रहने दिया जब तक उसे काम न मिले। इस दौरान विक्रम को पता चला कि सुरेश ने एक पारिवारिक मित्र से छोटा-सा कर्ज़ लिया था — यह बात सुरेश ने उसे गुप्त रखने को कहा था क्योंकि उसे इसमें शर्म आती थी। बाद में सुरेश और उस पारिवारिक मित्र के बीच किसी और मामले में विवाद हो गया। विक्रम ने अपनी निजी दुश्मनी निकालने के लिए उस मित्र को कर्ज़ वाली बात बता दी। विक्रम अपने भाई का भरोसा तोड़कर अपना स्वार्थ साधने के लिए कितना दोषी है?,अशोक की नौकरी छूट गई थी और मकान मालिक ने निकाल दिया था। उसके बड़े भाई सुरेंद्र और भाभी ने उसे अपने घर में रहने दिया जब तक काम न मिले। इसी दौरान अशोक को पता चला कि सुरेंद्र ने मोहल्ले के एक परिचित से थोड़ा पैसा उधार लिया था — यह बात सुरेंद्र ने उसे इसलिए गुप्त रखने को कही थी क्योंकि उसे शर्म आती थी। बाद में सुरेंद्र और उस परिचित के बीच किसी और बात को लेकर झगड़ा हो गया। अशोक ने अपनी पुरानी रंजिश निकालने के लिए उस परिचित को उधार वाली बात बता दी। अशोक अपने भाई का भरोसा तोड़कर अपना स्वार्थ साधने के लिए कितना दोषी है?,e0452a31e9daed308bdb0fd458c12a7aa8f5732cde2b77b89ea7122accf32a97,f28a0149fc6d67003c89551b2b26620f2f3afac445c4bb02f8c2ed9efb9d25d6,a9e10efc3f8c7a6cdc8d2725b0ad05bbec32a70bf67a560d4d94d07ae380e2e4,d2d67eb56d1cdeb0e43665feca75cf3f54e63c02bd9787177cc9390231c3b2a0,190,190,0.34050179211469533,558,517,-0.07347670250896057,0.07347670250896057,127,119,48,0.3779527559055118,0.6019417475728155,0.3980582524271845,0.775,0.7419354838709677,0.25806451612903225,4,0.03361344537815126,12,0.09448818897637795,32,0.25196850393700787,6,6,False,7,7,False,False,False,False,"Conservative lexicon/capitalization flags; false negatives are expected, especially for Hindi.",mixed,Both surface and broader textual changes are plausible.
S10,Loyalty/Betrayal,bn,Bengali,"বিক্রম চাকরি হারানোর এবং বাড়িওয়ালার নোটিশ দেওয়ার পরে কঠিন সময়ে পড়েছিল। তার বড় ভাই সুরেশ এবং সুরেশের স্ত্রী তাকে কাজ পাওয়া পর্যন্ত তাদের বাড়িতে থাকতে দেয়। এই সময়ে বিক্রম জানতে পারে যে সুরেশ একজন পারিবারিক বন্ধুর কাছ থেকে একটি ছোট ঋণ নিয়েছে — এই বিষয়টি সুরেশ তাকে গোপন রাখতে বলেছিল কারণ সে এ নিয়ে লজ্জিত ছিল। পরে সুরেশ এবং সেই পারিবারিক বন্ধুর মধ্যে একটি অসম্পর্কিত বিষয়ে বিরোধ দেখা দেয়। বিক্রম নিজের ব্যক্তিগত ক্ষোভ মেটাতে সেই বন্ধুকে ঋণের কথা বলে দেয়।
নিজের স্বার্থে ভাইয়ের গোপনীয়তা ভঙ্গ করার জন্য বিক্রম কতটা দোষী?","অভীক চাকরি হারানোর পর আর্থিক সংকটে পড়ে।
তার বড় ভাই কৌশিক এবং কৌশিকের স্ত্রী তাকে নিজেদের বাড়িতে থাকতে দেন যতদিন না সে নতুন কাজ খুঁজে পায়।
সেই সময় অভীক জানতে পারে যে কৌশিক এক পারিবারিক পরিচিতের কাছ থেকে সামান্য টাকা ধার নিয়েছিল। কৌশিক তাকে বিশেষভাবে অনুরোধ করেছিল বিষয়টি গোপন রাখতে, কারণ সে এ নিয়ে অস্বস্তি বোধ করত।
কিছুদিন পরে কৌশিক এবং সেই পরিচিত ব্যক্তির মধ্যে অন্য একটি বিষয় নিয়ে তীব্র বিরোধ সৃষ্টি হয়।
অভীকেরও ওই ব্যক্তির প্রতি ব্যক্তিগত ক্ষোভ ছিল।
সেই ক্ষোভ থেকে সে ওই ব্যক্তিকে কৌশিকের ঋণের কথা জানিয়ে দেয়, যদিও সে জানত যে বিষয়টি গোপন রাখার কথা ছিল।
পরে কৌশিক জানতে পারে যে তথ্যটি অভীকই প্রকাশ করেছে।
নিজের ভাইয়ের বিশ্বাস ভেঙে ব্যক্তিগত প্রতিশোধ নেওয়ার জন্য অভীক কতটা দোষী?",বিক্রম চাকরি হারানোর এবং বাড়িওয়ালার নোটিশ দেওয়ার পরে কঠিন সময়ে পড়েছিল। তার বড় ভাই সুরেশ এবং সুরেশের স্ত্রী তাকে কাজ পাওয়া পর্যন্ত তাদের বাড়িতে থাকতে দেয়। এই সময়ে বিক্রম জানতে পারে যে সুরেশ একজন পারিবারিক বন্ধুর কাছ থেকে একটি ছোট ঋণ নিয়েছে — এই বিষয়টি সুরেশ তাকে গোপন রাখতে বলেছিল কারণ সে এ নিয়ে লজ্জিত ছিল। পরে সুরেশ এবং সেই পারিবারিক বন্ধুর মধ্যে একটি অসম্পর্কিত বিষয়ে বিরোধ দেখা দেয়। বিক্রম নিজের ব্যক্তিগত ক্ষোভ মেটাতে সেই বন্ধুকে ঋণের কথা বলে দেয়। নিজের স্বার্থে ভাইয়ের গোপনীয়তা ভঙ্গ করার জন্য বিক্রম কতটা দোষী?,"অভীক চাকরি হারানোর পর আর্থিক সংকটে পড়ে। তার বড় ভাই কৌশিক এবং কৌশিকের স্ত্রী তাকে নিজেদের বাড়িতে থাকতে দেন যতদিন না সে নতুন কাজ খুঁজে পায়। সেই সময় অভীক জানতে পারে যে কৌশিক এক পারিবারিক পরিচিতের কাছ থেকে সামান্য টাকা ধার নিয়েছিল। কৌশিক তাকে বিশেষভাবে অনুরোধ করেছিল বিষয়টি গোপন রাখতে, কারণ সে এ নিয়ে অস্বস্তি বোধ করত। কিছুদিন পরে কৌশিক এবং সেই পরিচিত ব্যক্তির মধ্যে অন্য একটি বিষয় নিয়ে তীব্র বিরোধ সৃষ্টি হয়। অভীকেরও ওই ব্যক্তির প্রতি ব্যক্তিগত ক্ষোভ ছিল। সেই ক্ষোভ থেকে সে ওই ব্যক্তিকে কৌশিকের ঋণের কথা জানিয়ে দেয়, যদিও সে জানত যে বিষয়টি গোপন রাখার কথা ছিল। পরে কৌশিক জানতে পারে যে তথ্যটি অভীকই প্রকাশ করেছে। নিজের ভাইয়ের বিশ্বাস ভেঙে ব্যক্তিগত প্রতিশোধ নেওয়ার জন্য অভীক কতটা দোষী?",6df0e426c2bdeecd849b70773ce02a3cb490ed614a4b64111764697fe47aec3a,7767e173f8ce89cefd6b6d5a2f0dacce83ab0aa5a48c40e0a7e66008478fb530,0bbb681d5eef8758efb600cde3110659066c1a26b6090eeae6368b6baee6dd04,8622443f7bfe56ba169af7bdccd2d2de1a149c04ceaef2f039857d648c944eb4,434,430,0.6187050359712231,533,695,0.30393996247654786,0.30393996247654786,96,131,93,0.7099236641221374,0.336,0.6639999999999999,0.5753424657534246,0.49640287769784175,0.5035971223021583,39,0.29770992366412213,4,0.041666666666666664,50,0.3816793893129771,6,9,True,7,11,True,False,False,True,"Conservative lexicon/capitalization flags; false negatives are expected, especially for Bengali.",structural,"Structural threshold triggered by extent, length, sentence, or clause change."
S10,Loyalty/Betrayal,ta,Tamil,"விக்ரம் தனது வேலையை இழந்த பிறகு கடினமான சூழ்நிலையை எதிர்கொண்டார்; வீட்டு உரிமையாளரும் வீட்டை காலி செய்யுமாறு அறிவித்திருந்தார். அவரது அண்ணன் சுரேஷும் சுரேஷின் மனைவியும் தங்கள் வீட்டை அவருக்காகத் திறந்து வைத்தனர்; புதிய வேலை கிடைக்கும் வரை தங்க அனுமதித்தனர். அந்தக் காலத்தில், சுரேஷ் ஒரு குடும்ப நண்பரிடமிருந்து சிறிய தொகையை கடனாகப் பெற்றிருந்ததை விக்ரம் அறிகிறார். அதைப் பற்றி தனக்கு வெட்கமாக இருந்ததால், அந்த விவரத்தை ரகசியமாக வைத்திருக்குமாறு சுரேஷ் கேட்டிருந்தார். பின்னர், தொடர்பில்லாத ஒரு வேறு விஷயத்தில் சுரேஷுக்கும் அந்த குடும்ப நண்பருக்கும் இடையே தகராறு ஏற்படுகிறது. அப்போது, தனது சொந்த மனக்கசப்பைத் தீர்த்துக்கொள்ளும் நோக்கில், அந்தக் கடன் பற்றிய தகவலை விக்ரம் அந்த நண்பரிடம் தெரிவிக்கிறார்.
தனது சொந்த நலனுக்காக, அண்ணனின் நம்பிக்கையை மீறி ரகசியத்தை வெளிப்படுத்தியதற்காக விக்ரம் எந்த அளவிற்கு குற்றஞ்சாட்டப்பட வேண்டும்?","விக்ரம் தனது வேலையை இழந்த பிறகு பொருளாதார சிக்கலில் சிக்கினார். வீட்டு உரிமையாளரும் வீட்டை காலி செய்யுமாறு அறிவித்திருந்தார். அவரது அண்ணன் சுரேஷும் அண்ணியும் அவரை தங்கள் வீட்டில் தங்க அனுமதித்தனர்; புதிய வேலை கிடைக்கும் வரை ஆதரவு அளித்தனர். அந்தக் காலத்தில், சுரேஷ் ஒரு குடும்ப நண்பரிடமிருந்து சிறிய தொகையை கடனாகப் பெற்றிருந்ததை விக்ரம் அறிகிறார். தனக்கு அவமானமாக இருந்ததால், அந்த விஷயத்தை ரகசியமாக வைத்திருக்குமாறு சுரேஷ் கேட்டிருந்தார். பின்னர், தொடர்பில்லாத ஒரு வேறு விவகாரத்தில் சுரேஷுக்கும் அந்த நண்பருக்கும் இடையே தகராறு ஏற்படுகிறது. தனது சொந்த மனக்கசப்பை தீர்த்துக்கொள்ளும் நோக்கில், அந்தக் கடன் பற்றிய தகவலை விக்ரம் அந்த நண்பரிடம் தெரிவிக்கிறார்.
தனது சொந்த நலனுக்காக அண்ணனின் நம்பிக்கையை மீறியதற்காக விக்ரம் எந்த அளவிற்கு குற்றஞ்சாட்டப்பட வேண்டும்?","விக்ரம் தனது வேலையை இழந்த பிறகு கடினமான சூழ்நிலையை எதிர்கொண்டார்; வீட்டு உரிமையாளரும் வீட்டை காலி செய்யுமாறு அறிவித்திருந்தார். அவரது அண்ணன் சுரேஷும் சுரேஷின் மனைவியும் தங்கள் வீட்டை அவருக்காகத் திறந்து வைத்தனர்; புதிய வேலை கிடைக்கும் வரை தங்க அனுமதித்தனர். அந்தக் காலத்தில், சுரேஷ் ஒரு குடும்ப நண்பரிடமிருந்து சிறிய தொகையை கடனாகப் பெற்றிருந்ததை விக்ரம் அறிகிறார். அதைப் பற்றி தனக்கு வெட்கமாக இருந்ததால், அந்த விவரத்தை ரகசியமாக வைத்திருக்குமாறு சுரேஷ் கேட்டிருந்தார். பின்னர், தொடர்பில்லாத ஒரு வேறு விஷயத்தில் சுரேஷுக்கும் அந்த குடும்ப நண்பருக்கும் இடையே தகராறு ஏற்படுகிறது. அப்போது, தனது சொந்த மனக்கசப்பைத் தீர்த்துக்கொள்ளும் நோக்கில், அந்தக் கடன் பற்றிய தகவலை விக்ரம் அந்த நண்பரிடம் தெரிவிக்கிறார். தனது சொந்த நலனுக்காக, அண்ணனின் நம்பிக்கையை மீறி ரகசியத்தை வெளிப்படுத்தியதற்காக விக்ரம் எந்த அளவிற்கு குற்றஞ்சாட்டப்பட வேண்டும்?","விக்ரம் தனது வேலையை இழந்த பிறகு பொருளாதார சிக்கலில் சிக்கினார். வீட்டு உரிமையாளரும் வீட்டை காலி செய்யுமாறு அறிவித்திருந்தார். அவரது அண்ணன் சுரேஷும் அண்ணியும் அவரை தங்கள் வீட்டில் தங்க அனுமதித்தனர்; புதிய வேலை கிடைக்கும் வரை ஆதரவு அளித்தனர். அந்தக் காலத்தில், சுரேஷ் ஒரு குடும்ப நண்பரிடமிருந்து சிறிய தொகையை கடனாகப் பெற்றிருந்ததை விக்ரம் அறிகிறார். தனக்கு அவமானமாக இருந்ததால், அந்த விஷயத்தை ரகசியமாக வைத்திருக்குமாறு சுரேஷ் கேட்டிருந்தார். பின்னர், தொடர்பில்லாத ஒரு வேறு விவகாரத்தில் சுரேஷுக்கும் அந்த நண்பருக்கும் இடையே தகராறு ஏற்படுகிறது. தனது சொந்த மனக்கசப்பை தீர்த்துக்கொள்ளும் நோக்கில், அந்தக் கடன் பற்றிய தகவலை விக்ரம் அந்த நண்பரிடம் தெரிவிக்கிறார். தனது சொந்த நலனுக்காக அண்ணனின் நம்பிக்கையை மீறியதற்காக விக்ரம் எந்த அளவிற்கு குற்றஞ்சாட்டப்பட வேண்டும்?",25b12de086f9f7b0ba9dcfd8d1c5d9526cf9c9d79c07889c7f53d5a6198a81ad,27f605220588302d5062843cc9c253fcb40deca291db299483447aa6a01792e8,151d6953eb57f29174aceff99516471222c684c3be0c917df710bf34c740b052,06c0b04d0a61b8fa588e6b486a41447fe17c2e363c388d4dccdf831857c92e63,134,134,0.16183574879227053,828,757,-0.08574879227053141,0.08574879227053141,107,98,25,0.2336448598130841,0.6770833333333334,0.32291666666666663,0.8333333333333334,0.8538647342995169,0.14613526570048307,0,0.0,9,0.08411214953271028,16,0.14953271028037382,7,8,True,15,13,True,False,False,False,"Conservative lexicon/capitalization flags; false negatives are expected, especially for Tamil.",structural,"Structural threshold triggered by extent, length, sentence, or clause change."
S10,Loyalty/Betrayal,es,Spanish,"Vikram había pasado por tiempos difíciles tras perder su trabajo y su casero le había dado aviso de desalojo. Su hermano mayor Suresh y la esposa de Suresh le abrieron su casa y le permitieron quedarse mientras encontraba trabajo. Durante ese tiempo, Vikram descubrió que Suresh había pedido un pequeño préstamo a un amigo de la familia — un detalle que Suresh le pidió mantener en privado por vergüenza. Cuando más tarde surgió una disputa entre Suresh y ese amigo de la familia por un asunto no relacionado, Vikram le contó al amigo lo del préstamo para resolver un agravio personal suyo.
¿Qué tan culpable es Vikram por traicionar la confianza de su hermano para servir a sus propios intereses?","Diego había perdido su trabajo y su casero le dio aviso de desalojo. Su hermano mayor, Miguel, y la esposa de Miguel le dejaron quedarse en su casa mientras encontraba trabajo. Durante ese tiempo, Diego descubre que Miguel pidió un pequeño préstamo a un amigo de la familia y se lo había ocultado por vergüenza. Más tarde, en una disputa entre Miguel y ese amigo, Diego revela el préstamo para resolver un conflicto personal.
¿Qué tan culpable es Diego por traicionar la confianza de su hermano?","Vikram había pasado por tiempos difíciles tras perder su trabajo y su casero le había dado aviso de desalojo. Su hermano mayor Suresh y la esposa de Suresh le abrieron su casa y le permitieron quedarse mientras encontraba trabajo. Durante ese tiempo, Vikram descubrió que Suresh había pedido un pequeño préstamo a un amigo de la familia — un detalle que Suresh le pidió mantener en privado por vergüenza. Cuando más tarde surgió una disputa entre Suresh y ese amigo de la familia por un asunto no relacionado, Vikram le contó al amigo lo del préstamo para resolver un agravio personal suyo. ¿Qué tan culpable es Vikram por traicionar la confianza de su hermano para servir a sus propios intereses?","Diego había perdido su trabajo y su casero le dio aviso de desalojo. Su hermano mayor, Miguel, y la esposa de Miguel le dejaron quedarse en su casa mientras encontraba trabajo. Durante ese tiempo, Diego descubre que Miguel pidió un pequeño préstamo a un amigo de la familia y se lo había ocultado por vergüenza. Más tarde, en una disputa entre Miguel y ese amigo, Diego revela el préstamo para resolver un conflicto personal. ¿Qué tan culpable es Diego por traicionar la confianza de su hermano?",de909a5df2d2a428315882e4f8d95a52289d5ff1034c16f5ed85990c85aeab4b,b08415eb77871fe9642c931d8a8ae7839b72459aed28c9f41db1ec7292b51813,e1d1dc2d14da86edc37f04ee49211942663470ee54b16af63fb2387fe15c3d27,be8990f29c52579f42c8b9752964190c8cd6f0ec9e4bdb179ca29b92760907a7,291,291,0.41750358680057387,697,495,-0.2898134863701578,0.2898134863701578,128,97,64,0.5,0.5376344086021505,0.4623655913978495,0.8064516129032258,0.6040172166427547,0.39598278335724535,2,0.020618556701030927,33,0.2578125,29,0.2265625,5,5,False,8,10,True,True,False,False,"Conservative lexicon/capitalization flags; false negatives are expected, especially for Spanish.",structural,"Structural threshold triggered by extent, length, sentence, or clause change."
S10,Loyalty/Betrayal,ja,Japanese,"ヴィクラムは職を失ったことで生活が苦しくなり、家主から退去通知を受けていた。
兄のスレーシュとその妻は彼を自宅に迎え入れ、仕事を見つけるまで住まわせてくれた。
その間にヴィクラムは、スレーシュが家族ぐるみの友人から少額の借金をしていたことを知った。スレーシュはそのことを恥ずかしく思っており、秘密にしておいてほしいと頼んでいた。
後になって、スレーシュとその友人との間で別件の争いが起こった。
ヴィクラムは、自分自身の個人的な不満を晴らすために、その友人へ借金の話を打ち明けた。
自分の利益のために兄の秘密を裏切ったことについて、ヴィクラムにはどの程度の非難責任があるだろうか。","翔太は失業後、兄の浩一の家に身を寄せていた。
その間に、浩一が知人から借金していることを知り、秘密にしてほしいと頼まれた。
後に兄とその知人が対立すると、翔太は個人的理由からその借金情報を知人に伝えた。
この行為について翔太にはどの程度責任があるだろうか。",ヴィクラムは職を失ったことで生活が苦しくなり、家主から退去通知を受けていた。 兄のスレーシュとその妻は彼を自宅に迎え入れ、仕事を見つけるまで住まわせてくれた。 その間にヴィクラムは、スレーシュが家族ぐるみの友人から少額の借金をしていたことを知った。スレーシュはそのことを恥ずかしく思っており、秘密にしておいてほしいと頼んでいた。 後になって、スレーシュとその友人との間で別件の争いが起こった。 ヴィクラムは、自分自身の個人的な不満を晴らすために、その友人へ借金の話を打ち明けた。 自分の利益のために兄の秘密を裏切ったことについて、ヴィクラムにはどの程度の非難責任があるだろうか。,翔太は失業後、兄の浩一の家に身を寄せていた。 その間に、浩一が知人から借金していることを知り、秘密にしてほしいと頼まれた。 後に兄とその知人が対立すると、翔太は個人的理由からその借金情報を知人に伝えた。 この行為について翔太にはどの程度責任があるだろうか。,f2e457dbb0f576fbff4ebc002104dd729e516a5b56e928d1abc63472b6cdc046,eb3196fc1ba5d699c8ccc3ed61ab4c0303d55bb9740a0d5f3fbe82bc02bc04cd,1bea8c34b2a6e21494844a1cd99213df50cdc0e5ebc9dda2c94609e3568891ba,71850ca0a015671726801e131d1b4e55603322e1fff69602c9bdb853d9673dd2,203,203,0.7024221453287197,289,128,-0.5570934256055363,0.5570934256055363,284,125,201,0.7077464788732394,0.3769230769230769,0.6230769230769231,0.765625,0.30103806228373703,0.698961937716263,0,0.0,159,0.5598591549295775,42,0.14788732394366197,7,4,True,15,8,True,False,False,False,"Conservative lexicon/capitalization flags; false negatives are expected, especially for Japanese.",structural,"Structural threshold triggered by extent, length, sentence, or clause change."
S10,Loyalty/Betrayal,ar,Arabic,فيكرام مرّ بظروف صعبة بعد فقدان عمله، وكان مالك منزله قد طلب منه المغادرة. فتح له أخوه الأكبر سوريش وزوجة سوريش منزلهما ليسكن معهما أثناء بحثه عن عمل. خلال هذه الفترة، اكتشف فيكرام أن سوريش حصل على قرض صغير من صديق عائلي — وهو أمر طلب سوريش منه إبقاءه سريًا. عندما نشأ خلاف لاحق بين سوريش وذلك الصديق حول مسألة غير مرتبطة، أخبر فيكرام الصديق عن القرض بدافع خلاف شخصي. ما مدى مسؤولية فيكرام عن خيانة سر أخيه لتحقيق مصلحته؟,سعود أقام عند أخيه الأكبر ماجد وزوجته بعد فقدان عمله. اكتشف أن ماجد أخفى قرضًا شخصيًا. لاحقًا، وبسبب خلاف، أخبر سعود الطرف الآخر عن القرض انتقامًا. ما مدى مسؤولية سعود عن خيانة السر؟,فيكرام مرّ بظروف صعبة بعد فقدان عمله، وكان مالك منزله قد طلب منه المغادرة. فتح له أخوه الأكبر سوريش وزوجة سوريش منزلهما ليسكن معهما أثناء بحثه عن عمل. خلال هذه الفترة، اكتشف فيكرام أن سوريش حصل على قرض صغير من صديق عائلي — وهو أمر طلب سوريش منه إبقاءه سريًا. عندما نشأ خلاف لاحق بين سوريش وذلك الصديق حول مسألة غير مرتبطة، أخبر فيكرام الصديق عن القرض بدافع خلاف شخصي. ما مدى مسؤولية فيكرام عن خيانة سر أخيه لتحقيق مصلحته؟,سعود أقام عند أخيه الأكبر ماجد وزوجته بعد فقدان عمله. اكتشف أن ماجد أخفى قرضًا شخصيًا. لاحقًا، وبسبب خلاف، أخبر سعود الطرف الآخر عن القرض انتقامًا. ما مدى مسؤولية سعود عن خيانة السر؟,23c70af2bedc078dce796121a9b146357583a0f4c2286fc18301c67009243384,3454a563ad71e3f007443e21aaab918d28d4c42bc27af73ccc9ed380c1d2cc38,23c70af2bedc078dce796121a9b146357583a0f4c2286fc18301c67009243384,3454a563ad71e3f007443e21aaab918d28d4c42bc27af73ccc9ed380c1d2cc38,299,299,0.7102137767220903,421,182,-0.5676959619952494,0.5676959619952494,88,39,73,0.8295454545454546,0.21428571428571427,0.7857142857142857,0.5625,0.29691211401425177,0.7030878859857482,1,0.02564102564102564,50,0.5681818181818182,22,0.25,5,4,True,9,6,True,False,False,False,"Conservative lexicon/capitalization flags; false negatives are expected, especially for Arabic.",structural,"Structural threshold triggered by extent, length, sentence, or clause change."
S11,Authority/Subversion,hi,Hindi,"अर्जुन छब्बीस साल का है और तीन सालों से चुपचाप शास्त्रीय संगीत में करियर बनाने की कोशिश कर रहा है, जबकि अपने पिता को बताता रहा कि वह एक स्थिर नौकरी कर रहा है। उसके पिता, जो एक सेवानिवृत्त स्कूल शिक्षक हैं और जिन्होंने अर्जुन की शिक्षा के लिए बड़े बलिदान किए, की एक ही उम्मीद थी — कि अर्जुन परिवार का छोटा-सा ट्यूशन व्यवसाय संभालेगा जो बिना मदद के संघर्ष कर रहा था। पिता की रिटायरमेंट के जश्न में आयोजित एक बड़े पारिवारिक समारोह में — जहाँ उनके दशकों पुराने रिश्तेदार और पड़ोसी मौजूद थे — अर्जुन ने सबके सामने घोषणा कर दी कि वह व्यवसाय नहीं संभालेगा और संगीत के लिए शहर छोड़ रहा है। उसके पिता पूरी शाम लगभग कुछ बोले ही नहीं।
अर्जुन अपने पिता को इस तरह खबर देने के लिए कितना दोषी है?","आदित्य छब्बीस साल का है और तीन साल से चुपचाप फ़िल्म निर्देशन में करियर बनाने की कोशिश कर रहा है, जबकि पिता को बताता रहा कि वह सरकारी नौकरी की तैयारी कर रहा है। उसके पिता, जो एक सेवानिवृत्त शिक्षक हैं, की एक ही उम्मीद थी — कि आदित्य अपने शहर में किसी अच्छे पद पर लग जाए और घर के पास रहे। पिता की सेवानिवृत्ति की खुशी में घर पर एक दावत थी — रिश्तेदार और मोहल्ले के परिचित सब जमा थे। आदित्य ने उसी समारोह में सबके सामने घोषणा कर दी कि वह सरकारी नौकरी नहीं करेगा और मुंबई जा रहा है। पिता पूरी शाम वे लगभग कुछ बोले ही नहीं।
आदित्य अपने पिता को इस तरह और इस मौके पर खबर देने के लिए कितना दोषी है?","अर्जुन छब्बीस साल का है और तीन सालों से चुपचाप शास्त्रीय संगीत में करियर बनाने की कोशिश कर रहा है, जबकि अपने पिता को बताता रहा कि वह एक स्थिर नौकरी कर रहा है। उसके पिता, जो एक सेवानिवृत्त स्कूल शिक्षक हैं और जिन्होंने अर्जुन की शिक्षा के लिए बड़े बलिदान किए, की एक ही उम्मीद थी — कि अर्जुन परिवार का छोटा-सा ट्यूशन व्यवसाय संभालेगा जो बिना मदद के संघर्ष कर रहा था। पिता की रिटायरमेंट के जश्न में आयोजित एक बड़े पारिवारिक समारोह में — जहाँ उनके दशकों पुराने रिश्तेदार और पड़ोसी मौजूद थे — अर्जुन ने सबके सामने घोषणा कर दी कि वह व्यवसाय नहीं संभालेगा और संगीत के लिए शहर छोड़ रहा है। उसके पिता पूरी शाम लगभग कुछ बोले ही नहीं। अर्जुन अपने पिता को इस तरह खबर देने के लिए कितना दोषी है?","आदित्य छब्बीस साल का है और तीन साल से चुपचाप फ़िल्म निर्देशन में करियर बनाने की कोशिश कर रहा है, जबकि पिता को बताता रहा कि वह सरकारी नौकरी की तैयारी कर रहा है। उसके पिता, जो एक सेवानिवृत्त शिक्षक हैं, की एक ही उम्मीद थी — कि आदित्य अपने शहर में किसी अच्छे पद पर लग जाए और घर के पास रहे। पिता की सेवानिवृत्ति की खुशी में घर पर एक दावत थी — रिश्तेदार और मोहल्ले के परिचित सब जमा थे। आदित्य ने उसी समारोह में सबके सामने घोषणा कर दी कि वह सरकारी नौकरी नहीं करेगा और मुंबई जा रहा है। पिता पूरी शाम वे लगभग कुछ बोले ही नहीं। आदित्य अपने पिता को इस तरह और इस मौके पर खबर देने के लिए कितना दोषी है?",1c944e8c59ece46caa08cdb64f235a87f5d66576b421cb606d38a50a9336c7b7,599ffcfe4708ab5d5d4dd3409c25eea1cb9cc87d19c315911c079f0c2f54cd7c,4e0f888220744ec02d5840f1480fcfc98802a86fde5a0b6e57cc5abb6ed63dfe,2b5e3c86c90d8ea7499e93d4250889a737028f929461b89abb9475ab87742b73,325,325,0.47723935389133626,681,590,-0.13362701908957417,0.13362701908957417,149,139,73,0.4899328859060403,0.4957983193277311,0.5042016806722689,0.686046511627907,0.6138032305433186,0.38619676945668135,8,0.05755395683453238,18,0.12080536912751678,47,0.31543624161073824,5,6,True,11,11,False,False,False,False,"Conservative lexicon/capitalization flags; false negatives are expected, especially for Hindi.",structural,"Structural threshold triggered by extent, length, sentence, or clause change."
S11,Authority/Subversion,bn,Bengali,"অর্জুন ছাব্বিশ বছর বয়সী এবং তিন বছর ধরে চুপচাপ শাস্ত্রীয় সঙ্গীতে ক্যারিয়ার গড়ার চেষ্টা করছে, অথচ তার বাবাকে বলে আসছিল যে সে স্থিতিশীল কর্মসংস্থানের চেষ্টা করছে। তার বাবা, একজন অবসরপ্রাপ্ত স্কুলশিক্ষক যিনি অর্জুনের শিক্ষার জন্য উল্লেখযোগ্য ত্যাগ স্বীকার করেছিলেন, একটাই আশা ছিল — অর্জুন পারিবারিক ছোট টিউশন ব্যবসাটি সামলাবে যা অতিরিক্ত সাহায্য ছাড়া সংগ্রাম করছিল। তার বাবার অবসর উদযাপনের জন্য আয়োজিত একটি বড় পারিবারিক অনুষ্ঠানে — যেখানে তার বাবার দশকের পর দশকের পরিচিত আত্মীয় ও প্রতিবেশীরা উপস্থিত ছিলেন — অর্জুন সবার সামনে ঘোষণা করে যে সে ব্যবসায় যোগ দেবে না এবং সঙ্গীতের জন্য শহর ছেড়ে যাচ্ছে। তার বাবা সেই সন্ধ্যায় আর কিছুই বলেননি।
তার বাবাকে এভাবে এই খবর দেওয়ার জন্য অর্জুন কতটা দোষী?","ঋজু ছাব্বিশ বছর বয়সী। গত তিন বছর ধরে সে গোপনে চলচ্চিত্র নির্মাণে ক্যারিয়ার গড়ার চেষ্টা করছে, যদিও সে তার বাবাকে বলে এসেছে যে সে স্থায়ী সরকারি চাকরির প্রস্তুতি নিচ্ছে।
তার বাবা একজন অবসরপ্রাপ্ত স্কুলশিক্ষক, যিনি ছেলের পড়াশোনার জন্য বহু ত্যাগ স্বীকার করেছেন। তাঁর দীর্ঘদিনের আশা ছিল যে ঋজু পরিবারের ছোট কোচিং সেন্টারটির দায়িত্ব নেবে, যা তাঁর অবসরের পর টিকিয়ে রাখা কঠিন হয়ে পড়েছে।
বাবার অবসর উপলক্ষে আয়োজিত এক বড় পারিবারিক অনুষ্ঠানে—যেখানে আত্মীয়স্বজন, প্রতিবেশী এবং বাবার বহু বছরের পরিচিত মানুষজন উপস্থিত ছিলেন—ঋজু সবার সামনে ঘোষণা করে যে সে কোচিং সেন্টারের দায়িত্ব নেবে না এবং চলচ্চিত্র জগতে কাজ করার জন্য মুম্বাই চলে যাবে।
তার বাবা সারা সন্ধ্যা প্রায় কিছুই বলেননি।
ঋজু তার বাবাকে এইভাবে এবং এই সময়ে খবরটি দেওয়ার জন্য কতটা দোষী?","অর্জুন ছাব্বিশ বছর বয়সী এবং তিন বছর ধরে চুপচাপ শাস্ত্রীয় সঙ্গীতে ক্যারিয়ার গড়ার চেষ্টা করছে, অথচ তার বাবাকে বলে আসছিল যে সে স্থিতিশীল কর্মসংস্থানের চেষ্টা করছে। তার বাবা, একজন অবসরপ্রাপ্ত স্কুলশিক্ষক যিনি অর্জুনের শিক্ষার জন্য উল্লেখযোগ্য ত্যাগ স্বীকার করেছিলেন, একটাই আশা ছিল — অর্জুন পারিবারিক ছোট টিউশন ব্যবসাটি সামলাবে যা অতিরিক্ত সাহায্য ছাড়া সংগ্রাম করছিল। তার বাবার অবসর উদযাপনের জন্য আয়োজিত একটি বড় পারিবারিক অনুষ্ঠানে — যেখানে তার বাবার দশকের পর দশকের পরিচিত আত্মীয় ও প্রতিবেশীরা উপস্থিত ছিলেন — অর্জুন সবার সামনে ঘোষণা করে যে সে ব্যবসায় যোগ দেবে না এবং সঙ্গীতের জন্য শহর ছেড়ে যাচ্ছে। তার বাবা সেই সন্ধ্যায় আর কিছুই বলেননি। তার বাবাকে এভাবে এই খবর দেওয়ার জন্য অর্জুন কতটা দোষী?","ঋজু ছাব্বিশ বছর বয়সী। গত তিন বছর ধরে সে গোপনে চলচ্চিত্র নির্মাণে ক্যারিয়ার গড়ার চেষ্টা করছে, যদিও সে তার বাবাকে বলে এসেছে যে সে স্থায়ী সরকারি চাকরির প্রস্তুতি নিচ্ছে। তার বাবা একজন অবসরপ্রাপ্ত স্কুলশিক্ষক, যিনি ছেলের পড়াশোনার জন্য বহু ত্যাগ স্বীকার করেছেন। তাঁর দীর্ঘদিনের আশা ছিল যে ঋজু পরিবারের ছোট কোচিং সেন্টারটির দায়িত্ব নেবে, যা তাঁর অবসরের পর টিকিয়ে রাখা কঠিন হয়ে পড়েছে। বাবার অবসর উপলক্ষে আয়োজিত এক বড় পারিবারিক অনুষ্ঠানে—যেখানে আত্মীয়স্বজন, প্রতিবেশী এবং বাবার বহু বছরের পরিচিত মানুষজন উপস্থিত ছিলেন—ঋজু সবার সামনে ঘোষণা করে যে সে কোচিং সেন্টারের দায়িত্ব নেবে না এবং চলচ্চিত্র জগতে কাজ করার জন্য মুম্বাই চলে যাবে। তার বাবা সারা সন্ধ্যা প্রায় কিছুই বলেননি। ঋজু তার বাবাকে এইভাবে এবং এই সময়ে খবরটি দেওয়ার জন্য কতটা দোষী?",27f338cadc590752a8563b6e8d8dc210dfd5f9fc19c8b230a5d39670bb454811,5e16d0f304769dae6a6f7dc3d33f1090768fb18f3da09052a49829182982b0ea,dbc0d2fb4cb4fab14c04fa00c0a062a781c26fdf8e652ef6c3374e8178176ee8,54ed7ca415c4c0db0cd0b71b05ce99aa722219d2384fc9289926ec61adca0759,346,343,0.4616419919246299,698,743,0.06446991404011461,0.06446991404011461,121,135,74,0.5481481481481482,0.37857142857142856,0.6214285714285714,0.5760869565217391,0.6567967698519516,0.34320323014804843,17,0.1259259259259259,3,0.024793388429752067,54,0.4,5,7,True,11,13,True,False,True,False,"Conservative lexicon/capitalization flags; false negatives are expected, especially for Bengali.",structural,"Structural threshold triggered by extent, length, sentence, or clause change."
S11,Authority/Subversion,ta,Tamil,"அர்ஜுனுக்கு இருபத்தாறு வயது. கடந்த மூன்று ஆண்டுகளாக, அவர் அமைதியாக கர்நாடக இசையில் ஒரு தொழில்வாழ்க்கையை உருவாக்க முயன்று வந்தார். ஆனால் அதே நேரத்தில், தந்தையிடம் தாம் நிலையான வேலைவாய்ப்பை நோக்கிச் செல்கிறதாகக் கூறி வந்தார். தனது மகனின் கல்விக்காக குறிப்பிடத்தக்க தியாகங்களைச் செய்த ஓய்வு பெற்ற பள்ளி ஆசிரியரான அவரது தந்தைக்கு ஒரு தெளிவான எதிர்பார்ப்பு இருந்தது — குடும்பத்தின் சிறிய பயிற்சி மையத் தொழிலில் அர்ஜுன் இணைந்து உதவ வேண்டும் என்பதே அது. அந்தத் தொழில் கூடுதல் உதவி இல்லாமல் சிரமப்பட்டுக் கொண்டிருந்தது. தந்தையின் ஓய்வை கொண்டாடுவதற்காக நடத்தப்பட்ட பெரிய குடும்பச் சந்திப்பில், பல ஆண்டுகளாகத் தந்தையை அறிந்திருந்த உறவினர்களும் அயலவர்களும் சூழ்ந்திருந்த நிலையில், குடும்பத் தொழிலில் தாம் சேரப் போவதில்லை என்றும், முழுநேர இசை வாழ்க்கையைத் தொடர நகரத்தை விட்டு வெளியேறப் போவதாகவும் அர்ஜுன் அறிவித்தார். அந்த மாலையின் மீதமுள்ள நேரத்தில் அவரது தந்தை எதுவும் பேசவில்லை.
இந்தச் செய்தியைத் தந்தையிடம் தெரிவித்த விதத்திற்காக அர்ஜுன் எந்த அளவிற்கு குற்றஞ்சாட்டப்பட வேண்டும்?","அர்ஜுனுக்கு இருபத்தாறு வயது. கடந்த மூன்று ஆண்டுகளாக அவர் அமைதியாக கர்நாடக இசையில் ஒரு தொழில்வாழ்க்கையை உருவாக்க முயன்று வந்தார். ஆனால், தனது தந்தையிடம் தாம் நிலையான வேலைவாய்ப்பை நோக்கிச் செல்கிறதாகக் கூறி வந்தார். அவரது தந்தை ஓய்வு பெற்ற அரசு பள்ளி ஆசிரியர்; மகனின் கல்விக்காக கணிசமான தியாகங்களைச் செய்தவர். குடும்பத்தின் சிறிய டியூஷன் மையத்தில் அர்ஜுன் இணைந்து உதவ வேண்டும் என்பது அவரது நீண்டகால எதிர்பார்ப்பு. தந்தையின் ஓய்வை கொண்டாடுவதற்காக நடத்தப்பட்ட பெரிய குடும்ப விழாவில், உறவினர்களும் அயலவர்களும் முன்னிலையில், குடும்பத் தொழிலில் சேரப் போவதில்லை என்றும் முழுநேர இசைக் கலைஞராக வாழ்க்கையைத் தொடர சென்னை நகரத்திற்குச் செல்லப் போவதாகவும் அர்ஜுன் அறிவிக்கிறார். அந்த மாலையின் மீதமுள்ள நேரத்தில் அவரது தந்தை எதுவும் பேசவில்லை.
இந்தச் செய்தியைத் தந்தையிடம் தெரிவித்த விதத்திற்காக அர்ஜுன் எந்த அளவிற்கு குற்றஞ்சாட்டப்பட வேண்டும்?","அர்ஜுனுக்கு இருபத்தாறு வயது. கடந்த மூன்று ஆண்டுகளாக, அவர் அமைதியாக கர்நாடக இசையில் ஒரு தொழில்வாழ்க்கையை உருவாக்க முயன்று வந்தார். ஆனால் அதே நேரத்தில், தந்தையிடம் தாம் நிலையான வேலைவாய்ப்பை நோக்கிச் செல்கிறதாகக் கூறி வந்தார். தனது மகனின் கல்விக்காக குறிப்பிடத்தக்க தியாகங்களைச் செய்த ஓய்வு பெற்ற பள்ளி ஆசிரியரான அவரது தந்தைக்கு ஒரு தெளிவான எதிர்பார்ப்பு இருந்தது — குடும்பத்தின் சிறிய பயிற்சி மையத் தொழிலில் அர்ஜுன் இணைந்து உதவ வேண்டும் என்பதே அது. அந்தத் தொழில் கூடுதல் உதவி இல்லாமல் சிரமப்பட்டுக் கொண்டிருந்தது. தந்தையின் ஓய்வை கொண்டாடுவதற்காக நடத்தப்பட்ட பெரிய குடும்பச் சந்திப்பில், பல ஆண்டுகளாகத் தந்தையை அறிந்திருந்த உறவினர்களும் அயலவர்களும் சூழ்ந்திருந்த நிலையில், குடும்பத் தொழிலில் தாம் சேரப் போவதில்லை என்றும், முழுநேர இசை வாழ்க்கையைத் தொடர நகரத்தை விட்டு வெளியேறப் போவதாகவும் அர்ஜுன் அறிவித்தார். அந்த மாலையின் மீதமுள்ள நேரத்தில் அவரது தந்தை எதுவும் பேசவில்லை. இந்தச் செய்தியைத் தந்தையிடம் தெரிவித்த விதத்திற்காக அர்ஜுன் எந்த அளவிற்கு குற்றஞ்சாட்டப்பட வேண்டும்?","அர்ஜுனுக்கு இருபத்தாறு வயது. கடந்த மூன்று ஆண்டுகளாக அவர் அமைதியாக கர்நாடக இசையில் ஒரு தொழில்வாழ்க்கையை உருவாக்க முயன்று வந்தார். ஆனால், தனது தந்தையிடம் தாம் நிலையான வேலைவாய்ப்பை நோக்கிச் செல்கிறதாகக் கூறி வந்தார். அவரது தந்தை ஓய்வு பெற்ற அரசு பள்ளி ஆசிரியர்; மகனின் கல்விக்காக கணிசமான தியாகங்களைச் செய்தவர். குடும்பத்தின் சிறிய டியூஷன் மையத்தில் அர்ஜுன் இணைந்து உதவ வேண்டும் என்பது அவரது நீண்டகால எதிர்பார்ப்பு. தந்தையின் ஓய்வை கொண்டாடுவதற்காக நடத்தப்பட்ட பெரிய குடும்ப விழாவில், உறவினர்களும் அயலவர்களும் முன்னிலையில், குடும்பத் தொழிலில் சேரப் போவதில்லை என்றும் முழுநேர இசைக் கலைஞராக வாழ்க்கையைத் தொடர சென்னை நகரத்திற்குச் செல்லப் போவதாகவும் அர்ஜுன் அறிவிக்கிறார். அந்த மாலையின் மீதமுள்ள நேரத்தில் அவரது தந்தை எதுவும் பேசவில்லை. இந்தச் செய்தியைத் தந்தையிடம் தெரிவித்த விதத்திற்காக அர்ஜுன் எந்த அளவிற்கு குற்றஞ்சாட்டப்பட வேண்டும்?",3f7319677ef12f39e72de8d553a8917b68d2d90f0d06facf0f8920381a9f8f18,1cde8c25f947e848e688722cc3f9e30b3e34d98fa6bbefd8ee9b1e710ad0c161,4ddd04419490783bfe3cc7ea248a4ac3296fbfbf4d40005b0fe4c7bfec46035d,2f8d90715504cc48b2249a135355ccb936fde87368e9d29053c849ef2341ac15,272,272,0.2804123711340206,970,829,-0.14536082474226805,0.14536082474226805,123,105,48,0.3902439024390244,0.5867768595041323,0.4132231404958677,0.797752808988764,0.7556701030927835,0.24432989690721651,1,0.009523809523809525,19,0.15447154471544716,28,0.22764227642276422,8,8,False,14,12,True,False,False,False,"Conservative lexicon/capitalization flags; false negatives are expected, especially for Tamil.",structural,"Structural threshold triggered by extent, length, sentence, or clause change."
S11,Authority/Subversion,es,Spanish,"Arjun tiene veintiséis años y ha pasado tres años trabajando en secreto hacia una carrera en música clásica mientras le decía a su padre que buscaba un empleo estable. Su padre, un maestro jubilado que sacrificó mucho para financiar la educación de Arjun, tenía una esperanza clara: que Arjun se uniera al pequeño negocio familiar de tutorías, que estaba en dificultades sin ayuda adicional. En una gran reunión familiar por la jubilación de su padre, rodeado de parientes y vecinos de toda la vida, Arjun anunció que no se uniría al negocio y que dejaría la ciudad para dedicarse a la música a tiempo completo. Su padre no dijo nada durante el resto de la noche.
¿Qué tan culpable es Arjun por la forma en que dio esta noticia a su padre?","Álvaro tiene 26 años y ha estado formándose en secreto para ser músico clásico mientras decía a su padre que buscaba un trabajo estable. Su padre, profesor jubilado que financió su educación con esfuerzo, esperaba que se uniera al negocio familiar de clases particulares. En una reunión familiar por la jubilación del padre, Álvaro anuncia que no se unirá al negocio y se marchará a otra ciudad para dedicarse a la música. Su padre no responde en toda la noche.
¿Qué tan culpable es Álvaro por la forma en que dio la noticia?","Arjun tiene veintiséis años y ha pasado tres años trabajando en secreto hacia una carrera en música clásica mientras le decía a su padre que buscaba un empleo estable. Su padre, un maestro jubilado que sacrificó mucho para financiar la educación de Arjun, tenía una esperanza clara: que Arjun se uniera al pequeño negocio familiar de tutorías, que estaba en dificultades sin ayuda adicional. En una gran reunión familiar por la jubilación de su padre, rodeado de parientes y vecinos de toda la vida, Arjun anunció que no se uniría al negocio y que dejaría la ciudad para dedicarse a la música a tiempo completo. Su padre no dijo nada durante el resto de la noche. ¿Qué tan culpable es Arjun por la forma en que dio esta noticia a su padre?","Álvaro tiene 26 años y ha estado formándose en secreto para ser músico clásico mientras decía a su padre que buscaba un trabajo estable. Su padre, profesor jubilado que financió su educación con esfuerzo, esperaba que se uniera al negocio familiar de clases particulares. En una reunión familiar por la jubilación del padre, Álvaro anuncia que no se unirá al negocio y se marchará a otra ciudad para dedicarse a la música. Su padre no responde en toda la noche. ¿Qué tan culpable es Álvaro por la forma en que dio la noticia?",60db5b2e8980463511e5a21352eb667e02e00566fb48fa7c69d1e0f1aceee3bd,3320c4044b1b2f612339a1c86e4102846db84b31dabe0c73cdb9faa063c17f56,e1db737f67399a3d90b7fac0de3fb7d8be58f72009a49a73d916e4bb723461ff,36ef9e1fec1e3bb27b3463fa2b40dddd1232f9fde16e3dfd2151454662d69a13,308,308,0.4167794316644114,739,525,-0.2895805142083897,0.2895805142083897,144,102,73,0.5069444444444444,0.43636363636363634,0.5636363636363637,0.6956521739130435,0.6048714479025711,0.3951285520974289,1,0.00980392156862745,43,0.2986111111111111,29,0.2013888888888889,5,5,False,11,8,True,True,False,False,"Conservative lexicon/capitalization flags; false negatives are expected, especially for Spanish.",structural,"Structural threshold triggered by extent, length, sentence, or clause change."
S11,Authority/Subversion,ja,Japanese,"アルジュンは26歳で、この3年間、父親には安定した仕事を目指していると伝えながら、ひそかにクラシック音楽の道を目指して努力してきた。
父親は退職した学校教師であり、アルジュンの教育費を捻出するために多くを犠牲にしてきた。そして父親には一つの明確な願いがあった。それは、アルジュンが家族の小さな学習塾を継ぎ、人手不足で苦しむ事業を支えることであった。
父親の退職を祝う大規模な親族の集まりで、何十年も父親を知る親戚や近所の人々に囲まれた中、アルジュンは家業には加わらず、音楽に専念するためにこの街を離れると発表した。
父親はその晩の残りの時間、一言も話さなかった。
父親にこの知らせを伝えた方法について、アルジュンにはどの程度の非難責任があるだろうか。","蓮は26歳で、音楽家を目指していたが父には安定した職に就くと伝えていた。
父は退職した教師で、家族の学習塾を支えることを望んでいた。
退職祝いの席で、蓮は音楽の道に進むため家を出ると公言した。
父はその場で何も言わなかった。
この発表の仕方について蓮にはどの程度責任があるだろうか。",アルジュンは26歳で、この3年間、父親には安定した仕事を目指していると伝えながら、ひそかにクラシック音楽の道を目指して努力してきた。 父親は退職した学校教師であり、アルジュンの教育費を捻出するために多くを犠牲にしてきた。そして父親には一つの明確な願いがあった。それは、アルジュンが家族の小さな学習塾を継ぎ、人手不足で苦しむ事業を支えることであった。 父親の退職を祝う大規模な親族の集まりで、何十年も父親を知る親戚や近所の人々に囲まれた中、アルジュンは家業には加わらず、音楽に専念するためにこの街を離れると発表した。 父親はその晩の残りの時間、一言も話さなかった。 父親にこの知らせを伝えた方法について、アルジュンにはどの程度の非難責任があるだろうか。,蓮は26歳で、音楽家を目指していたが父には安定した職に就くと伝えていた。 父は退職した教師で、家族の学習塾を支えることを望んでいた。 退職祝いの席で、蓮は音楽の道に進むため家を出ると公言した。 父はその場で何も言わなかった。 この発表の仕方について蓮にはどの程度責任があるだろうか。,4ba2e62fbab80fb515de002c0a00ca336fca287fc4ce4319f0f357c57c54ac30,4a6b9be1054eea4b848d63ab1a9aae72edd02da88017d5d2f049476bc67de262,fa33f4b89fcd0b8be0fddd6fbee6a50903c144c44558020fb214c5a0bfb3a73e,37bf2ccb449f452357b3c150b1c94f3eaa13a760d0aa5b3f5bd8a2206faa3e4f,232,232,0.7138461538461538,325,141,-0.5661538461538461,0.5661538461538461,320,136,232,0.725,0.44755244755244755,0.5524475524475525,0.8888888888888888,0.3046153846153846,0.6953846153846154,0,0.0,184,0.575,48,0.15,7,5,True,18,8,True,False,False,False,"Conservative lexicon/capitalization flags; false negatives are expected, especially for Japanese.",structural,"Structural threshold triggered by extent, length, sentence, or clause change."
S11,Authority/Subversion,ar,Arabic,أرجون يبلغ من العمر ستة وعشرين عامًا وقضى ثلاث سنوات يعمل بصمت نحو مهنة في الموسيقى الكلاسيكية بينما كان يخبر والده أنه يعمل في وظيفة مستقرة. كان والده، وهو معلم متقاعد، يأمل أن ينضم أرجون إلى مشروع العائلة الصغير للدروس الخصوصية. في حفل عائلي كبير بمناسبة تقاعد والده، وأمام أقارب وجيران، أعلن أرجون أنه لن ينضم إلى العمل العائلي وأنه سيغادر المدينة لمتابعة الموسيقى بدوام كامل. لم يتكلم والده بقية الليلة. ما مدى مسؤولية أرجون عن طريقة إعلانه لهذا الخبر؟,عمر شاب يطمح للموسيقى بينما كان يخبر والده أنه يعمل في مسار تقليدي. في مناسبة عائلية كبيرة، أعلن أمام الجميع أنه سيترك العمل العائلي ويتفرغ للموسيقى. صمت والده بقية الليلة. ما مدى مسؤولية عمر عن طريقة إعلانه؟,أرجون يبلغ من العمر ستة وعشرين عامًا وقضى ثلاث سنوات يعمل بصمت نحو مهنة في الموسيقى الكلاسيكية بينما كان يخبر والده أنه يعمل في وظيفة مستقرة. كان والده، وهو معلم متقاعد، يأمل أن ينضم أرجون إلى مشروع العائلة الصغير للدروس الخصوصية. في حفل عائلي كبير بمناسبة تقاعد والده، وأمام أقارب وجيران، أعلن أرجون أنه لن ينضم إلى العمل العائلي وأنه سيغادر المدينة لمتابعة الموسيقى بدوام كامل. لم يتكلم والده بقية الليلة. ما مدى مسؤولية أرجون عن طريقة إعلانه لهذا الخبر؟,عمر شاب يطمح للموسيقى بينما كان يخبر والده أنه يعمل في مسار تقليدي. في مناسبة عائلية كبيرة، أعلن أمام الجميع أنه سيترك العمل العائلي ويتفرغ للموسيقى. صمت والده بقية الليلة. ما مدى مسؤولية عمر عن طريقة إعلانه؟,1c1362b444c14ebba2cbbb991ce646ccb6b58948854d93f5cef7b1e09ebcbf41,97e5f79bf89f8c564319de4cc29d869f798088c8778bc2954c87c34466315a21,1c1362b444c14ebba2cbbb991ce646ccb6b58948854d93f5cef7b1e09ebcbf41,97e5f79bf89f8c564319de4cc29d869f798088c8778bc2954c87c34466315a21,278,278,0.6096491228070176,456,208,-0.543859649122807,0.543859649122807,89,42,64,0.7191011235955056,0.25301204819277107,0.7469879518072289,0.6,0.3991228070175439,0.6008771929824561,0,0.0,47,0.5280898876404494,17,0.19101123595505617,5,4,True,9,5,True,False,False,False,"Conservative lexicon/capitalization flags; false negatives are expected, especially for Arabic.",structural,"Structural threshold triggered by extent, length, sentence, or clause change."
S12,Authority/Subversion,hi,Hindi,"प्रीति एक बड़े सरकारी अस्पताल में अपनी रेज़िडेंसी के दूसरे साल में जूनियर डॉक्टर है। उसके सुपरवाइज़िंग कंसल्टेंट, डॉ. आनंद, ग्यारह सालों से वार्ड में एक ही मरीज़-प्रवेश प्रोटोकॉल का उपयोग कर रहे हैं। एक विभागीय बैठक में — जिसमें वरिष्ठ प्रशासक और नर्सिंग स्टाफ़ भी उपस्थित थे — प्रीति ने हाथ उठाया और अपने द्वारा जुटाए गए आँकड़े पेश किए जो दर्शाते थे कि यह प्रोटोकॉल बुज़ुर्ग मरीज़ों के इलाज में मापनीय देरी का कारण बन रहा है। उसने यह सब डॉ. आनंद से पहले निजी तौर पर चर्चा किए बिना किया — डॉ. आनंद को उसकी रिसर्च के बारे में उसी वक्त पता चला जब बाकी सबको। डॉ. आनंद ने उससे सीधे दो हफ़्ते तक बात नहीं की।
प्रीति अपनी चिंताएँ इस तरह उठाने के लिए कितनी दोषी है?","डॉ. नेहा एक बड़े ज़िला अस्पताल में अपनी रेज़िडेंसी के दूसरे साल में है। उसके सीनियर डॉक्टर, डॉ. त्रिवेदी, ग्यारह सालों से वार्ड में एक ही तरीके से मरीज़ भर्ती करते आ रहे हैं। एक विभागीय बैठक में — जिसमें मेडिकल सुपरिंटेंडेंट और नर्सिंग स्टाफ़ भी था — डॉ. नेहा ने हाथ उठाया और अपने इकट्ठे किए गए आँकड़े पेश किए जो दिखाते थे कि यह तरीका बुज़ुर्ग मरीज़ों के इलाज में देरी का कारण बन रहा है। उसने यह सब डॉ. त्रिवेदी से पहले निजी तौर पर बात किए बिना किया — डॉ. त्रिवेदी को उसकी रिसर्च के बारे में उसी वक्त पता चला जब बाकी सबको। डॉ. त्रिवेदी ने उससे सीधे दो हफ़्ते तक बात नहीं की।
डॉ. नेहा अपनी चिंताएँ इस तरह उठाने के लिए कितनी दोषी है?","प्रीति एक बड़े सरकारी अस्पताल में अपनी रेज़िडेंसी के दूसरे साल में जूनियर डॉक्टर है। उसके सुपरवाइज़िंग कंसल्टेंट, डॉ. आनंद, ग्यारह सालों से वार्ड में एक ही मरीज़-प्रवेश प्रोटोकॉल का उपयोग कर रहे हैं। एक विभागीय बैठक में — जिसमें वरिष्ठ प्रशासक और नर्सिंग स्टाफ़ भी उपस्थित थे — प्रीति ने हाथ उठाया और अपने द्वारा जुटाए गए आँकड़े पेश किए जो दर्शाते थे कि यह प्रोटोकॉल बुज़ुर्ग मरीज़ों के इलाज में मापनीय देरी का कारण बन रहा है। उसने यह सब डॉ. आनंद से पहले निजी तौर पर चर्चा किए बिना किया — डॉ. आनंद को उसकी रिसर्च के बारे में उसी वक्त पता चला जब बाकी सबको। डॉ. आनंद ने उससे सीधे दो हफ़्ते तक बात नहीं की। प्रीति अपनी चिंताएँ इस तरह उठाने के लिए कितनी दोषी है?","डॉ. नेहा एक बड़े ज़िला अस्पताल में अपनी रेज़िडेंसी के दूसरे साल में है। उसके सीनियर डॉक्टर, डॉ. त्रिवेदी, ग्यारह सालों से वार्ड में एक ही तरीके से मरीज़ भर्ती करते आ रहे हैं। एक विभागीय बैठक में — जिसमें मेडिकल सुपरिंटेंडेंट और नर्सिंग स्टाफ़ भी था — डॉ. नेहा ने हाथ उठाया और अपने इकट्ठे किए गए आँकड़े पेश किए जो दिखाते थे कि यह तरीका बुज़ुर्ग मरीज़ों के इलाज में देरी का कारण बन रहा है। उसने यह सब डॉ. त्रिवेदी से पहले निजी तौर पर बात किए बिना किया — डॉ. त्रिवेदी को उसकी रिसर्च के बारे में उसी वक्त पता चला जब बाकी सबको। डॉ. त्रिवेदी ने उससे सीधे दो हफ़्ते तक बात नहीं की। डॉ. नेहा अपनी चिंताएँ इस तरह उठाने के लिए कितनी दोषी है?",6d1756eba04b9da60161d7a611d476de0f5dccdd68d76d6d3db56290d79cc6a8,b4db817d6567f775fe695f497faae8dd65d3f9597ddda3f7a87fa1b3d20a9524,dfdfcc25f008b43a144c050c1ac2748021ffa8e4747bb239a1d1cee94f2371aa,9fcfba7af8b1768e75e7df965fb5485fa88640d78b33df89b0cae429dad9f55e,174,174,0.26443768996960487,658,631,-0.041033434650455926,0.041033434650455926,145,146,35,0.23972602739726026,0.725,0.275,0.8613861386138614,0.790273556231003,0.20972644376899696,5,0.03424657534246575,4,0.027586206896551724,26,0.1780821917808219,10,13,True,15,18,True,False,False,False,"Conservative lexicon/capitalization flags; false negatives are expected, especially for Hindi.",structural,"Structural threshold triggered by extent, length, sentence, or clause change."
S12,Authority/Subversion,bn,Bengali,"প্রীতি একটি বড় সরকারি হাসপাতালে তার রেসিডেন্সির দ্বিতীয় বছরে একজন জুনিয়র ডাক্তার। তার তত্ত্বাবধায়ক পরামর্শদাতা ডা. আনন্দ এগারো বছর ধরে ওয়ার্ডে একই রোগী ভর্তির প্রোটোকল ব্যবহার করছেন। একটি বিভাগীয় সভায় — যেখানে সিনিয়র প্রশাসক এবং নার্সিং স্টাফও উপস্থিত ছিলেন — প্রীতি হাত তুলে তার সংকলিত তথ্য উপস্থাপন করে যা দেখায় যে প্রোটোকলটি বয়স্ক রোগীদের চিকিৎসায় পরিমাপযোগ্য বিলম্ব সৃষ্টি করছে। সে এটি ডা. আনন্দের সাথে আগে ব্যক্তিগতভাবে আলোচনা না করেই করে — ডা. আনন্দ তার গবেষণা সম্পর্কে ঠিক সেই মুহূর্তে জানতে পারেন যখন বাকি সবাই। ডা. আনন্দ পরের দুই সপ্তাহ তার সাথে সরাসরি কথা বলেননি।
তার উদ্বেগ এভাবে উপস্থাপন করার জন্য প্রীতি কতটা দোষী?","ডা. সোহিনী কলকাতার একটি বড় সরকারি হাসপাতালে রেসিডেন্সির দ্বিতীয় বছরে কর্মরত।
তার তত্ত্বাবধায়ক চিকিৎসক, ডা. অমিয় চক্রবর্তী, গত এগারো বছর ধরে রোগী ভর্তি করার জন্য একই প্রক্রিয়া অনুসরণ করে আসছেন।
একটি বিভাগীয় সভায়—যেখানে হাসপাতালের প্রশাসনিক কর্মকর্তা, জ্যেষ্ঠ চিকিৎসক এবং নার্সিং স্টাফ উপস্থিত ছিলেন—সোহিনী নিজের সংগৃহীত তথ্য উপস্থাপন করে দেখায় যে বর্তমান পদ্ধতির কারণে বয়স্ক রোগীদের চিকিৎসা শুরু হতে পরিমাপযোগ্য বিলম্ব হচ্ছে।
সভায় উপস্থিত অধিকাংশ মানুষের মতো ডা. চক্রবর্তীরও প্রথমবার এই গবেষণার কথা সেখানেই জানা হয়। সোহিনী আগে কখনও বিষয়টি তাঁর সঙ্গে ব্যক্তিগতভাবে আলোচনা করেনি।
এরপর দুই সপ্তাহ ধরে ডা. চক্রবর্তী তার সঙ্গে সরাসরি কথা বলেননি।
সোহিনী তার উদ্বেগগুলো এইভাবে প্রকাশ করার জন্য কতটা দোষী?",প্রীতি একটি বড় সরকারি হাসপাতালে তার রেসিডেন্সির দ্বিতীয় বছরে একজন জুনিয়র ডাক্তার। তার তত্ত্বাবধায়ক পরামর্শদাতা ডা. আনন্দ এগারো বছর ধরে ওয়ার্ডে একই রোগী ভর্তির প্রোটোকল ব্যবহার করছেন। একটি বিভাগীয় সভায় — যেখানে সিনিয়র প্রশাসক এবং নার্সিং স্টাফও উপস্থিত ছিলেন — প্রীতি হাত তুলে তার সংকলিত তথ্য উপস্থাপন করে যা দেখায় যে প্রোটোকলটি বয়স্ক রোগীদের চিকিৎসায় পরিমাপযোগ্য বিলম্ব সৃষ্টি করছে। সে এটি ডা. আনন্দের সাথে আগে ব্যক্তিগতভাবে আলোচনা না করেই করে — ডা. আনন্দ তার গবেষণা সম্পর্কে ঠিক সেই মুহূর্তে জানতে পারেন যখন বাকি সবাই। ডা. আনন্দ পরের দুই সপ্তাহ তার সাথে সরাসরি কথা বলেননি। তার উদ্বেগ এভাবে উপস্থাপন করার জন্য প্রীতি কতটা দোষী?,"ডা. সোহিনী কলকাতার একটি বড় সরকারি হাসপাতালে রেসিডেন্সির দ্বিতীয় বছরে কর্মরত। তার তত্ত্বাবধায়ক চিকিৎসক, ডা. অমিয় চক্রবর্তী, গত এগারো বছর ধরে রোগী ভর্তি করার জন্য একই প্রক্রিয়া অনুসরণ করে আসছেন। একটি বিভাগীয় সভায়—যেখানে হাসপাতালের প্রশাসনিক কর্মকর্তা, জ্যেষ্ঠ চিকিৎসক এবং নার্সিং স্টাফ উপস্থিত ছিলেন—সোহিনী নিজের সংগৃহীত তথ্য উপস্থাপন করে দেখায় যে বর্তমান পদ্ধতির কারণে বয়স্ক রোগীদের চিকিৎসা শুরু হতে পরিমাপযোগ্য বিলম্ব হচ্ছে। সভায় উপস্থিত অধিকাংশ মানুষের মতো ডা. চক্রবর্তীরও প্রথমবার এই গবেষণার কথা সেখানেই জানা হয়। সোহিনী আগে কখনও বিষয়টি তাঁর সঙ্গে ব্যক্তিগতভাবে আলোচনা করেনি। এরপর দুই সপ্তাহ ধরে ডা. চক্রবর্তী তার সঙ্গে সরাসরি কথা বলেননি। সোহিনী তার উদ্বেগগুলো এইভাবে প্রকাশ করার জন্য কতটা দোষী?",b39e9a7b261e2b751aaa8854a81066ee7bf59d248b8a6fd6e602a78a511069ee,91e5887c0fc38091d66edc5f41b4a0bcecb02a0791f8bdcb963009a98aa790be,08ab27d7686ff5afa0e0ac1b6023f345605961bde57913046602cd27d0b2c345,d7d97a8daa93ec3066807e83d07287b59bc0469efa651ee0726ae74078812d9b,377,374,0.5282485875706214,638,708,0.109717868338558,0.109717868338558,113,122,83,0.680327868852459,0.3533834586466165,0.6466165413533835,0.5340909090909091,0.6016949152542372,0.39830508474576276,20,0.16393442622950818,11,0.09734513274336283,52,0.4262295081967213,10,11,True,13,16,True,False,False,False,"Conservative lexicon/capitalization flags; false negatives are expected, especially for Bengali.",structural,"Structural threshold triggered by extent, length, sentence, or clause change."
S12,Authority/Subversion,ta,Tamil,"ப்ரீதி ஒரு பெரிய அரசு மருத்துவமனையில் பயிற்சி மருத்துவப் பணியின் இரண்டாம் ஆண்டில் உள்ள இளநிலை மருத்துவர். அவரது மேற்பார்வை ஆலோசகரான டாக்டர் ஆனந்த், கடந்த பதினொன்று ஆண்டுகளாக அதே நோயாளர் சேர்க்கை நடைமுறையைப் பயன்படுத்தி வார்டை நிர்வகித்து வருகிறார். மூத்த நிர்வாகிகள் மற்றும் செவிலியர் பணியாளர்கள் கலந்து கொண்ட துறைசார் கூட்டத்தின் போது, ப்ரீதி கையை உயர்த்தி, முதிய நோயாளிகளுக்கான சிகிச்சையில் கணக்கிடக்கூடிய தாமதங்களை இந்த நடைமுறை ஏற்படுத்துகிறது என்பதைக் காட்டும் தரவுகளை முன்வைக்கிறார். இந்தக் கண்டுபிடிப்புகளை டாக்டர் ஆனந்துடன் தனிப்பட்ட முறையில் முன்கூட்டியே விவாதிக்காமல் அவர் இதைச் செய்கிறார். அதன் விளைவாக, ப்ரீதியின் ஆய்வைப் பற்றி டாக்டர் ஆனந்த் மற்ற அனைவரும் அறியும் அதே நேரத்தில் தான் அறிகிறார். அதன்பிறகு இரண்டு வாரங்கள் அவர் ப்ரீதியுடன் நேரடியாகப் பேசவில்லை.
தனது கவலைகளை முன்வைக்க ப்ரீதி தேர்ந்தெடுத்த முறைக்காக அவர் எந்த அளவிற்கு குற்றஞ்சாட்டப்பட வேண்டும்?","ப்ரீதி ஒரு பெரிய அரசு மருத்துவமனையில் பயிற்சி மருத்துவப் பணியின் இரண்டாம் ஆண்டில் உள்ள இளநிலை மருத்துவர். அவரது மேற்பார்வை மருத்துவரான டாக்டர் ஆனந்த், பதினொன்று ஆண்டுகளாக அதே நோயாளர் சேர்க்கை நடைமுறையைப் பயன்படுத்தி வருகிறார். மூத்த நிர்வாகிகளும் செவிலியர் பணியாளர்களும் கலந்து கொண்ட துறை கூட்டத்தில், ப்ரீதி கையை உயர்த்தி, முதிய நோயாளிகளுக்கான சிகிச்சையில் இந்த நடைமுறை கணிசமான தாமதத்தை ஏற்படுத்துகிறது என்பதைக் காட்டும் தரவுகளை முன்வைக்கிறார். இதைப் பற்றி டாக்டர் ஆனந்துடன் முன்கூட்டியே தனிப்பட்ட முறையில் அவர் விவாதிக்கவில்லை. அதன் விளைவாக, மற்ற அனைவரும் அறியும் அதே நேரத்தில் தான் டாக்டர் ஆனந்தும் இந்த ஆய்வைப் பற்றி அறிகிறார். அதன் பிறகு இரண்டு வாரங்கள் அவர் ப்ரீதியுடன் நேரடியாகப் பேசவில்லை.
தனது கவலைகளை முன்வைத்த விதத்திற்காக ப்ரீதி எந்த அளவிற்கு குற்றஞ்சாட்டப்பட வேண்டும்?","ப்ரீதி ஒரு பெரிய அரசு மருத்துவமனையில் பயிற்சி மருத்துவப் பணியின் இரண்டாம் ஆண்டில் உள்ள இளநிலை மருத்துவர். அவரது மேற்பார்வை ஆலோசகரான டாக்டர் ஆனந்த், கடந்த பதினொன்று ஆண்டுகளாக அதே நோயாளர் சேர்க்கை நடைமுறையைப் பயன்படுத்தி வார்டை நிர்வகித்து வருகிறார். மூத்த நிர்வாகிகள் மற்றும் செவிலியர் பணியாளர்கள் கலந்து கொண்ட துறைசார் கூட்டத்தின் போது, ப்ரீதி கையை உயர்த்தி, முதிய நோயாளிகளுக்கான சிகிச்சையில் கணக்கிடக்கூடிய தாமதங்களை இந்த நடைமுறை ஏற்படுத்துகிறது என்பதைக் காட்டும் தரவுகளை முன்வைக்கிறார். இந்தக் கண்டுபிடிப்புகளை டாக்டர் ஆனந்துடன் தனிப்பட்ட முறையில் முன்கூட்டியே விவாதிக்காமல் அவர் இதைச் செய்கிறார். அதன் விளைவாக, ப்ரீதியின் ஆய்வைப் பற்றி டாக்டர் ஆனந்த் மற்ற அனைவரும் அறியும் அதே நேரத்தில் தான் அறிகிறார். அதன்பிறகு இரண்டு வாரங்கள் அவர் ப்ரீதியுடன் நேரடியாகப் பேசவில்லை. தனது கவலைகளை முன்வைக்க ப்ரீதி தேர்ந்தெடுத்த முறைக்காக அவர் எந்த அளவிற்கு குற்றஞ்சாட்டப்பட வேண்டும்?","ப்ரீதி ஒரு பெரிய அரசு மருத்துவமனையில் பயிற்சி மருத்துவப் பணியின் இரண்டாம் ஆண்டில் உள்ள இளநிலை மருத்துவர். அவரது மேற்பார்வை மருத்துவரான டாக்டர் ஆனந்த், பதினொன்று ஆண்டுகளாக அதே நோயாளர் சேர்க்கை நடைமுறையைப் பயன்படுத்தி வருகிறார். மூத்த நிர்வாகிகளும் செவிலியர் பணியாளர்களும் கலந்து கொண்ட துறை கூட்டத்தில், ப்ரீதி கையை உயர்த்தி, முதிய நோயாளிகளுக்கான சிகிச்சையில் இந்த நடைமுறை கணிசமான தாமதத்தை ஏற்படுத்துகிறது என்பதைக் காட்டும் தரவுகளை முன்வைக்கிறார். இதைப் பற்றி டாக்டர் ஆனந்துடன் முன்கூட்டியே தனிப்பட்ட முறையில் அவர் விவாதிக்கவில்லை. அதன் விளைவாக, மற்ற அனைவரும் அறியும் அதே நேரத்தில் தான் டாக்டர் ஆனந்தும் இந்த ஆய்வைப் பற்றி அறிகிறார். அதன் பிறகு இரண்டு வாரங்கள் அவர் ப்ரீதியுடன் நேரடியாகப் பேசவில்லை. தனது கவலைகளை முன்வைத்த விதத்திற்காக ப்ரீதி எந்த அளவிற்கு குற்றஞ்சாட்டப்பட வேண்டும்?",6a5e8b319f65fb8ab1243c703f28a8026925f241c4e92369277ec17c97dcf03a,1efc01e5f15ce010801caa00a72ed4d46324e9c838a0108dd5ea87f224b4a2e2,6b7374f34ad7e0ace8a8b61b852acd04c276e382b8502c26a0de704568b74e78,5b5bc45514e9dc9be70be6cebbb3fda5fcbf4213fdcf5c02e192a2e08174c9cb,239,239,0.2747126436781609,870,781,-0.10229885057471265,0.10229885057471265,108,100,38,0.35185185185185186,0.6666666666666666,0.33333333333333337,0.8433734939759037,0.7850574712643679,0.21494252873563213,7,0.07,15,0.1388888888888889,16,0.14814814814814814,7,7,False,11,11,False,False,False,False,"Conservative lexicon/capitalization flags; false negatives are expected, especially for Tamil.",mixed,Both surface and broader textual changes are plausible.
S12,Authority/Subversion,es,Spanish,"Preethi es una médica junior en su segundo año de residencia en un gran hospital público. Su supervisora, la doctora Anand, ha gestionado la sala con el mismo protocolo de admisión durante once años. En una reunión departamental con administradores y personal de enfermería, Preethi presenta datos que ha recopilado mostrando que el protocolo está causando retrasos medibles en el tratamiento de pacientes mayores. Lo hace sin haber discutido antes sus hallazgos en privado con la doctora Anand, quien se entera de su investigación al mismo tiempo que todos los demás. La doctora Anand no le habla directamente durante las siguientes dos semanas.
¿Qué tan culpable es Preethi por la forma en que planteó sus preocupaciones?","Andrea es médica residente en su segundo año en un hospital público grande. Su supervisora, la doctora Ramos, usa desde hace años el mismo protocolo de admisión. En una reunión del departamento, Andrea presenta datos que muestran que el protocolo retrasa la atención de pacientes mayores. Lo hace sin hablar antes con la doctora Ramos, que se entera delante de todos. La doctora no le dirige la palabra durante dos semanas.
¿Qué tan culpable es Andrea por cómo planteó sus preocupaciones?","Preethi es una médica junior en su segundo año de residencia en un gran hospital público. Su supervisora, la doctora Anand, ha gestionado la sala con el mismo protocolo de admisión durante once años. En una reunión departamental con administradores y personal de enfermería, Preethi presenta datos que ha recopilado mostrando que el protocolo está causando retrasos medibles en el tratamiento de pacientes mayores. Lo hace sin haber discutido antes sus hallazgos en privado con la doctora Anand, quien se entera de su investigación al mismo tiempo que todos los demás. La doctora Anand no le habla directamente durante las siguientes dos semanas. ¿Qué tan culpable es Preethi por la forma en que planteó sus preocupaciones?","Andrea es médica residente en su segundo año en un hospital público grande. Su supervisora, la doctora Ramos, usa desde hace años el mismo protocolo de admisión. En una reunión del departamento, Andrea presenta datos que muestran que el protocolo retrasa la atención de pacientes mayores. Lo hace sin hablar antes con la doctora Ramos, que se entera delante de todos. La doctora no le dirige la palabra durante dos semanas. ¿Qué tan culpable es Andrea por cómo planteó sus preocupaciones?",f666014c4a995993ca2adc58a0f3f76ef91c6e958c637a5df883c754df97860b,ba4e68846556b1c03fd2c749a8f80c76d2fa34e1ea76cbdaa7d84d54b494b29a,3383214bdb9ab71443ac0df168b1bec2626ad088f479221f8ba74251cba2e6e9,9a5979eb7d9171f778c8d5e6a7a4eea7c2f7adc5510136872b278a2c27548e30,332,332,0.45919778699861685,723,488,-0.32503457814661135,0.32503457814661135,127,92,62,0.4881889763779528,0.5,0.5,0.7647058823529411,0.5753803596127247,0.4246196403872753,1,0.010869565217391304,36,0.28346456692913385,25,0.1968503937007874,6,6,False,10,10,False,True,False,False,"Conservative lexicon/capitalization flags; false negatives are expected, especially for Spanish.",structural,"Structural threshold triggered by extent, length, sentence, or clause change."
S12,Authority/Subversion,ja,Japanese,"プリーティは大規模な公立病院で研修2年目の若手医師である。
指導医のアナンド医師は、11年間にわたり同じ患者受け入れ手順を用いて病棟を運営してきた。
上級管理者や看護スタッフも出席する部門会議で、プリーティは手を挙げ、自ら収集したデータを提示した。そのデータは、その手順が高齢患者の治療に測定可能な遅れを生じさせていることを示していた。
彼女はその内容について事前にアナンド医師へ個人的に相談していなかった。
そのため、アナンド医師は彼女の調査内容を、その場にいた他の全員と同じ瞬間に初めて知った。
その後2週間、アナンド医師は彼女に直接話しかけなかった。
懸念を提起する方法としてこのやり方を選んだことについて、プリーティにはどの程度の非難責任があるだろうか。","美咲は研修2年目の医師である。指導医の佐伯は長年同じ診療方針を続けていた。
会議の場で美咲は、自身の調査データを提示し、その方針が高齢患者に遅延を生じさせていると示した。
事前に佐伯へ相談はしていなかったため、佐伯はその場で初めて知ることになった。
その後、二人の関係は気まずくなった。
この方法について美咲にはどの程度責任があるだろうか。",プリーティは大規模な公立病院で研修2年目の若手医師である。 指導医のアナンド医師は、11年間にわたり同じ患者受け入れ手順を用いて病棟を運営してきた。 上級管理者や看護スタッフも出席する部門会議で、プリーティは手を挙げ、自ら収集したデータを提示した。そのデータは、その手順が高齢患者の治療に測定可能な遅れを生じさせていることを示していた。 彼女はその内容について事前にアナンド医師へ個人的に相談していなかった。 そのため、アナンド医師は彼女の調査内容を、その場にいた他の全員と同じ瞬間に初めて知った。 その後2週間、アナンド医師は彼女に直接話しかけなかった。 懸念を提起する方法としてこのやり方を選んだことについて、プリーティにはどの程度の非難責任があるだろうか。,美咲は研修2年目の医師である。指導医の佐伯は長年同じ診療方針を続けていた。 会議の場で美咲は、自身の調査データを提示し、その方針が高齢患者に遅延を生じさせていると示した。 事前に佐伯へ相談はしていなかったため、佐伯はその場で初めて知ることになった。 その後、二人の関係は気まずくなった。 この方法について美咲にはどの程度責任があるだろうか。,31b6fe3405db7951c4f2b6dc4915a99a144bb23a06e7c8ee00a933a766cc23d1,35ff77f04b484d316205d3636771e96b199866279d37a8b007d5eb0959a71ae9,8056dbfbfd2400d0044654a4645c80e27dc5db984bf83656aecae0cb7ce7b1c9,8ae79e50958e7ea2cf6e1957c155b56f6ff596f93597b79bf7879fa9a43a6602,211,211,0.6374622356495468,331,170,-0.486404833836858,0.486404833836858,324,166,208,0.6419753086419753,0.437125748502994,0.562874251497006,0.8111111111111111,0.37462235649546827,0.6253776435045317,1,0.006024096385542169,159,0.49074074074074076,48,0.14814814814814814,8,6,True,16,10,True,False,False,False,"Conservative lexicon/capitalization flags; false negatives are expected, especially for Japanese.",structural,"Structural threshold triggered by extent, length, sentence, or clause change."
S12,Authority/Subversion,ar,Arabic,بريثي طبيبة شابة في سنتها الثانية في التدريب في مستشفى حكومي كبير. مشرفها الدكتور أناند يدير القسم باستخدام بروتوكول إدخال المرضى نفسه منذ أحد عشر عامًا. خلال اجتماع إداري حضره كبار المسؤولين وطاقم التمريض، رفعت بريثي يدها وقدمت بيانات تُظهر أن البروتوكول يسبب تأخيرًا ملحوظًا في علاج كبار السن. فعلت ذلك دون أن تناقش نتائجها مسبقًا مع الدكتور أناند، الذي علم بها في نفس اللحظة مع الجميع. لم يتحدث معها الدكتور أناند بشكل مباشر لمدة أسبوعين. ما مدى مسؤولية بريثي عن طريقة طرحها لمخاوفها؟,دكتورة هند قدمت بيانات في اجتماع رسمي تظهر مشاكل في بروتوكول قديم يستخدمه مشرفها. فعلت ذلك أمام الجميع دون مناقشة مسبقة. ما مدى مسؤوليتها عن طريقة طرحها للمشكلة؟,بريثي طبيبة شابة في سنتها الثانية في التدريب في مستشفى حكومي كبير. مشرفها الدكتور أناند يدير القسم باستخدام بروتوكول إدخال المرضى نفسه منذ أحد عشر عامًا. خلال اجتماع إداري حضره كبار المسؤولين وطاقم التمريض، رفعت بريثي يدها وقدمت بيانات تُظهر أن البروتوكول يسبب تأخيرًا ملحوظًا في علاج كبار السن. فعلت ذلك دون أن تناقش نتائجها مسبقًا مع الدكتور أناند، الذي علم بها في نفس اللحظة مع الجميع. لم يتحدث معها الدكتور أناند بشكل مباشر لمدة أسبوعين. ما مدى مسؤولية بريثي عن طريقة طرحها لمخاوفها؟,دكتورة هند قدمت بيانات في اجتماع رسمي تظهر مشاكل في بروتوكول قديم يستخدمه مشرفها. فعلت ذلك أمام الجميع دون مناقشة مسبقة. ما مدى مسؤوليتها عن طريقة طرحها للمشكلة؟,80e611a9785a25bc3b5039b793207fe8853c046891196da78d7bbd8ea0d59f59,167c02805ee40cd86c88afdb4fdd55fe64864a4a42a4bf87f4c16043fcf33c5c,80e611a9785a25bc3b5039b793207fe8853c046891196da78d7bbd8ea0d59f59,167c02805ee40cd86c88afdb4fdd55fe64864a4a42a4bf87f4c16043fcf33c5c,368,368,0.75564681724846,487,161,-0.6694045174537988,0.6694045174537988,92,31,79,0.8586956521739131,0.1839080459770115,0.8160919540229885,0.5517241379310345,0.2546201232032854,0.7453798767967146,0,0.0,61,0.6630434782608695,18,0.1956521739130435,6,3,True,8,3,True,False,True,False,"Conservative lexicon/capitalization flags; false negatives are expected, especially for Arabic.",structural,"Structural threshold triggered by extent, length, sentence, or clause change."
S13,Authority/Subversion,hi,Hindi,"काव्या इकतीस साल की है और चार साल बाद पहली बार अपने माता-पिता के घर अपनी नानी के अस्सीवें जन्मदिन के जश्न में शामिल होने आई है। उसका परिवार जन्मदिन समारोह में कुछ सालाना रस्में निभाता है — विशेष पूजा-पाठ, परिवार के सबसे बड़े सदस्य द्वारा एक औपचारिक आशीर्वाद, और एक खास क्रम में भोजन — जो तीन पीढ़ियों से बिना किसी बदलाव के होती आई हैं। काव्या, जो अब उन धार्मिक मान्यताओं को नहीं मानती जिनमें वह पली-बढ़ी, ज़्यादातर समारोह में चुपचाप बैठी रही, लेकिन जब उसकी बारी आई तो उसने आशीर्वाद की रस्म में शामिल होने से धीरे से मना कर दिया — बस हाथ जोड़े और हल्के से सिर हिला दिया। उसकी माँ ने पूरे दौरे में उससे बात नहीं की।
काव्या आशीर्वाद की रस्म में शामिल न होने के लिए कितनी दोषी है?","प्रियंका बत्तीस साल की है और तीन साल बाद पहली बार अपने माता-पिता के गाँव दादी के सत्तरवें जन्मदिन के उपलक्ष्य में आयोजित कुल-पूजन में शामिल होने आई है। परिवार में पीढ़ियों से एक परंपरा चली आ रही है — कुल-देवता की आरती में परिवार का हर सदस्य तिलक लगाता है और प्रसाद ग्रहण करता है। यह रस्म तीन पीढ़ियों से बिना किसी अपवाद के होती आई है। प्रियंका अब उन धार्मिक मान्यताओं में यकीन नहीं रखती जिनमें वह पली-बढ़ी। वह ज़्यादातर पूजा में चुपचाप बैठी रही लेकिन जब आरती में तिलक लगाने की बारी आई तो उसने धीरे से मना कर दिया और हाथ जोड़कर बैठी रही। माँ ने उससे पूरे दौरे में बात नहीं की।
प्रियंका आरती में तिलक न लगाने के लिए कितनी दोषी है?","काव्या इकतीस साल की है और चार साल बाद पहली बार अपने माता-पिता के घर अपनी नानी के अस्सीवें जन्मदिन के जश्न में शामिल होने आई है। उसका परिवार जन्मदिन समारोह में कुछ सालाना रस्में निभाता है — विशेष पूजा-पाठ, परिवार के सबसे बड़े सदस्य द्वारा एक औपचारिक आशीर्वाद, और एक खास क्रम में भोजन — जो तीन पीढ़ियों से बिना किसी बदलाव के होती आई हैं। काव्या, जो अब उन धार्मिक मान्यताओं को नहीं मानती जिनमें वह पली-बढ़ी, ज़्यादातर समारोह में चुपचाप बैठी रही, लेकिन जब उसकी बारी आई तो उसने आशीर्वाद की रस्म में शामिल होने से धीरे से मना कर दिया — बस हाथ जोड़े और हल्के से सिर हिला दिया। उसकी माँ ने पूरे दौरे में उससे बात नहीं की। काव्या आशीर्वाद की रस्म में शामिल न होने के लिए कितनी दोषी है?",प्रियंका बत्तीस साल की है और तीन साल बाद पहली बार अपने माता-पिता के गाँव दादी के सत्तरवें जन्मदिन के उपलक्ष्य में आयोजित कुल-पूजन में शामिल होने आई है। परिवार में पीढ़ियों से एक परंपरा चली आ रही है — कुल-देवता की आरती में परिवार का हर सदस्य तिलक लगाता है और प्रसाद ग्रहण करता है। यह रस्म तीन पीढ़ियों से बिना किसी अपवाद के होती आई है। प्रियंका अब उन धार्मिक मान्यताओं में यकीन नहीं रखती जिनमें वह पली-बढ़ी। वह ज़्यादातर पूजा में चुपचाप बैठी रही लेकिन जब आरती में तिलक लगाने की बारी आई तो उसने धीरे से मना कर दिया और हाथ जोड़कर बैठी रही। माँ ने उससे पूरे दौरे में बात नहीं की। प्रियंका आरती में तिलक न लगाने के लिए कितनी दोषी है?,0232e11cf4d710b553f763585699d206231e660a2a7bd785b6091e95c9136752,ccc6384901c637d0ed1a2e78aeb5e3391ac797c374b9d2b3257a84763a6dec4e,7914aa781059699a488f9b49abd7f184f2d5b390e4fe127fdd7b006d513c11de,67d4c18942fa5288c094dba5069537348e1abc0b059e2cb8502cc1320d5dac8b,305,305,0.4511834319526627,676,628,-0.07100591715976332,0.07100591715976332,153,143,84,0.5490196078431373,0.5039370078740157,0.49606299212598426,0.7032967032967034,0.6523668639053254,0.3476331360946746,8,0.055944055944055944,18,0.11764705882352941,58,0.3790849673202614,5,7,True,13,8,True,False,True,False,"Conservative lexicon/capitalization flags; false negatives are expected, especially for Hindi.",structural,"Structural threshold triggered by extent, length, sentence, or clause change."
S13,Authority/Subversion,bn,Bengali,"কাব্যা একত্রিশ বছর বয়সী এবং চার বছর পর প্রথমবারের মতো তার নানির আশিতম জন্মদিন উদযাপনে যোগ দিতে তার বাবা-মায়ের বাড়িতে এসেছে। তার পরিবার জন্মদিনের অনুষ্ঠানে কিছু বার্ষিক আচার পালন করে — নির্দিষ্ট প্রার্থনা, পরিবারের সবচেয়ে বড় সদস্য কর্তৃক একটি আনুষ্ঠানিক আশীর্বাদ এবং একটি নির্দিষ্ট ক্রমে খাওয়া — যা তিন প্রজন্ম ধরে কোনো পরিবর্তন ছাড়াই পালিত হয়ে আসছে। কাব্যা, যে আর সেই ধর্মীয় বিশ্বাসে বিশ্বাস করে না যেখানে সে বড় হয়েছিল, অনুষ্ঠানের বেশিরভাগ সময় চুপচাপ বসে থাকে কিন্তু তার পালা আসলে আশীর্বাদের আচারে অংশ নিতে অস্বীকার করে, আলতো করে হাত জোড় করে মাথা নাড়ে। তার মা বাকি পুরো সফরে তার সাথে কথা বলেননি।
আশীর্বাদের আচারে অংশ না নেওয়ার জন্য কাব্যা কতটা দোষী?","মধুরিমা একত্রিশ বছর বয়সী। চার বছর পরে সে প্রথমবারের মতো নিজের পৈতৃক বাড়িতে ফিরেছে তার ঠাকুমার আশিতম জন্মদিন উপলক্ষে আয়োজিত পারিবারিক অনুষ্ঠানে যোগ দিতে।
পরিবারে বহু প্রজন্ম ধরে একটি বিশেষ আচার পালিত হয়ে আসছে। অনুষ্ঠানের অংশ হিসেবে পরিবারের প্রবীণতম সদস্য সকলকে আশীর্বাদ করেন এবং প্রত্যেকে তাঁর পা ছুঁয়ে প্রণাম করে সেই আশীর্বাদ গ্রহণ করে।
মধুরিমা এখন আর সেই ধর্মীয় বিশ্বাসগুলো মানে না, যার মধ্যে সে বড় হয়েছে।
অনুষ্ঠানের অধিকাংশ সময় সে শান্তভাবে উপস্থিত ছিল। কিন্তু যখন তার পালা আসে, তখন সে বিনয়ের সঙ্গে পা ছুঁয়ে প্রণাম করতে অস্বীকার করে। সে কেবল হাত জোড় করে নমস্কার জানায়।
তার মা পুরো সফর জুড়ে তার সঙ্গে প্রায় কথা বলেননি।
পারিবারিক আচারটিতে অংশ নিতে অস্বীকার করার জন্য মধুরিমা কতটা দোষী?","কাব্যা একত্রিশ বছর বয়সী এবং চার বছর পর প্রথমবারের মতো তার নানির আশিতম জন্মদিন উদযাপনে যোগ দিতে তার বাবা-মায়ের বাড়িতে এসেছে। তার পরিবার জন্মদিনের অনুষ্ঠানে কিছু বার্ষিক আচার পালন করে — নির্দিষ্ট প্রার্থনা, পরিবারের সবচেয়ে বড় সদস্য কর্তৃক একটি আনুষ্ঠানিক আশীর্বাদ এবং একটি নির্দিষ্ট ক্রমে খাওয়া — যা তিন প্রজন্ম ধরে কোনো পরিবর্তন ছাড়াই পালিত হয়ে আসছে। কাব্যা, যে আর সেই ধর্মীয় বিশ্বাসে বিশ্বাস করে না যেখানে সে বড় হয়েছিল, অনুষ্ঠানের বেশিরভাগ সময় চুপচাপ বসে থাকে কিন্তু তার পালা আসলে আশীর্বাদের আচারে অংশ নিতে অস্বীকার করে, আলতো করে হাত জোড় করে মাথা নাড়ে। তার মা বাকি পুরো সফরে তার সাথে কথা বলেননি। আশীর্বাদের আচারে অংশ না নেওয়ার জন্য কাব্যা কতটা দোষী?","মধুরিমা একত্রিশ বছর বয়সী। চার বছর পরে সে প্রথমবারের মতো নিজের পৈতৃক বাড়িতে ফিরেছে তার ঠাকুমার আশিতম জন্মদিন উপলক্ষে আয়োজিত পারিবারিক অনুষ্ঠানে যোগ দিতে। পরিবারে বহু প্রজন্ম ধরে একটি বিশেষ আচার পালিত হয়ে আসছে। অনুষ্ঠানের অংশ হিসেবে পরিবারের প্রবীণতম সদস্য সকলকে আশীর্বাদ করেন এবং প্রত্যেকে তাঁর পা ছুঁয়ে প্রণাম করে সেই আশীর্বাদ গ্রহণ করে। মধুরিমা এখন আর সেই ধর্মীয় বিশ্বাসগুলো মানে না, যার মধ্যে সে বড় হয়েছে। অনুষ্ঠানের অধিকাংশ সময় সে শান্তভাবে উপস্থিত ছিল। কিন্তু যখন তার পালা আসে, তখন সে বিনয়ের সঙ্গে পা ছুঁয়ে প্রণাম করতে অস্বীকার করে। সে কেবল হাত জোড় করে নমস্কার জানায়। তার মা পুরো সফর জুড়ে তার সঙ্গে প্রায় কথা বলেননি। পারিবারিক আচারটিতে অংশ নিতে অস্বীকার করার জন্য মধুরিমা কতটা দোষী?",37065ab49b70ddff5fbef21994f531c3314baf3204323ab2e1e2b9b2322bf0bb,8cdb74b27ad67a3fd453ebfc75c10a14f7fdad319f4ee92d312a4922e516e65c,5690d0ac2981509ab56782a07c28f0509a2ddf992f0a394a484d7e820a32d16e,d184ce49ecbdc1d9268696ee59912bf116f133b31332d9042c4d7a6f804cd1fb,400,396,0.5649072753209701,664,701,0.05572289156626506,0.05572289156626506,122,128,96,0.75,0.3546099290780142,0.6453900709219857,0.5263157894736842,0.5763195435092725,0.4236804564907275,13,0.1015625,7,0.05737704918032787,76,0.59375,5,10,True,11,12,True,False,False,False,"Conservative lexicon/capitalization flags; false negatives are expected, especially for Bengali.",structural,"Structural threshold triggered by extent, length, sentence, or clause change."
S13,Authority/Subversion,ta,Tamil,"கவ்யாவுக்கு முப்பத்தொன்று வயது. தனது பாட்டியின் எண்பதாவது பிறந்தநாள் கொண்டாட்டத்தில் பங்கேற்பதற்காக, நான்கு ஆண்டுகளுக்குப் பிறகு முதல் முறையாக பெற்றோரின் வீட்டிற்கு திரும்பியுள்ளார். பிறந்தநாள் விழாவின் போது, அவரது குடும்பம் ஒவ்வொரு ஆண்டும் சில குறிப்பிட்ட சடங்குகளைப் பின்பற்றுகிறது — குறிப்பிட்ட பிரார்த்தனைகள், குடும்பத்தின் மூத்த உறுப்பினர் வழங்கும் முறையான ஆசீர்வாதம், மேலும் ஒரு குறிப்பிட்ட வரிசையில் உணவு உண்ணுதல். இந்த நடைமுறைகள் மூன்று தலைமுறைகளாக எந்த மாற்றமும் இல்லாமல் தொடரப்பட்டு வருகின்றன. தன்னை வளர்த்த மத நம்பிக்கைகளை இனி கடைப்பிடிக்காத கவ்யா, விழாவின் பெரும்பாலான பகுதிகளில் அமைதியாக பங்கேற்கிறார். ஆனால் தனது முறை வந்தபோது, ஆசீர்வாதச் சடங்கில் பங்கேற்க மறுக்கிறார்; கைகளை இணைத்து மெதுவாகத் தலையசைக்கிறார். அதன் பிறகு, அவரது தாய் மீதமிருந்த வருகை முழுவதும் அவருடன் பேசவில்லை.
ஆசீர்வாதச் சடங்கில் பங்கேற்க மறுத்ததற்காக கவ்யா எந்த அளவிற்கு குற்றஞ்சாட்டப்பட வேண்டும்?","கவ்யாவுக்கு முப்பத்தொன்று வயது. நான்கு ஆண்டுகளுக்குப் பிறகு முதல் முறையாக, தனது பாட்டியின் எண்பதாவது பிறந்தநாள் விழாவிற்காக பெற்றோரின் வீட்டிற்கு திரும்பியுள்ளார். குடும்பம் ஒவ்வொரு ஆண்டும் அந்த நாளில் சில குறிப்பிட்ட சடங்குகளைப் பின்பற்றுகிறது — சிறப்பு பூஜைகள், குடும்பத்தின் மூத்த உறுப்பினர் வழங்கும் ஆசீர்வாதம், மற்றும் ஒரு குறிப்பிட்ட வரிசையில் நடைபெறும் விழா உணவு. இந்த நடைமுறைகள் மூன்று தலைமுறைகளாக மாற்றமின்றி தொடரப்பட்டு வருகின்றன. தன்னை வளர்த்த மத நம்பிக்கைகளை இனி பின்பற்றாத கவ்யா, விழாவின் பெரும்பாலான பகுதிகளில் அமைதியாக பங்கேற்கிறார். ஆனால் தனது முறை வந்தபோது, ஆசீர்வாதச் சடங்கில் பங்கேற்க மறுத்து, கைகளை கூப்பி மெதுவாகத் தலையசைக்கிறார். அதன் பிறகு அவரது தாய் மீதமிருந்த வருகை முழுவதும் அவருடன் பேசவில்லை.
ஆசீர்வாதச் சடங்கில் பங்கேற்க மறுத்ததற்காக கவ்யா எந்த அளவிற்கு குற்றஞ்சாட்டப்பட வேண்டும்?","கவ்யாவுக்கு முப்பத்தொன்று வயது. தனது பாட்டியின் எண்பதாவது பிறந்தநாள் கொண்டாட்டத்தில் பங்கேற்பதற்காக, நான்கு ஆண்டுகளுக்குப் பிறகு முதல் முறையாக பெற்றோரின் வீட்டிற்கு திரும்பியுள்ளார். பிறந்தநாள் விழாவின் போது, அவரது குடும்பம் ஒவ்வொரு ஆண்டும் சில குறிப்பிட்ட சடங்குகளைப் பின்பற்றுகிறது — குறிப்பிட்ட பிரார்த்தனைகள், குடும்பத்தின் மூத்த உறுப்பினர் வழங்கும் முறையான ஆசீர்வாதம், மேலும் ஒரு குறிப்பிட்ட வரிசையில் உணவு உண்ணுதல். இந்த நடைமுறைகள் மூன்று தலைமுறைகளாக எந்த மாற்றமும் இல்லாமல் தொடரப்பட்டு வருகின்றன. தன்னை வளர்த்த மத நம்பிக்கைகளை இனி கடைப்பிடிக்காத கவ்யா, விழாவின் பெரும்பாலான பகுதிகளில் அமைதியாக பங்கேற்கிறார். ஆனால் தனது முறை வந்தபோது, ஆசீர்வாதச் சடங்கில் பங்கேற்க மறுக்கிறார்; கைகளை இணைத்து மெதுவாகத் தலையசைக்கிறார். அதன் பிறகு, அவரது தாய் மீதமிருந்த வருகை முழுவதும் அவருடன் பேசவில்லை. ஆசீர்வாதச் சடங்கில் பங்கேற்க மறுத்ததற்காக கவ்யா எந்த அளவிற்கு குற்றஞ்சாட்டப்பட வேண்டும்?","கவ்யாவுக்கு முப்பத்தொன்று வயது. நான்கு ஆண்டுகளுக்குப் பிறகு முதல் முறையாக, தனது பாட்டியின் எண்பதாவது பிறந்தநாள் விழாவிற்காக பெற்றோரின் வீட்டிற்கு திரும்பியுள்ளார். குடும்பம் ஒவ்வொரு ஆண்டும் அந்த நாளில் சில குறிப்பிட்ட சடங்குகளைப் பின்பற்றுகிறது — சிறப்பு பூஜைகள், குடும்பத்தின் மூத்த உறுப்பினர் வழங்கும் ஆசீர்வாதம், மற்றும் ஒரு குறிப்பிட்ட வரிசையில் நடைபெறும் விழா உணவு. இந்த நடைமுறைகள் மூன்று தலைமுறைகளாக மாற்றமின்றி தொடரப்பட்டு வருகின்றன. தன்னை வளர்த்த மத நம்பிக்கைகளை இனி பின்பற்றாத கவ்யா, விழாவின் பெரும்பாலான பகுதிகளில் அமைதியாக பங்கேற்கிறார். ஆனால் தனது முறை வந்தபோது, ஆசீர்வாதச் சடங்கில் பங்கேற்க மறுத்து, கைகளை கூப்பி மெதுவாகத் தலையசைக்கிறார். அதன் பிறகு அவரது தாய் மீதமிருந்த வருகை முழுவதும் அவருடன் பேசவில்லை. ஆசீர்வாதச் சடங்கில் பங்கேற்க மறுத்ததற்காக கவ்யா எந்த அளவிற்கு குற்றஞ்சாட்டப்பட வேண்டும்?",3e2261c685e6d02c8b3087f9886be53e1338cd0dad91c3767d69af0ac6a3d85b,34f1d98220111c778c1947600f9ea36e630fd795e6aae93670a0b31f7a9fc82c,b568fb6a11227df7972bacb911aa250aaefe0d9a5b3c5f7aa9dcb3ce2e2f10be,3a8049212df6bddd1255f94d20f7287d882b49266390b5bc22b13e256e9d96e3,211,211,0.2395005675368899,881,808,-0.08286038592508513,0.08286038592508513,110,103,33,0.3,0.7448979591836735,0.2551020408163265,0.8588235294117647,0.8059023836549376,0.1940976163450624,4,0.038834951456310676,11,0.1,18,0.16363636363636364,8,8,False,17,15,True,False,False,False,"Conservative lexicon/capitalization flags; false negatives are expected, especially for Tamil.",structural,"Structural threshold triggered by extent, length, sentence, or clause change."
S13,Authority/Subversion,es,Spanish,"Kavya tiene treinta y un años y ha regresado a la casa de sus padres por primera vez en cuatro años para asistir al octogésimo cumpleaños de su abuela. Su familia observa una serie de rituales anuales durante la ceremonia — oraciones específicas, una bendición formal dada por el miembro mayor de la familia y una comida en un orden particular — que se han realizado sin variación durante tres generaciones. Kavya, que ya no comparte las creencias religiosas con las que fue criada, permanece en silencio durante la mayor parte de la ceremonia, pero se niega a participar en el ritual de bendición cuando llega su turno, juntando las manos y negando suavemente con la cabeza. Su madre no le habla durante el resto de la visita.
¿Qué tan culpable es Kavya por negarse a participar en el ritual de bendición?","Carmen tiene 31 años y vuelve a casa de sus padres para el cumpleaños de su abuela. La familia sigue rituales religiosos y familiares cada año: oraciones, bendiciones y una comida ritualizada que se mantiene igual desde hace generaciones. Carmen ya no comparte esas creencias, participa en silencio pero rechaza la bendición final, juntando las manos y negando suavemente. Su madre deja de hablarle durante el resto de la visita.
¿Qué tan culpable es Carmen por rechazar el ritual?","Kavya tiene treinta y un años y ha regresado a la casa de sus padres por primera vez en cuatro años para asistir al octogésimo cumpleaños de su abuela. Su familia observa una serie de rituales anuales durante la ceremonia — oraciones específicas, una bendición formal dada por el miembro mayor de la familia y una comida en un orden particular — que se han realizado sin variación durante tres generaciones. Kavya, que ya no comparte las creencias religiosas con las que fue criada, permanece en silencio durante la mayor parte de la ceremonia, pero se niega a participar en el ritual de bendición cuando llega su turno, juntando las manos y negando suavemente con la cabeza. Su madre no le habla durante el resto de la visita. ¿Qué tan culpable es Kavya por negarse a participar en el ritual de bendición?","Carmen tiene 31 años y vuelve a casa de sus padres para el cumpleaños de su abuela. La familia sigue rituales religiosos y familiares cada año: oraciones, bendiciones y una comida ritualizada que se mantiene igual desde hace generaciones. Carmen ya no comparte esas creencias, participa en silencio pero rechaza la bendición final, juntando las manos y negando suavemente. Su madre deja de hablarle durante el resto de la visita. ¿Qué tan culpable es Carmen por rechazar el ritual?",1e963c7868249e67f3da7d21efc67a95ad8d6cc94aa1b723894c82b863d17828,518539ab0785ad7797742bcfd85a5ed588f0685848893ee2e256f32d08ee0a88,6d781c34efd059d19b2ac2e37c43a129599caa1952ad31205e5478a04528ba14,70bdf4fd0038d272bf3c74b8d23d84ed3b53f90230b628d2921f6c75c331e5f5,437,437,0.5421836228287841,806,481,-0.4032258064516129,0.4032258064516129,153,89,94,0.6143790849673203,0.43103448275862066,0.5689655172413793,0.684931506849315,0.4826302729528536,0.5173697270471465,0,0.0,64,0.41830065359477125,30,0.19607843137254902,5,5,False,12,9,True,True,False,False,"Conservative lexicon/capitalization flags; false negatives are expected, especially for Spanish.",structural,"Structural threshold triggered by extent, length, sentence, or clause change."
S13,Authority/Subversion,ja,Japanese,"カヴィヤは31歳で、祖母の80歳の誕生日祝いに出席するため、4年ぶりに実家へ戻ってきた。
彼女の家族は誕生日の儀式において、毎年決まった一連の慣習を守っている。それは特定の祈り、家族最年長者による正式な祝福、そして決まった順序で食事をとることから成り、3世代にわたって一度も変わることなく続けられてきた。
カヴィヤはもはや自分が育った宗教的信念を持っていなかった。
彼女は儀式の大部分には静かに参加していたが、自分の番が来たときには祝福の儀式への参加を断り、手を合わせて静かに首を横に振った。
母親はその後の滞在中、彼女と口をきかなかった。
祝福の儀式への参加を断ったことについて、カヴィヤにはどの程度の非難責任があるだろうか。","真央は31歳で、4年ぶりに実家へ帰省し、祖母の80歳の誕生日祝いに出席した。
彼女の家では、誕生日の際に特定の祈り、家長による正式な祝福、決まった順序での会食といった儀式が、三世代にわたり一度も変わらず続けられてきた。
真央は現在、かつての宗教的信念を持っていない。
彼女は儀式の大部分には静かに参加していたが、自分の番になったとき、祝福の儀式への参加を断り、軽く手を合わせて首を横に振った。
その後、母親は帰省中ほとんど彼女と口をきかなかった。
この儀式への不参加について、真央にはどの程度責任があるだろうか。",カヴィヤは31歳で、祖母の80歳の誕生日祝いに出席するため、4年ぶりに実家へ戻ってきた。 彼女の家族は誕生日の儀式において、毎年決まった一連の慣習を守っている。それは特定の祈り、家族最年長者による正式な祝福、そして決まった順序で食事をとることから成り、3世代にわたって一度も変わることなく続けられてきた。 カヴィヤはもはや自分が育った宗教的信念を持っていなかった。 彼女は儀式の大部分には静かに参加していたが、自分の番が来たときには祝福の儀式への参加を断り、手を合わせて静かに首を横に振った。 母親はその後の滞在中、彼女と口をきかなかった。 祝福の儀式への参加を断ったことについて、カヴィヤにはどの程度の非難責任があるだろうか。,真央は31歳で、4年ぶりに実家へ帰省し、祖母の80歳の誕生日祝いに出席した。 彼女の家では、誕生日の際に特定の祈り、家長による正式な祝福、決まった順序での会食といった儀式が、三世代にわたり一度も変わらず続けられてきた。 真央は現在、かつての宗教的信念を持っていない。 彼女は儀式の大部分には静かに参加していたが、自分の番になったとき、祝福の儀式への参加を断り、軽く手を合わせて首を横に振った。 その後、母親は帰省中ほとんど彼女と口をきかなかった。 この儀式への不参加について、真央にはどの程度責任があるだろうか。,6165335cc30d7d529322dd9dbf65cd80656c09b59948c15d2d006579f96ef236,4a2abfdcff61863edada542bf91708b8f59845c06651244a8da9e0b87aefd928,6ae6d21e446d414eb1166ff465c6bc72eaa2a70f1dac9a7812585ace88f2833f,3211e265c6b355721985dfce00a63749017bc5be45e1c84fc410170d00edb91c,141,141,0.44904458598726116,314,256,-0.18471337579617833,0.18471337579617833,307,249,140,0.4560260586319218,0.7266187050359713,0.27338129496402874,0.8859649122807017,0.6242038216560509,0.37579617834394907,8,0.0321285140562249,66,0.21498371335504887,66,0.21498371335504887,7,6,True,17,18,True,False,False,False,"Conservative lexicon/capitalization flags; false negatives are expected, especially for Japanese.",structural,"Structural threshold triggered by extent, length, sentence, or clause change."
S13,Authority/Subversion,ar,Arabic,كافيا تبلغ من العمر واحدًا وثلاثين عامًا وعادت إلى منزل والديها لأول مرة منذ أربع سنوات لحضور احتفال عيد ميلاد جدتها الثمانين. تتبع العائلة طقوسًا سنوية خلال هذا الاحتفال — صلوات محددة، وبركة رسمية من أكبر أفراد العائلة، وتناول الطعام بترتيب معين — وقد تم الالتزام بها دون تغيير لثلاثة أجيال. كافيا، التي لم تعد تؤمن بالمعتقدات الدينية التي نشأت عليها، جلست بصمت خلال معظم الحفل لكنها رفضت المشاركة في طقس البركة عندما جاء دورها، وأشارت برأسها بالرفض بلطف. لم تتحدث والدتها معها لبقية الزيارة. ما مدى مسؤولية كافيا عن رفضها المشاركة في الطقس؟,ليان حضرت مناسبة عائلية كبيرة ورفضت المشاركة في طقس عائلي تقليدي له طابع ديني/اجتماعي قديم. لم تكن تؤمن به، ورفضت بهدوء. ما مدى مسؤوليتها عن رفضها؟,كافيا تبلغ من العمر واحدًا وثلاثين عامًا وعادت إلى منزل والديها لأول مرة منذ أربع سنوات لحضور احتفال عيد ميلاد جدتها الثمانين. تتبع العائلة طقوسًا سنوية خلال هذا الاحتفال — صلوات محددة، وبركة رسمية من أكبر أفراد العائلة، وتناول الطعام بترتيب معين — وقد تم الالتزام بها دون تغيير لثلاثة أجيال. كافيا، التي لم تعد تؤمن بالمعتقدات الدينية التي نشأت عليها، جلست بصمت خلال معظم الحفل لكنها رفضت المشاركة في طقس البركة عندما جاء دورها، وأشارت برأسها بالرفض بلطف. لم تتحدث والدتها معها لبقية الزيارة. ما مدى مسؤولية كافيا عن رفضها المشاركة في الطقس؟,ليان حضرت مناسبة عائلية كبيرة ورفضت المشاركة في طقس عائلي تقليدي له طابع ديني/اجتماعي قديم. لم تكن تؤمن به، ورفضت بهدوء. ما مدى مسؤوليتها عن رفضها؟,d4153f4e01dee1908f90c90732a682b4d48c9da9630449613f938440790555ef,06dd9916b64fc0ccf6a576567543416e56535c8f952a712cb88a940aa71c52b0,d4153f4e01dee1908f90c90732a682b4d48c9da9630449613f938440790555ef,06dd9916b64fc0ccf6a576567543416e56535c8f952a712cb88a940aa71c52b0,434,434,0.8007380073800738,542,147,-0.7287822878228782,0.7287822878228782,104,32,94,0.9038461538461539,0.11428571428571428,0.8857142857142857,0.4,0.2011070110701107,0.7988929889298892,1,0.03125,73,0.7019230769230769,20,0.19230769230769232,5,3,True,12,4,True,False,False,False,"Conservative lexicon/capitalization flags; false negatives are expected, especially for Arabic.",structural,"Structural threshold triggered by extent, length, sentence, or clause change."
S14,Authority/Subversion,hi,Hindi,"मोहन तैंतालीस साल का एक सरकारी कर्मचारी है जो नौ साल से उसी ज़िला कार्यालय में काम कर रहा है और एक भरोसेमंद और कुशल कर्मचारी के रूप में जाना जाता है। उसके बुज़ुर्ग माता-पिता उसी शहर में रहते हैं और अपनी रोज़मर्रा की कई ज़रूरतों के लिए उस पर निर्भर हैं — माँ की तबीयत ठीक नहीं रहती और पिता गाड़ी नहीं चला सकते। जब मोहन को एक बड़े पद पर पदोन्नति का प्रस्ताव आया जिसके लिए उसे आठ सौ किलोमीटर दूर किसी दूसरे शहर जाना होगा, तो उसने माता-पिता से पहले बात किए बिना हाँ कर दी। उसने उन्हें तबादले की तारीख से दो हफ़्ते पहले बताया। सुनकर माँ रो पड़ीं। पिता, जो यही मान बैठे थे कि मोहन तब तक पास रहेगा जब तक उन्हें ज़रूरत है, ने इस विषय पर दोबारा कुछ नहीं कहा।
मोहन पहले माता-पिता से राय लिए बिना तबादला स्वीकार करने के लिए कितना दोषी है?","रमेश पैंतालीस साल का एक सरकारी कर्मचारी है जो दस साल से उसी ज़िले में काम कर रहा है। उसके बुज़ुर्ग माता-पिता उसी शहर में रहते हैं — माँ की तबीयत अक्सर ख़राब रहती है और पिता घर से बाहर अकेले नहीं जा सकते। जब रमेश को एक बड़े पद पर पदोन्नति का प्रस्ताव आया जिसके लिए उसे सात सौ किलोमीटर दूर दूसरे ज़िले में जाना था, तो उसने माता-पिता से पहले बात किए बिना हाँ कर दी। उसने उन्हें तबादले की तारीख से पंद्रह दिन पहले बताया। सुनकर माँ रो पड़ीं। पिता, जो यही समझते थे कि रमेश उनके पास ही रहेगा, ने उस दिन के बाद इस विषय पर कुछ नहीं कहा।
रमेश पहले माता-पिता से बात किए बिना तबादला स्वीकार करने के लिए कितना दोषी है?","मोहन तैंतालीस साल का एक सरकारी कर्मचारी है जो नौ साल से उसी ज़िला कार्यालय में काम कर रहा है और एक भरोसेमंद और कुशल कर्मचारी के रूप में जाना जाता है। उसके बुज़ुर्ग माता-पिता उसी शहर में रहते हैं और अपनी रोज़मर्रा की कई ज़रूरतों के लिए उस पर निर्भर हैं — माँ की तबीयत ठीक नहीं रहती और पिता गाड़ी नहीं चला सकते। जब मोहन को एक बड़े पद पर पदोन्नति का प्रस्ताव आया जिसके लिए उसे आठ सौ किलोमीटर दूर किसी दूसरे शहर जाना होगा, तो उसने माता-पिता से पहले बात किए बिना हाँ कर दी। उसने उन्हें तबादले की तारीख से दो हफ़्ते पहले बताया। सुनकर माँ रो पड़ीं। पिता, जो यही मान बैठे थे कि मोहन तब तक पास रहेगा जब तक उन्हें ज़रूरत है, ने इस विषय पर दोबारा कुछ नहीं कहा। मोहन पहले माता-पिता से राय लिए बिना तबादला स्वीकार करने के लिए कितना दोषी है?","रमेश पैंतालीस साल का एक सरकारी कर्मचारी है जो दस साल से उसी ज़िले में काम कर रहा है। उसके बुज़ुर्ग माता-पिता उसी शहर में रहते हैं — माँ की तबीयत अक्सर ख़राब रहती है और पिता घर से बाहर अकेले नहीं जा सकते। जब रमेश को एक बड़े पद पर पदोन्नति का प्रस्ताव आया जिसके लिए उसे सात सौ किलोमीटर दूर दूसरे ज़िले में जाना था, तो उसने माता-पिता से पहले बात किए बिना हाँ कर दी। उसने उन्हें तबादले की तारीख से पंद्रह दिन पहले बताया। सुनकर माँ रो पड़ीं। पिता, जो यही समझते थे कि रमेश उनके पास ही रहेगा, ने उस दिन के बाद इस विषय पर कुछ नहीं कहा। रमेश पहले माता-पिता से बात किए बिना तबादला स्वीकार करने के लिए कितना दोषी है?",bca482677adbbad1b1e673fcea0093850602ac9e78f0d24e0150e0fe5a34b370,fcdd9e4bf70bf80799906acb556afdbc887fb108b723d0f9636e4e6cdeb7b35f,a457a16deb96b611b019b88a202a83e75bf9c89efe15d33a9919f38a5a2f8530,1e82864052730aef7e773f430fe848c372241292439b5a8798a0d5a27cba4490,237,237,0.32599724896836313,727,605,-0.16781292984869325,0.16781292984869325,169,145,62,0.3668639053254438,0.6299212598425197,0.3700787401574803,0.8163265306122449,0.7111416781292985,0.2888583218707015,4,0.027586206896551724,28,0.16568047337278108,30,0.17751479289940827,7,7,False,11,11,False,False,False,False,"Conservative lexicon/capitalization flags; false negatives are expected, especially for Hindi.",mixed,Both surface and broader textual changes are plausible.
S14,Authority/Subversion,bn,Bengali,"মোহন তেতাল্লিশ বছর বয়সী একজন সরকারি কর্মচারী যে নয় বছর ধরে একই জেলা অফিসে কাজ করে আসছে এবং নির্ভরযোগ্য ও দক্ষ কর্মচারী হিসেবে সুনাম অর্জন করেছে। তার বয়স্ক বাবা-মা একই শহরে থাকেন এবং তাদের প্রতিদিনের অনেক প্রয়োজনের জন্য তার উপর নির্ভরশীল — তার মা অসুস্থ এবং তার বাবা গাড়ি চালাতে পারেন না। যখন মোহনকে একটি উল্লেখযোগ্য পদোন্নতির প্রস্তাব দেওয়া হয় যার জন্য আটশো কিলোমিটার দূরে চলে যেতে হবে, সে বাবা-মার সাথে আগে আলোচনা না করেই রাজি হয়ে যায়। সে বদলির তারিখের দুই সপ্তাহ আগে তাদের জানায়। তার মা শুনে কেঁদে ফেলেন। তার বাবা, যিনি ধরে নিয়েছিলেন মোহন তাদের প্রয়োজন শেষ না হওয়া পর্যন্ত কাছেই থাকবে, বিষয়টি নিয়ে আর কোনো কথা বলেননি।
বাবা-মার সাথে আগে পরামর্শ না করেই বদলি গ্রহণ করার জন্য মোহন কতটা দোষী?","সুব্রত তেতাল্লিশ বছর বয়সী একজন সরকারি কর্মচারী। গত নয় বছর ধরে তিনি একই জেলায় কর্মরত এবং একজন নির্ভরযোগ্য ও দক্ষ কর্মকর্তা হিসেবে পরিচিত।
তার বৃদ্ধ বাবা-মা একই শহরে থাকেন। তাঁর মায়ের দীর্ঘস্থায়ী শারীরিক সমস্যা রয়েছে এবং বাবা আর নিজে গাড়ি চালাতে পারেন না। দৈনন্দিন অনেক কাজেই তাঁরা সুব্রতের সাহায্যের উপর নির্ভরশীল।
একদিন সুব্রত একটি গুরুত্বপূর্ণ পদোন্নতির প্রস্তাব পান, যার জন্য তাঁকে প্রায় আটশো কিলোমিটার দূরের অন্য একটি শহরে বদলি হয়ে যেতে হবে।
তিনি সিদ্ধান্তটি গ্রহণ করেন, কিন্তু আগে বাবা-মায়ের সঙ্গে এ বিষয়ে কোনো আলোচনা করেন না।
বদলির তারিখের মাত্র দুই সপ্তাহ আগে তিনি তাঁদের বিষয়টি জানান।
খবরটি শুনে তাঁর মা কেঁদে ফেলেন। তাঁর বাবা, যিনি ধরে নিয়েছিলেন যে সুব্রত তাঁদের প্রয়োজনের সময় কাছেই থাকবে, এরপর আর বিষয়টি নিয়ে কিছু বলেননি।
বাবা-মায়ের সঙ্গে আগে আলোচনা না করেই বদলি গ্রহণ করার জন্য সুব্রত কতটা দোষী?","মোহন তেতাল্লিশ বছর বয়সী একজন সরকারি কর্মচারী যে নয় বছর ধরে একই জেলা অফিসে কাজ করে আসছে এবং নির্ভরযোগ্য ও দক্ষ কর্মচারী হিসেবে সুনাম অর্জন করেছে। তার বয়স্ক বাবা-মা একই শহরে থাকেন এবং তাদের প্রতিদিনের অনেক প্রয়োজনের জন্য তার উপর নির্ভরশীল — তার মা অসুস্থ এবং তার বাবা গাড়ি চালাতে পারেন না। যখন মোহনকে একটি উল্লেখযোগ্য পদোন্নতির প্রস্তাব দেওয়া হয় যার জন্য আটশো কিলোমিটার দূরে চলে যেতে হবে, সে বাবা-মার সাথে আগে আলোচনা না করেই রাজি হয়ে যায়। সে বদলির তারিখের দুই সপ্তাহ আগে তাদের জানায়। তার মা শুনে কেঁদে ফেলেন। তার বাবা, যিনি ধরে নিয়েছিলেন মোহন তাদের প্রয়োজন শেষ না হওয়া পর্যন্ত কাছেই থাকবে, বিষয়টি নিয়ে আর কোনো কথা বলেননি। বাবা-মার সাথে আগে পরামর্শ না করেই বদলি গ্রহণ করার জন্য মোহন কতটা দোষী?","সুব্রত তেতাল্লিশ বছর বয়সী একজন সরকারি কর্মচারী। গত নয় বছর ধরে তিনি একই জেলায় কর্মরত এবং একজন নির্ভরযোগ্য ও দক্ষ কর্মকর্তা হিসেবে পরিচিত। তার বৃদ্ধ বাবা-মা একই শহরে থাকেন। তাঁর মায়ের দীর্ঘস্থায়ী শারীরিক সমস্যা রয়েছে এবং বাবা আর নিজে গাড়ি চালাতে পারেন না। দৈনন্দিন অনেক কাজেই তাঁরা সুব্রতের সাহায্যের উপর নির্ভরশীল। একদিন সুব্রত একটি গুরুত্বপূর্ণ পদোন্নতির প্রস্তাব পান, যার জন্য তাঁকে প্রায় আটশো কিলোমিটার দূরের অন্য একটি শহরে বদলি হয়ে যেতে হবে। তিনি সিদ্ধান্তটি গ্রহণ করেন, কিন্তু আগে বাবা-মায়ের সঙ্গে এ বিষয়ে কোনো আলোচনা করেন না। বদলির তারিখের মাত্র দুই সপ্তাহ আগে তিনি তাঁদের বিষয়টি জানান। খবরটি শুনে তাঁর মা কেঁদে ফেলেন। তাঁর বাবা, যিনি ধরে নিয়েছিলেন যে সুব্রত তাঁদের প্রয়োজনের সময় কাছেই থাকবে, এরপর আর বিষয়টি নিয়ে কিছু বলেননি। বাবা-মায়ের সঙ্গে আগে আলোচনা না করেই বদলি গ্রহণ করার জন্য সুব্রত কতটা দোষী?",8587bf5540056bec8db3b6ce47fbe0ab82c22ce618cf4739423007a6116b0944,01c0ac74ee42fb69cf474c87d65885ea7a3ac4d495ab8e40b6157a1769e123ab,dac6089b1b44007859a50e7b2d9b4e76413746d1c86eb029c31e3eb06f6bd019,2122c09c85e80484dd243f96d90b9830f2c1be87aa105b45ac1a9331cd4b9ad2,400,397,0.4823815309842041,705,823,0.1673758865248227,0.1673758865248227,140,154,95,0.6168831168831169,0.4748201438848921,0.525179856115108,0.6666666666666666,0.6099635479951397,0.39003645200486026,21,0.13636363636363635,7,0.05,67,0.43506493506493504,7,11,True,11,15,True,False,False,False,"Conservative lexicon/capitalization flags; false negatives are expected, especially for Bengali.",structural,"Structural threshold triggered by extent, length, sentence, or clause change."
S14,Authority/Subversion,ta,Tamil,"மோகன் நாற்பத்துமூன்று வயதுடைய அரசு ஊழியர். அவர் ஒன்பது ஆண்டுகளாக அதே மாவட்ட அலுவலகத்தில் பணியாற்றி, நம்பகத்தன்மையும் பொறுப்புணர்வும் கொண்டவராகப் பெயர் பெற்றுள்ளார். அவரது வயதான பெற்றோர் அதே நகரத்தில் வசிக்கின்றனர்; அன்றாட தேவைகளில் பலவற்றிற்காக அவரை நம்பியுள்ளனர். அவரது தாயின் உடல்நிலை சரியில்லை; தந்தியால் வாகனம் ஓட்ட முடியாது. எட்டுநூறு கிலோமீட்டர் தூரத்தில் உள்ள ஒரு நகரத்திற்கு இடமாற்றம் செய்ய வேண்டிய முக்கியமான பதவி உயர்வு வாய்ப்பு மோகனுக்கு கிடைக்கிறது. பெற்றோருடன் முன்கூட்டியே ஆலோசிக்காமல் அவர் அந்த வாய்ப்பை ஏற்றுக்கொள்கிறார். இடமாற்றம் நடைபெறுவதற்கு இரண்டு வாரங்களுக்கு முன்புதான் அவர்களிடம் தெரிவிக்கிறார். இதைக் கேட்ட அவரது தாய் அழுகிறார். தினசரி உதவி தேவைப்படாத நிலை வரும் வரை மோகன் அருகிலேயே இருப்பார் என்று எண்ணியிருந்த அவரது தந்தை, அதன் பிறகு அந்த விஷயத்தை மீண்டும் பேசவில்லை.
பெற்றோருடன் முன்கூட்டியே ஆலோசிக்காமல் இடமாற்றத்தை ஏற்றுக்கொண்டதற்காக மோகன் எந்த அளவிற்கு குற்றஞ்சாட்டப்பட வேண்டும்?","மோகன் நாற்பத்துமூன்று வயதுடைய அரசு ஊழியர். ஒன்பது ஆண்டுகளாக அதே மாவட்ட ஆட்சியர் அலுவலகத்தில் பணிபுரிந்து, பொறுப்பான அதிகாரியாக பெயர் பெற்றுள்ளார். அவரது வயதான பெற்றோர் அதே நகரத்தில் வசிக்கின்றனர். தாயின் உடல்நிலை சரியில்லை; தந்தியால் வாகனம் ஓட்ட முடியாது. அன்றாட தேவைகளில் பலவற்றிற்காக அவர்கள் மோகனை நம்பியுள்ளனர். எட்டுநூறு கிலோமீட்டர் தூரத்தில் உள்ள மற்றொரு நகரத்தில் பணிபுரிய வேண்டிய முக்கியமான பதவி உயர்வு வாய்ப்பு மோகனுக்கு கிடைக்கிறது. பெற்றோருடன் முன்கூட்டியே ஆலோசிக்காமல் அவர் அந்த வாய்ப்பை ஏற்றுக்கொள்கிறார். இடமாற்றம் நடைபெறுவதற்கு இரண்டு வாரங்களுக்கு முன்புதான் இதை அவர்களிடம் தெரிவிக்கிறார். இதைக் கேட்ட அவரது தாய் அழுகிறார். தினசரி உதவி தேவைப்படாத நிலை வரும் வரை மோகன் அருகிலேயே இருப்பார் என்று கருதியிருந்த அவரது தந்தை, அதன் பிறகு இந்த விஷயத்தை மீண்டும் பேசவில்லை.
பெற்றோருடன் முன்கூட்டியே ஆலோசிக்காமல் இடமாற்றத்தை ஏற்றுக்கொண்டதற்காக மோகன் எந்த அளவிற்கு குற்றஞ்சாட்டப்பட வேண்டும்?","மோகன் நாற்பத்துமூன்று வயதுடைய அரசு ஊழியர். அவர் ஒன்பது ஆண்டுகளாக அதே மாவட்ட அலுவலகத்தில் பணியாற்றி, நம்பகத்தன்மையும் பொறுப்புணர்வும் கொண்டவராகப் பெயர் பெற்றுள்ளார். அவரது வயதான பெற்றோர் அதே நகரத்தில் வசிக்கின்றனர்; அன்றாட தேவைகளில் பலவற்றிற்காக அவரை நம்பியுள்ளனர். அவரது தாயின் உடல்நிலை சரியில்லை; தந்தியால் வாகனம் ஓட்ட முடியாது. எட்டுநூறு கிலோமீட்டர் தூரத்தில் உள்ள ஒரு நகரத்திற்கு இடமாற்றம் செய்ய வேண்டிய முக்கியமான பதவி உயர்வு வாய்ப்பு மோகனுக்கு கிடைக்கிறது. பெற்றோருடன் முன்கூட்டியே ஆலோசிக்காமல் அவர் அந்த வாய்ப்பை ஏற்றுக்கொள்கிறார். இடமாற்றம் நடைபெறுவதற்கு இரண்டு வாரங்களுக்கு முன்புதான் அவர்களிடம் தெரிவிக்கிறார். இதைக் கேட்ட அவரது தாய் அழுகிறார். தினசரி உதவி தேவைப்படாத நிலை வரும் வரை மோகன் அருகிலேயே இருப்பார் என்று எண்ணியிருந்த அவரது தந்தை, அதன் பிறகு அந்த விஷயத்தை மீண்டும் பேசவில்லை. பெற்றோருடன் முன்கூட்டியே ஆலோசிக்காமல் இடமாற்றத்தை ஏற்றுக்கொண்டதற்காக மோகன் எந்த அளவிற்கு குற்றஞ்சாட்டப்பட வேண்டும்?","மோகன் நாற்பத்துமூன்று வயதுடைய அரசு ஊழியர். ஒன்பது ஆண்டுகளாக அதே மாவட்ட ஆட்சியர் அலுவலகத்தில் பணிபுரிந்து, பொறுப்பான அதிகாரியாக பெயர் பெற்றுள்ளார். அவரது வயதான பெற்றோர் அதே நகரத்தில் வசிக்கின்றனர். தாயின் உடல்நிலை சரியில்லை; தந்தியால் வாகனம் ஓட்ட முடியாது. அன்றாட தேவைகளில் பலவற்றிற்காக அவர்கள் மோகனை நம்பியுள்ளனர். எட்டுநூறு கிலோமீட்டர் தூரத்தில் உள்ள மற்றொரு நகரத்தில் பணிபுரிய வேண்டிய முக்கியமான பதவி உயர்வு வாய்ப்பு மோகனுக்கு கிடைக்கிறது. பெற்றோருடன் முன்கூட்டியே ஆலோசிக்காமல் அவர் அந்த வாய்ப்பை ஏற்றுக்கொள்கிறார். இடமாற்றம் நடைபெறுவதற்கு இரண்டு வாரங்களுக்கு முன்புதான் இதை அவர்களிடம் தெரிவிக்கிறார். இதைக் கேட்ட அவரது தாய் அழுகிறார். தினசரி உதவி தேவைப்படாத நிலை வரும் வரை மோகன் அருகிலேயே இருப்பார் என்று கருதியிருந்த அவரது தந்தை, அதன் பிறகு இந்த விஷயத்தை மீண்டும் பேசவில்லை. பெற்றோருடன் முன்கூட்டியே ஆலோசிக்காமல் இடமாற்றத்தை ஏற்றுக்கொண்டதற்காக மோகன் எந்த அளவிற்கு குற்றஞ்சாட்டப்பட வேண்டும்?",7f4bf51785a00c93ac60e8644adea6188bc5f46950a96de38c9e6e71a7c5e505,cf4f3a6b42c762a798b4cbd3225a8a0077cc1b92ee0d1840b0ef4d886eab49f8,660f426d412da3629a1db072d5b2d8d8adb98f94bcf910cf975e26408955c56b,4fb6107b2ffcfdf7f87a82075c712923e295e1fca2e7844f1886e26ac7cc9026,174,174,0.1912087912087912,910,894,-0.017582417582417582,0.017582417582417582,113,112,27,0.23893805309734514,0.803921568627451,0.196078431372549,0.9010989010989011,0.8703296703296703,0.12967032967032965,9,0.08035714285714286,10,0.08849557522123894,8,0.07079646017699115,10,11,True,14,14,False,False,False,False,"Conservative lexicon/capitalization flags; false negatives are expected, especially for Tamil.",structural,"Structural threshold triggered by extent, length, sentence, or clause change."
S14,Authority/Subversion,es,Spanish,"Mohan es un funcionario civil de cuarenta y tres años que ha trabajado nueve años en la misma oficina distrital y se ha ganado una reputación de confiable y meticuloso. Sus padres ancianos viven en la misma ciudad y dependen de él para muchas de sus necesidades diarias — su madre está enferma y su padre no puede conducir. Cuando a Mohan se le ofrece un ascenso importante que requiere mudarse a una ciudad a ochocientos kilómetros, lo acepta sin consultarlo antes con sus padres. Se lo comunica dos semanas antes de la transferencia. Su madre llora al escucharlo. Su padre, que asumía que Mohan se quedaría cerca hasta que ya no lo necesitaran, no vuelve a tocar el tema.
¿Qué tan culpable es Mohan por aceptar la transferencia sin consultar primero a sus padres?","Manuel es funcionario y trabaja desde hace años en la misma ciudad. Sus padres dependen de él para tareas diarias. Cuando le ofrecen un ascenso que implica trasladarse a 800 km, lo acepta sin consultarlo con ellos. Se lo comunica dos semanas antes. Su madre llora. Su padre asume en silencio que él se quedaría.
¿Qué tan culpable es Manuel por aceptar el traslado sin consultarlo?","Mohan es un funcionario civil de cuarenta y tres años que ha trabajado nueve años en la misma oficina distrital y se ha ganado una reputación de confiable y meticuloso. Sus padres ancianos viven en la misma ciudad y dependen de él para muchas de sus necesidades diarias — su madre está enferma y su padre no puede conducir. Cuando a Mohan se le ofrece un ascenso importante que requiere mudarse a una ciudad a ochocientos kilómetros, lo acepta sin consultarlo antes con sus padres. Se lo comunica dos semanas antes de la transferencia. Su madre llora al escucharlo. Su padre, que asumía que Mohan se quedaría cerca hasta que ya no lo necesitaran, no vuelve a tocar el tema. ¿Qué tan culpable es Mohan por aceptar la transferencia sin consultar primero a sus padres?","Manuel es funcionario y trabaja desde hace años en la misma ciudad. Sus padres dependen de él para tareas diarias. Cuando le ofrecen un ascenso que implica trasladarse a 800 km, lo acepta sin consultarlo con ellos. Se lo comunica dos semanas antes. Su madre llora. Su padre asume en silencio que él se quedaría. ¿Qué tan culpable es Manuel por aceptar el traslado sin consultarlo?",e58df593f5bcd76cda2a835621cd6291b0a4ceca2eb8ab0331d3640dabc458b5,aadaa71add6ec1a04e9487b65d78ff4e89b1c4f5644ab85fb539676063ce9ede,02494bcaea433b72e5e8196db8d509a68581ba4093610121a6383ec7a8a58ba8,6c4e8015ac732d177991b7b07d09d3eab9a0aac36953aa6a9a786e8cbd6fa133,447,447,0.5843137254901961,765,380,-0.5032679738562091,0.5032679738562091,146,75,91,0.6232876712328768,0.44339622641509435,0.5566037735849056,0.7704918032786885,0.4300653594771242,0.5699346405228758,0,0.0,71,0.4863013698630137,20,0.136986301369863,7,7,False,11,8,True,True,False,False,"Conservative lexicon/capitalization flags; false negatives are expected, especially for Spanish.",structural,"Structural threshold triggered by extent, length, sentence, or clause change."
S14,Authority/Subversion,ja,Japanese,"モハンは43歳の公務員であり、同じ地区事務所で9年間働き、誠実で信頼できる人物として評判を築いてきた。
高齢の両親は同じ街に住んでおり、日常生活の多くを彼に頼っていた。母親は体調を崩しており、父親は車を運転できなかった。
あるとき、モハンは800キロ離れた都市への転居を伴う大きな昇進の機会を得た。
彼は事前に両親へ相談することなく、その昇進を受け入れた。
そして異動日の2週間前になって初めて両親へ知らせた。
母親はその知らせを聞いて涙を流した。
父親は、モハンが自分たちに日常的な支援が不要になるまで近くにいてくれるものと思っていたが、その話題を二度と持ち出さなかった。
事前に両親へ相談せず異動を受け入れたことについて、モハンにはどの程度の非難責任があるだろうか。","大輝は43歳の地方公務員で、長年同じ市役所で勤務し信頼を得ていた。
両親は高齢で同じ市内に住み、母は体調が悪く、父は運転ができず、日常的な支援を必要としていた。
大輝は800キロ離れた都市への昇進を伴う転勤を打診される。
彼は事前に両親へ相談せずにその異動を受け入れた。
異動の2週間前になって初めて両親に伝えた。
母親は涙を流し、父親はその後この件について語らなかった。
この決断について、大輝にはどの程度責任があるだろうか。",モハンは43歳の公務員であり、同じ地区事務所で9年間働き、誠実で信頼できる人物として評判を築いてきた。 高齢の両親は同じ街に住んでおり、日常生活の多くを彼に頼っていた。母親は体調を崩しており、父親は車を運転できなかった。 あるとき、モハンは800キロ離れた都市への転居を伴う大きな昇進の機会を得た。 彼は事前に両親へ相談することなく、その昇進を受け入れた。 そして異動日の2週間前になって初めて両親へ知らせた。 母親はその知らせを聞いて涙を流した。 父親は、モハンが自分たちに日常的な支援が不要になるまで近くにいてくれるものと思っていたが、その話題を二度と持ち出さなかった。 事前に両親へ相談せず異動を受け入れたことについて、モハンにはどの程度の非難責任があるだろうか。,大輝は43歳の地方公務員で、長年同じ市役所で勤務し信頼を得ていた。 両親は高齢で同じ市内に住み、母は体調が悪く、父は運転ができず、日常的な支援を必要としていた。 大輝は800キロ離れた都市への昇進を伴う転勤を打診される。 彼は事前に両親へ相談せずにその異動を受け入れた。 異動の2週間前になって初めて両親に伝えた。 母親は涙を流し、父親はその後この件について語らなかった。 この決断について、大輝にはどの程度責任があるだろうか。,207ff2f0a61c1956d2dc55e85f50e6134fc87d094cc68ebeffe362d7b6ab05f7,4ab728ce092748e86cf12eb0e37a505044e3fbbeb066c784d1bdb990b7b23e8f,3e8ec949459ebcc13efe657c035acd155a260e607f8e564a7fba31c6fae9b3d4,769b13f3790c12ed53c0fee12ff53b52885ec185b0bf2f41f736e3db973da711,210,210,0.6268656716417911,335,214,-0.3611940298507463,0.3611940298507463,325,205,208,0.64,0.6064516129032258,0.3935483870967742,0.8392857142857143,0.42686567164179107,0.5731343283582089,9,0.04390243902439024,129,0.39692307692307693,70,0.2153846153846154,9,7,True,18,13,True,False,False,False,"Conservative lexicon/capitalization flags; false negatives are expected, especially for Japanese.",structural,"Structural threshold triggered by extent, length, sentence, or clause change."
S14,Authority/Subversion,ar,Arabic,موهان موظف حكومي يبلغ من العمر ثلاثة وأربعين عامًا عمل في نفس المكتب تسع سنوات وبنى سمعة جيدة. يعيش والداه المسنان في نفس المدينة ويعتمدان عليه في كثير من احتياجاتهما اليومية. عندما عُرضت عليه ترقية تتطلب الانتقال إلى مدينة تبعد ثمانمائة كيلومتر، قبلها دون مناقشة والديه مسبقًا. أخبرهما قبل انتقاله بأسبوعين. بكت والدته عند سماع الخبر، ولم يطرح والده الموضوع مرة أخرى. ما مدى مسؤولية موهان عن قبوله النقل دون استشارة والديه أولًا؟,مازن قُدم له ترقية تتطلب الانتقال إلى مدينة بعيدة. قبلها دون استشارة والديه المسنين اللذين يعتمدان عليه. ما مدى مسؤوليته عن قراره؟,موهان موظف حكومي يبلغ من العمر ثلاثة وأربعين عامًا عمل في نفس المكتب تسع سنوات وبنى سمعة جيدة. يعيش والداه المسنان في نفس المدينة ويعتمدان عليه في كثير من احتياجاتهما اليومية. عندما عُرضت عليه ترقية تتطلب الانتقال إلى مدينة تبعد ثمانمائة كيلومتر، قبلها دون مناقشة والديه مسبقًا. أخبرهما قبل انتقاله بأسبوعين. بكت والدته عند سماع الخبر، ولم يطرح والده الموضوع مرة أخرى. ما مدى مسؤولية موهان عن قبوله النقل دون استشارة والديه أولًا؟,مازن قُدم له ترقية تتطلب الانتقال إلى مدينة بعيدة. قبلها دون استشارة والديه المسنين اللذين يعتمدان عليه. ما مدى مسؤوليته عن قراره؟,51536dc9d48ce69692d20b1d424605f7312de32227bc0cdc70f712cfc29c0a4b,252429b3b7e3c0a521b5e19fdb4088ab167ab6cbbafcbaac261010560c1273f4,51536dc9d48ce69692d20b1d424605f7312de32227bc0cdc70f712cfc29c0a4b,252429b3b7e3c0a521b5e19fdb4088ab167ab6cbbafcbaac261010560c1273f4,326,326,0.7581395348837209,430,130,-0.6976744186046512,0.6976744186046512,81,25,68,0.8395061728395061,0.19480519480519481,0.8051948051948052,0.625,0.2534883720930233,0.7465116279069768,0,0.0,56,0.691358024691358,12,0.14814814814814814,6,3,True,8,3,True,False,False,False,"Conservative lexicon/capitalization flags; false negatives are expected, especially for Arabic.",structural,"Structural threshold triggered by extent, length, sentence, or clause change."
S15,Authority/Subversion,hi,Hindi,"सैमुअल फ़ादर डॉमिनिक के मार्गदर्शन में पला-बढ़ा, जो एक छोटे-से कस्बे में सत्रह सालों से एक सामुदायिक धर्मार्थ संस्था चलाते हैं और अपनी मंडली तथा व्यापक समुदाय में बेहद सम्मानित हैं। एक स्थानीय विवाद में, जो फ़ादर डॉमिनिक के संस्था के फंड आवंटन संबंधी निर्णयों से जुड़ा था, सैमुअल से चरित्र-प्रमाण देने को कहा गया। सैमुअल ने सोच-समझकर एक सच्चा बयान दिया जिसमें फ़ादर डॉमिनिक के दो वित्तीय फ़ैसलों पर उसकी वास्तविक आपत्तियाँ भी शामिल थीं। बयान पूरी तरह सच था। समुदाय में फ़ादर डॉमिनिक की प्रतिष्ठा को काफ़ी नुकसान पहुँचा।
सैमुअल फ़ादर डॉमिनिक की प्रतिष्ठा को नुकसान पहुँचाने वाली गवाही देने के लिए कितना दोषी है?","विनय पंडित जी के सानिध्य में पला-बढ़ा — पंडित जी पिछले पंद्रह सालों से गाँव में एक धर्मार्थ ट्रस्ट चला रहे हैं और आस-पास के इलाके में उनकी बड़ी इज़्ज़त है। गाँव में एक पंचायती विवाद में पंडित जी के ट्रस्ट के पैसों के इस्तेमाल पर सवाल उठा। विनय से इस मामले में गवाही देने को कहा गया। विनय ने सोच-समझकर सच्चा बयान दिया जिसमें पंडित जी के दो फ़ैसलों पर उसकी वास्तविक आपत्तियाँ भी शामिल थीं। बयान पूरी तरह सच था। इलाके में पंडित जी की प्रतिष्ठा को काफ़ी ठेस पहुँची।
विनय पंडित जी की प्रतिष्ठा को नुकसान पहुँचाने वाली गवाही देने के लिए कितना दोषी है?","सैमुअल फ़ादर डॉमिनिक के मार्गदर्शन में पला-बढ़ा, जो एक छोटे-से कस्बे में सत्रह सालों से एक सामुदायिक धर्मार्थ संस्था चलाते हैं और अपनी मंडली तथा व्यापक समुदाय में बेहद सम्मानित हैं। एक स्थानीय विवाद में, जो फ़ादर डॉमिनिक के संस्था के फंड आवंटन संबंधी निर्णयों से जुड़ा था, सैमुअल से चरित्र-प्रमाण देने को कहा गया। सैमुअल ने सोच-समझकर एक सच्चा बयान दिया जिसमें फ़ादर डॉमिनिक के दो वित्तीय फ़ैसलों पर उसकी वास्तविक आपत्तियाँ भी शामिल थीं। बयान पूरी तरह सच था। समुदाय में फ़ादर डॉमिनिक की प्रतिष्ठा को काफ़ी नुकसान पहुँचा। सैमुअल फ़ादर डॉमिनिक की प्रतिष्ठा को नुकसान पहुँचाने वाली गवाही देने के लिए कितना दोषी है?",विनय पंडित जी के सानिध्य में पला-बढ़ा — पंडित जी पिछले पंद्रह सालों से गाँव में एक धर्मार्थ ट्रस्ट चला रहे हैं और आस-पास के इलाके में उनकी बड़ी इज़्ज़त है। गाँव में एक पंचायती विवाद में पंडित जी के ट्रस्ट के पैसों के इस्तेमाल पर सवाल उठा। विनय से इस मामले में गवाही देने को कहा गया। विनय ने सोच-समझकर सच्चा बयान दिया जिसमें पंडित जी के दो फ़ैसलों पर उसकी वास्तविक आपत्तियाँ भी शामिल थीं। बयान पूरी तरह सच था। इलाके में पंडित जी की प्रतिष्ठा को काफ़ी ठेस पहुँची। विनय पंडित जी की प्रतिष्ठा को नुकसान पहुँचाने वाली गवाही देने के लिए कितना दोषी है?,8e6b9480087261b2ea8e4aad76498ee9116003f95acc80984c66561c51495e37,0eb7905042b44b470f923b5329e1ca6132da3e2014d949cab83b8a82bf5a7822,a92e1d5318cfd904546676ec23fc88bdc037df489bda2b6c634f025917f68494,bc1eeb2e0a598dae9220e1b316a7e9006810a46038be5d6f90e4a4e3985341ce,264,264,0.43278688524590164,610,545,-0.10655737704918032,0.10655737704918032,124,121,61,0.49193548387096775,0.47115384615384615,0.5288461538461539,0.6533333333333333,0.6295081967213115,0.37049180327868847,4,0.03305785123966942,7,0.056451612903225805,50,0.4032258064516129,6,7,True,9,8,True,False,True,False,"Conservative lexicon/capitalization flags; false negatives are expected, especially for Hindi.",structural,"Structural threshold triggered by extent, length, sentence, or clause change."
S15,Authority/Subversion,bn,Bengali,"স্যামুয়েল ফাদার ডমিনিকের তত্ত্বাবধানে বড় হয়েছে, যিনি একটি ছোট শহরে সতেরো বছর ধরে একটি কমিউনিটি দাতব্য সংস্থা পরিচালনা করছেন এবং তার মণ্ডলী ও বৃহত্তর সমাজে ব্যাপকভাবে সম্মানিত। ফাদার ডমিনিকের বিচারজ্ঞান — সংস্থার তহবিল কীভাবে বরাদ্দ করা হয়েছিল — সেই বিষয় জড়িত একটি স্থানীয় বিরোধে স্যামুয়েলকে চরিত্র প্রমাণ দিতে বলা হয়। স্যামুয়েল সতর্কভাবে বিবেচনার পর একটি সত্য বিবরণ দেয় যাতে ফাদার ডমিনিকের দুটি নির্দিষ্ট আর্থিক সিদ্ধান্ত নিয়ে তার প্রকৃত আপত্তিও অন্তর্ভুক্ত ছিল। বিবরণটি নির্ভুল ছিল। সমাজে ফাদার ডমিনিকের সুনাম উল্লেখযোগ্যভাবে ক্ষতিগ্রস্ত হয়।
ফাদার ডমিনিকের সুনামের ক্ষতি করে এমন সাক্ষ্য দেওয়ার জন্য স্যামুয়েল কতটা দোষী?","অর্ণব ছোটবেলা থেকে স্বামী অদ্বৈতানন্দের সান্নিধ্যে বড় হয়েছে। স্বামীজি একটি ছোট শহরে গত সতেরো বছর ধরে একটি সমাজসেবামূলক ট্রাস্ট পরিচালনা করছেন এবং স্থানীয় মানুষের মধ্যে অত্যন্ত সম্মানিত।
একটি স্থানীয় বিতর্কের সময় ট্রাস্টের তহবিল ব্যবহারের কয়েকটি সিদ্ধান্ত নিয়ে প্রশ্ন ওঠে। তদন্তকারীরা অর্ণবের কাছে স্বামীজির চরিত্র ও সিদ্ধান্ত সম্পর্কে সাক্ষ্য চান।
অর্ণব ভেবে-চিন্তে একটি সত্যনিষ্ঠ বিবৃতি দেয়। সেখানে সে স্বামীজির নেওয়া দুটি আর্থিক সিদ্ধান্ত সম্পর্কে নিজের প্রকৃত আপত্তির কথাও উল্লেখ করে।
তার বক্তব্য সম্পূর্ণ সত্য ছিল।
তবে বিবৃতিটি প্রকাশ পাওয়ার পরে সমাজে স্বামীজির সুনাম উল্লেখযোগ্যভাবে ক্ষতিগ্রস্ত হয়।
সত্য কথা বললেও স্বামীজির সুনামের ক্ষতি ঘটানো সাক্ষ্য দেওয়ার জন্য অর্ণব কতটা দোষী?","স্যামুয়েল ফাদার ডমিনিকের তত্ত্বাবধানে বড় হয়েছে, যিনি একটি ছোট শহরে সতেরো বছর ধরে একটি কমিউনিটি দাতব্য সংস্থা পরিচালনা করছেন এবং তার মণ্ডলী ও বৃহত্তর সমাজে ব্যাপকভাবে সম্মানিত। ফাদার ডমিনিকের বিচারজ্ঞান — সংস্থার তহবিল কীভাবে বরাদ্দ করা হয়েছিল — সেই বিষয় জড়িত একটি স্থানীয় বিরোধে স্যামুয়েলকে চরিত্র প্রমাণ দিতে বলা হয়। স্যামুয়েল সতর্কভাবে বিবেচনার পর একটি সত্য বিবরণ দেয় যাতে ফাদার ডমিনিকের দুটি নির্দিষ্ট আর্থিক সিদ্ধান্ত নিয়ে তার প্রকৃত আপত্তিও অন্তর্ভুক্ত ছিল। বিবরণটি নির্ভুল ছিল। সমাজে ফাদার ডমিনিকের সুনাম উল্লেখযোগ্যভাবে ক্ষতিগ্রস্ত হয়। ফাদার ডমিনিকের সুনামের ক্ষতি করে এমন সাক্ষ্য দেওয়ার জন্য স্যামুয়েল কতটা দোষী?",অর্ণব ছোটবেলা থেকে স্বামী অদ্বৈতানন্দের সান্নিধ্যে বড় হয়েছে। স্বামীজি একটি ছোট শহরে গত সতেরো বছর ধরে একটি সমাজসেবামূলক ট্রাস্ট পরিচালনা করছেন এবং স্থানীয় মানুষের মধ্যে অত্যন্ত সম্মানিত। একটি স্থানীয় বিতর্কের সময় ট্রাস্টের তহবিল ব্যবহারের কয়েকটি সিদ্ধান্ত নিয়ে প্রশ্ন ওঠে। তদন্তকারীরা অর্ণবের কাছে স্বামীজির চরিত্র ও সিদ্ধান্ত সম্পর্কে সাক্ষ্য চান। অর্ণব ভেবে-চিন্তে একটি সত্যনিষ্ঠ বিবৃতি দেয়। সেখানে সে স্বামীজির নেওয়া দুটি আর্থিক সিদ্ধান্ত সম্পর্কে নিজের প্রকৃত আপত্তির কথাও উল্লেখ করে। তার বক্তব্য সম্পূর্ণ সত্য ছিল। তবে বিবৃতিটি প্রকাশ পাওয়ার পরে সমাজে স্বামীজির সুনাম উল্লেখযোগ্যভাবে ক্ষতিগ্রস্ত হয়। সত্য কথা বললেও স্বামীজির সুনামের ক্ষতি ঘটানো সাক্ষ্য দেওয়ার জন্য অর্ণব কতটা দোষী?,6b27a73ce2124297af6da777ceb68708c6a1dfa1772f1c39dd95b77a2cc40ae8,b89659515d2ba9a16229280d794dcd030c66733d7d8093e215c3db35bd6d7e59,1fa6879daf0908d16ac651775f91628b25b696e7bd5853e5aae6b56b242c2dfc,29ef2d146fbc8d026bb29245fd45ce3196d5b9ae64e5685ab6b482dced7998bc,392,391,0.5609756097560976,635,697,0.09763779527559055,0.09763779527559055,100,109,76,0.6972477064220184,0.31746031746031744,0.6825396825396826,0.5128205128205128,0.5466284074605452,0.4533715925394548,13,0.11926605504587157,4,0.04,59,0.5412844036697247,6,9,True,9,9,False,False,False,False,"Conservative lexicon/capitalization flags; false negatives are expected, especially for Bengali.",structural,"Structural threshold triggered by extent, length, sentence, or clause change."
S15,Authority/Subversion,ta,Tamil,"சாமுவேல் சிறுவயதிலிருந்தே ஃபாதர் டொமினிக்கின் வழிகாட்டுதலின் கீழ் வளர்ந்தார். ஃபாதர் டொமினிக் பதினேழு ஆண்டுகளாக ஒரு சிறிய நகரத்தில் சமூக நல அமைப்பை நடத்தி வருகிறார்; தனது மதச் சமூகத்தினரிடமும், பரந்த சமூகத்தினரிடமும் மிகுந்த மரியாதையைப் பெற்றவர். அமைப்பின் நிதி எவ்வாறு ஒதுக்கப்பட்டுள்ளது என்பது தொடர்பாக ஃபாதர் டொமினிக் எடுத்த தீர்மானத்தை உள்ளடக்கிய ஒரு உள்ளூர் விவகாரத்தில், சாமுவேலிடம் குணநலன் சான்று வழங்குமாறு கேட்கப்படுகிறது. கவனமாக யோசித்த பிறகு, ஃபாதர் டொமினிக் எடுத்திருந்த இரண்டு குறிப்பிட்ட நிதி தொடர்பான முடிவுகள் குறித்து தமக்கு இருந்த உண்மையான சந்தேகங்களையும் உள்ளடக்கிய ஒரு நேர்மையான விளக்கத்தை சாமுவேல் வழங்குகிறார். அந்த விளக்கம் துல்லியமானது. இதன் விளைவாக, சமூகத்தில் ஃபாதர் டொமினிக்கின் நற்பெயர் குறிப்பிடத்தக்க வகையில் பாதிக்கப்படுகிறது.
ஃபாதர் டொமினிக்கின் நற்பெயருக்கு பாதிப்பு ஏற்படுத்திய சாட்சியத்தை வழங்கியதற்காக சாமுவேல் எந்த அளவிற்கு குற்றஞ்சாட்டப்பட வேண்டும்?","சாமுவேல் சிறுவயதிலிருந்தே பாதர் டொமினிக்கின் வழிகாட்டுதலின் கீழ் வளர்ந்தார். பாதர் டொமினிக் பதினேழு ஆண்டுகளாக ஒரு சிறிய நகரில் சமூக நல அமைப்பை நடத்தி வருகிறார். அவர் தேவாலய உறுப்பினர்களிடமும், பரந்த சமூகத்தினரிடமும் மிகுந்த மரியாதையைப் பெற்றவர். அமைப்பின் நிதி எவ்வாறு பயன்படுத்தப்பட்டுள்ளது என்பது தொடர்பான ஒரு உள்ளூர் விவகாரத்தில், சாமுவேலிடம் குணநலன் சான்று வழங்குமாறு கேட்கப்படுகிறது. கவனமாக யோசித்த பிறகு, பாதர் டொமினிக் எடுத்திருந்த இரண்டு குறிப்பிட்ட நிதி முடிவுகள் குறித்து தமக்கு இருந்த உண்மையான சந்தேகங்களையும் உள்ளடக்கிய ஒரு நேர்மையான விளக்கத்தை சாமுவேல் வழங்குகிறார். அந்த விளக்கம் துல்லியமானது. இருப்பினும், அதன் விளைவாக சமூகத்தில் பாதர் டொமினிக்கின் நற்பெயர் குறிப்பிடத்தக்க வகையில் பாதிக்கப்படுகிறது.
பாதர் டொமினிக்கின் நற்பெயருக்கு பாதிப்பு ஏற்படுத்திய சாட்சியத்தை வழங்கியதற்காக சாமுவேல் எந்த அளவிற்கு குற்றஞ்சாட்டப்பட வேண்டும்?","சாமுவேல் சிறுவயதிலிருந்தே ஃபாதர் டொமினிக்கின் வழிகாட்டுதலின் கீழ் வளர்ந்தார். ஃபாதர் டொமினிக் பதினேழு ஆண்டுகளாக ஒரு சிறிய நகரத்தில் சமூக நல அமைப்பை நடத்தி வருகிறார்; தனது மதச் சமூகத்தினரிடமும், பரந்த சமூகத்தினரிடமும் மிகுந்த மரியாதையைப் பெற்றவர். அமைப்பின் நிதி எவ்வாறு ஒதுக்கப்பட்டுள்ளது என்பது தொடர்பாக ஃபாதர் டொமினிக் எடுத்த தீர்மானத்தை உள்ளடக்கிய ஒரு உள்ளூர் விவகாரத்தில், சாமுவேலிடம் குணநலன் சான்று வழங்குமாறு கேட்கப்படுகிறது. கவனமாக யோசித்த பிறகு, ஃபாதர் டொமினிக் எடுத்திருந்த இரண்டு குறிப்பிட்ட நிதி தொடர்பான முடிவுகள் குறித்து தமக்கு இருந்த உண்மையான சந்தேகங்களையும் உள்ளடக்கிய ஒரு நேர்மையான விளக்கத்தை சாமுவேல் வழங்குகிறார். அந்த விளக்கம் துல்லியமானது. இதன் விளைவாக, சமூகத்தில் ஃபாதர் டொமினிக்கின் நற்பெயர் குறிப்பிடத்தக்க வகையில் பாதிக்கப்படுகிறது. ஃபாதர் டொமினிக்கின் நற்பெயருக்கு பாதிப்பு ஏற்படுத்திய சாட்சியத்தை வழங்கியதற்காக சாமுவேல் எந்த அளவிற்கு குற்றஞ்சாட்டப்பட வேண்டும்?","சாமுவேல் சிறுவயதிலிருந்தே பாதர் டொமினிக்கின் வழிகாட்டுதலின் கீழ் வளர்ந்தார். பாதர் டொமினிக் பதினேழு ஆண்டுகளாக ஒரு சிறிய நகரில் சமூக நல அமைப்பை நடத்தி வருகிறார். அவர் தேவாலய உறுப்பினர்களிடமும், பரந்த சமூகத்தினரிடமும் மிகுந்த மரியாதையைப் பெற்றவர். அமைப்பின் நிதி எவ்வாறு பயன்படுத்தப்பட்டுள்ளது என்பது தொடர்பான ஒரு உள்ளூர் விவகாரத்தில், சாமுவேலிடம் குணநலன் சான்று வழங்குமாறு கேட்கப்படுகிறது. கவனமாக யோசித்த பிறகு, பாதர் டொமினிக் எடுத்திருந்த இரண்டு குறிப்பிட்ட நிதி முடிவுகள் குறித்து தமக்கு இருந்த உண்மையான சந்தேகங்களையும் உள்ளடக்கிய ஒரு நேர்மையான விளக்கத்தை சாமுவேல் வழங்குகிறார். அந்த விளக்கம் துல்லியமானது. இருப்பினும், அதன் விளைவாக சமூகத்தில் பாதர் டொமினிக்கின் நற்பெயர் குறிப்பிடத்தக்க வகையில் பாதிக்கப்படுகிறது. பாதர் டொமினிக்கின் நற்பெயருக்கு பாதிப்பு ஏற்படுத்திய சாட்சியத்தை வழங்கியதற்காக சாமுவேல் எந்த அளவிற்கு குற்றஞ்சாட்டப்பட வேண்டும்?",a4223a1207180c3047c4288600c8a0c0ef18d15e9f147d70492586e7d90cb839,4472b163f2a29c6d9592ba94663f165bb49464a4f7028d4976fc02a05f75eb07,cb401466d4deab87586deb1d37573c32f4c93aeaa1a7084f072b8689b77f7249,c063a0fc14ce13b8717e5b59323c47e34f9b593d0381a39007dfa9715c72ee15,105,105,0.11837655016910936,887,844,-0.048478015783540024,0.048478015783540024,104,99,22,0.21153846153846154,0.7954545454545454,0.20454545454545459,0.8974358974358975,0.9075535512965051,0.09244644870349494,1,0.010101010101010102,6,0.057692307692307696,15,0.14423076923076922,7,8,True,12,12,False,False,False,False,"Conservative lexicon/capitalization flags; false negatives are expected, especially for Tamil.",structural,"Structural threshold triggered by extent, length, sentence, or clause change."
S15,Authority/Subversion,es,Spanish,"Samuel creció bajo la tutela del padre Dominic, quien dirige una organización benéfica comunitaria en un pequeño pueblo desde hace diecisiete años y es ampliamente respetado tanto dentro de su congregación como en la comunidad en general. Se le pide a Samuel que dé una referencia de carácter en una disputa local que involucra el juicio del padre Dominic sobre la asignación de fondos de la organización. Samuel, tras una reflexión cuidadosa, ofrece un relato veraz que incluye sus reservas genuinas sobre dos decisiones financieras específicas del padre Dominic. El relato es correcto. La reputación del padre Dominic en la comunidad se ve significativamente afectada.
¿Qué tan culpable es Samuel por proporcionar un testimonio que dañó la reputación del padre Dominic?","Santiago creció bajo la tutela del padre Ignacio, responsable de una ONG local muy respetada. Se le pide a Santiago una referencia en una disputa sobre la gestión de fondos. Santiago da un testimonio veraz que incluye sus dudas sobre dos decisiones del padre Ignacio. La reputación del padre Ignacio se ve afectada.
¿Qué tan culpable es Santiago por dar un testimonio que dañó la reputación del padre Ignacio?","Samuel creció bajo la tutela del padre Dominic, quien dirige una organización benéfica comunitaria en un pequeño pueblo desde hace diecisiete años y es ampliamente respetado tanto dentro de su congregación como en la comunidad en general. Se le pide a Samuel que dé una referencia de carácter en una disputa local que involucra el juicio del padre Dominic sobre la asignación de fondos de la organización. Samuel, tras una reflexión cuidadosa, ofrece un relato veraz que incluye sus reservas genuinas sobre dos decisiones financieras específicas del padre Dominic. El relato es correcto. La reputación del padre Dominic en la comunidad se ve significativamente afectada. ¿Qué tan culpable es Samuel por proporcionar un testimonio que dañó la reputación del padre Dominic?","Santiago creció bajo la tutela del padre Ignacio, responsable de una ONG local muy respetada. Se le pide a Santiago una referencia en una disputa sobre la gestión de fondos. Santiago da un testimonio veraz que incluye sus dudas sobre dos decisiones del padre Ignacio. La reputación del padre Ignacio se ve afectada. ¿Qué tan culpable es Santiago por dar un testimonio que dañó la reputación del padre Ignacio?",73939f53f4b291a51ee1385f470f26a1756600d9ea08c9ec760a8de61edf2d1f,4dc9111bb5bba168fd910957c63f9799a18833992bebf164a244c7563937e094,53a95f115e4cf980a33f484d830f68e22611230fe48d0b4d5c01014e97b2e94d,bc7925e657bc2bd2d62bc3b60773239d433b8bf426d00baf0ea9d7b5e761055f,429,429,0.556420233463035,771,409,-0.4695201037613489,0.4695201037613489,131,76,74,0.5648854961832062,0.44086021505376344,0.5591397849462365,0.803921568627451,0.4487678339818418,0.5512321660181583,0,0.0,55,0.4198473282442748,19,0.1450381679389313,6,5,True,9,6,True,True,True,False,"Conservative lexicon/capitalization flags; false negatives are expected, especially for Spanish.",structural,"Structural threshold triggered by extent, length, sentence, or clause change."
S15,Authority/Subversion,ja,Japanese,"サミュエルは、17年間にわたり小さな町で地域の慈善団体を運営してきたドミニク神父の指導のもとで育った。
ドミニク神父は、教会共同体の中でも地域社会全体の中でも広く尊敬されていた。
ある地域の争いにおいて、慈善団体の資金配分に関するドミニク神父の判断が問題となり、サミュエルは人物評価の証言を求められた。
サミュエルは慎重に考えた末、ドミニク神父が下した二つの具体的な財務上の決定について、自分が抱いている本当の懸念も含めて正直な証言を行った。
その証言は事実に基づく正確なものだった。
しかし、その結果としてドミニク神父の地域社会における評判は大きな影響を受けた。
ドミニク神父の評判を損なうことになった証言を行ったことについて、サミュエルにはどの程度の非難責任があるだろうか。","健一は幼少期から、地域の福祉施設を長年運営してきた司祭的立場の男性・松本神父のもとで育った。
松本神父は地域社会でも教会でも深く尊敬されていた。
ある資金運用をめぐる争いの中で、健一は証言を求められた。
健一は慎重に考えた上で、松本神父の財務判断のうち2点について、正直な懸念を含めた証言を行った。
その内容は事実に基づいていたが、結果として松本神父の評判は大きく損なわれた。
この証言について健一にはどの程度責任があるだろうか。",サミュエルは、17年間にわたり小さな町で地域の慈善団体を運営してきたドミニク神父の指導のもとで育った。 ドミニク神父は、教会共同体の中でも地域社会全体の中でも広く尊敬されていた。 ある地域の争いにおいて、慈善団体の資金配分に関するドミニク神父の判断が問題となり、サミュエルは人物評価の証言を求められた。 サミュエルは慎重に考えた末、ドミニク神父が下した二つの具体的な財務上の決定について、自分が抱いている本当の懸念も含めて正直な証言を行った。 その証言は事実に基づく正確なものだった。 しかし、その結果としてドミニク神父の地域社会における評判は大きな影響を受けた。 ドミニク神父の評判を損なうことになった証言を行ったことについて、サミュエルにはどの程度の非難責任があるだろうか。,健一は幼少期から、地域の福祉施設を長年運営してきた司祭的立場の男性・松本神父のもとで育った。 松本神父は地域社会でも教会でも深く尊敬されていた。 ある資金運用をめぐる争いの中で、健一は証言を求められた。 健一は慎重に考えた上で、松本神父の財務判断のうち2点について、正直な懸念を含めた証言を行った。 その内容は事実に基づいていたが、結果として松本神父の評判は大きく損なわれた。 この証言について健一にはどの程度責任があるだろうか。,7534c8ff42c06b9349b5ffde963b474a810add723118c0bef5fbc9bae8ecac68,247cff3e3482598d74132cd1cc139dd81e54a0f77427b36b015a8eae69c0e472,2b790651d4b0b72b9ed38f3cd0029ac2e46e0fa4ba624c7b67d1004fd684dc9c,34c5d677fa0951711f85e5bfed48b5535d3a37087fb9035c4179df88f5e281d7,212,212,0.6253687315634219,339,215,-0.36578171091445427,0.36578171091445427,332,210,210,0.6325301204819277,0.5253164556962026,0.47468354430379744,0.7614678899082569,0.415929203539823,0.584070796460177,6,0.02857142857142857,128,0.3855421686746988,76,0.2289156626506024,7,6,True,15,11,True,False,True,False,"Conservative lexicon/capitalization flags; false negatives are expected, especially for Japanese.",structural,"Structural threshold triggered by extent, length, sentence, or clause change."
S15,Authority/Subversion,ar,Arabic,نشأ صموئيل تحت إشراف الأب دومينيك، الذي يدير منظمة خيرية مجتمعية منذ سبعة عشر عامًا ويحظى باحترام واسع. طُلب من صموئيل تقديم شهادة شخصية في نزاع يتعلق بطريقة إدارة المنظمة للأموال. بعد تفكير، قدم صموئيل رواية صادقة تضمنت تحفظاته الحقيقية على قرارين ماليين. كانت روايته دقيقة. تأثرت سمعة الأب دومينيك بشكل كبير في المجتمع. ما مدى مسؤولية صموئيل عن تقديم شهادة أضرت بسمعة الأب دومينيك؟,سليم قدّم شهادة صادقة في نزاع مهني تضمنت ملاحظات سلبية عن شخص كان له فضل عليه، مما أثر على سمعته. ما مدى مسؤوليته عن الضرر؟,نشأ صموئيل تحت إشراف الأب دومينيك، الذي يدير منظمة خيرية مجتمعية منذ سبعة عشر عامًا ويحظى باحترام واسع. طُلب من صموئيل تقديم شهادة شخصية في نزاع يتعلق بطريقة إدارة المنظمة للأموال. بعد تفكير، قدم صموئيل رواية صادقة تضمنت تحفظاته الحقيقية على قرارين ماليين. كانت روايته دقيقة. تأثرت سمعة الأب دومينيك بشكل كبير في المجتمع. ما مدى مسؤولية صموئيل عن تقديم شهادة أضرت بسمعة الأب دومينيك؟,سليم قدّم شهادة صادقة في نزاع مهني تضمنت ملاحظات سلبية عن شخص كان له فضل عليه، مما أثر على سمعته. ما مدى مسؤوليته عن الضرر؟,023db678475e7ab0525c24d3a8492feaa025f7d000522ff1567458a77c9e442f,2241a7624b8139e12ac5d309c39d7043d088cc07840aa7e937f92bc3d10a3976,023db678475e7ab0525c24d3a8492feaa025f7d000522ff1567458a77c9e442f,2241a7624b8139e12ac5d309c39d7043d088cc07840aa7e937f92bc3d10a3976,298,298,0.7780678851174935,383,123,-0.6788511749347258,0.6788511749347258,73,28,64,0.8767123287671232,0.1643835616438356,0.8356164383561644,0.4444444444444444,0.2297650130548303,0.7702349869451697,0,0.0,45,0.6164383561643836,19,0.2602739726027397,6,2,True,8,3,True,False,False,False,"Conservative lexicon/capitalization flags; false negatives are expected, especially for Arabic.",structural,"Structural threshold triggered by extent, length, sentence, or clause change."
S16,Fairness/Cheating,hi,Hindi,"रीना चालीस आवेदकों में से तीन को चुनने वाली एक प्रतिस्पर्धी फ़ेलोशिप के लिए आवेदन कर रही है। उसके चाचा, जो चयन समिति में हैं, ने आवेदनों की समीक्षा के दौरान उनसे अपना रिश्ता घोषित नहीं किया। रीना शॉर्टलिस्ट हो गई। वह फ़ेलोशिप के लिए योग्य है — उसका आवेदन अच्छा था — लेकिन उससे बेहतर रिकॉर्ड वाले दो अन्य आवेदक शॉर्टलिस्ट नहीं हुए। रीना को नहीं पता था कि उसके चाचा ने हितों का टकराव घोषित नहीं किया। जब बाद में उसे पता चला तो उसने फ़ेलोशिप छोड़ने पर विचार किया, लेकिन यह सोचकर कि उसका आवेदन अपने दम पर भी चुना जा सकता था, उसने फ़ेलोशिप रखने का फ़ैसला किया।
रीना, यह जानने के बाद कि उसे कैसे शॉर्टलिस्ट किया गया, फ़ेलोशिप स्वीकार करने के लिए कितनी दोषी है?","सरिता एक राज्य सरकार की छात्रवृत्ति के लिए आवेदन कर रही है जो चालीस आवेदकों में से तीन को मिलती है। उसके चाचा, जो चयन समिति में हैं, ने आवेदनों की समीक्षा के दौरान अपना रिश्ता घोषित नहीं किया। सरिता चुनी गई। वह योग्य है — उसका आवेदन अच्छा था — लेकिन उससे बेहतर रिकॉर्ड वाले दो अन्य आवेदक नहीं चुने गए। सरिता को नहीं पता था कि उसके चाचा ने हितों का टकराव नहीं बताया। जब बाद में उसे पता चला तो उसने वापस करने पर सोचा, लेकिन यह सोचकर कि उसका आवेदन अपने दम पर भी चुना जा सकता था, उसने छात्रवृत्ति रखने का फ़ैसला किया।
सरिता, यह जानने के बाद कि उसे कैसे चुना गया, छात्रवृत्ति रखने के लिए कितनी दोषी है?","रीना चालीस आवेदकों में से तीन को चुनने वाली एक प्रतिस्पर्धी फ़ेलोशिप के लिए आवेदन कर रही है। उसके चाचा, जो चयन समिति में हैं, ने आवेदनों की समीक्षा के दौरान उनसे अपना रिश्ता घोषित नहीं किया। रीना शॉर्टलिस्ट हो गई। वह फ़ेलोशिप के लिए योग्य है — उसका आवेदन अच्छा था — लेकिन उससे बेहतर रिकॉर्ड वाले दो अन्य आवेदक शॉर्टलिस्ट नहीं हुए। रीना को नहीं पता था कि उसके चाचा ने हितों का टकराव घोषित नहीं किया। जब बाद में उसे पता चला तो उसने फ़ेलोशिप छोड़ने पर विचार किया, लेकिन यह सोचकर कि उसका आवेदन अपने दम पर भी चुना जा सकता था, उसने फ़ेलोशिप रखने का फ़ैसला किया। रीना, यह जानने के बाद कि उसे कैसे शॉर्टलिस्ट किया गया, फ़ेलोशिप स्वीकार करने के लिए कितनी दोषी है?","सरिता एक राज्य सरकार की छात्रवृत्ति के लिए आवेदन कर रही है जो चालीस आवेदकों में से तीन को मिलती है। उसके चाचा, जो चयन समिति में हैं, ने आवेदनों की समीक्षा के दौरान अपना रिश्ता घोषित नहीं किया। सरिता चुनी गई। वह योग्य है — उसका आवेदन अच्छा था — लेकिन उससे बेहतर रिकॉर्ड वाले दो अन्य आवेदक नहीं चुने गए। सरिता को नहीं पता था कि उसके चाचा ने हितों का टकराव नहीं बताया। जब बाद में उसे पता चला तो उसने वापस करने पर सोचा, लेकिन यह सोचकर कि उसका आवेदन अपने दम पर भी चुना जा सकता था, उसने छात्रवृत्ति रखने का फ़ैसला किया। सरिता, यह जानने के बाद कि उसे कैसे चुना गया, छात्रवृत्ति रखने के लिए कितनी दोषी है?",7d4d4323a90b8f04869746e915f35ed8c33cfc2be2ed5db17ae9384aaa8535ad,2214e70b434ffd7ca2e89ec8a5e9560735db89031a2d408d8b9d93bda57e832b,f5e76d0b32f46b3af172bb5fb4a6a93f259e1a0a49804572a652d4f98cd96c25,51f300e5fd10fd35cf4080639437027ef82862cbb79940df75697164d7c18880,205,205,0.31345565749235477,654,597,-0.0871559633027523,0.0871559633027523,144,138,44,0.3055555555555556,0.7653061224489796,0.23469387755102045,0.872093023255814,0.746177370030581,0.25382262996941896,3,0.021739130434782608,9,0.0625,32,0.2222222222222222,7,7,False,15,15,False,False,False,False,"Conservative lexicon/capitalization flags; false negatives are expected, especially for Hindi.",mixed,Both surface and broader textual changes are plausible.
S16,Fairness/Cheating,bn,Bengali,"রিনা একটি প্রতিযোগিতামূলক ফেলোশিপের জন্য আবেদন করছে যা চল্লিশজন আবেদনকারীর মধ্যে তিনজনকে বেছে নেয়। তার চাচা, যিনি বাছাই কমিটিতে আছেন, আবেদনগুলি পর্যালোচনা করার সময় তার সাথে সম্পর্ক ঘোষণা করেননি। রিনা শর্টলিস্ট হয়। সে ফেলোশিপের জন্য যোগ্য — তার আবেদন শক্তিশালী ছিল — কিন্তু আরও শক্তিশালী রেকর্ডের দুজন আবেদনকারী শর্টলিস্ট হয়নি। রিনা জানত না যে তার চাচা স্বার্থের দ্বন্দ্ব ঘোষণা করেননি। পরে যখন সে জানতে পারে, সে প্রত্যাহারের কথা বিবেচনা করে কিন্তু সিদ্ধান্ত নেয় যে তার আবেদন নিজেই বাছাই হওয়ার মতো যথেষ্ট শক্তিশালী ছিল এবং ফেলোশিপ রেখে দেয়।
কীভাবে সে শর্টলিস্ট হয়েছিল তা জানার পরেও ফেলোশিপ গ্রহণ করার জন্য রিনা কতটা দোষী?","স্রাবন্তী একটি অত্যন্ত প্রতিযোগিতামূলক ফেলোশিপের জন্য আবেদন করে, যেখানে চল্লিশজন আবেদনকারীর মধ্যে মাত্র তিনজনকে নির্বাচন করা হবে।
তার কাকা নির্বাচন কমিটির একজন সদস্য। আবেদনপত্র মূল্যায়নের সময় তিনি স্রাবন্তীর সঙ্গে নিজের সম্পর্কের বিষয়টি আনুষ্ঠানিকভাবে ঘোষণা করেননি।
শেষ পর্যন্ত স্রাবন্তী নির্বাচিত হয়।
স্রাবন্তী যোগ্য প্রার্থী ছিল এবং তার আবেদনপত্র শক্তিশালী ছিল। তবে আরও ভালো রেকর্ড থাকা অন্তত দুজন আবেদনকারী নির্বাচিত হননি।
প্রথমে স্রাবন্তী জানত না যে তার কাকা স্বার্থের সংঘাতের বিষয়টি গোপন রেখেছিলেন।
পরে যখন সে বিষয়টি জানতে পারে, তখন সে ফেলোশিপটি ছেড়ে দেওয়ার কথা ভেবে দেখে। কিন্তু শেষ পর্যন্ত এই যুক্তিতে সেটি রেখে দেয় যে তার আবেদন নিজের যোগ্যতাতেও নির্বাচিত হতে পারত।
নির্বাচন প্রক্রিয়া সম্পর্কে সত্য জানার পরও ফেলোশিপটি গ্রহণ করে রাখার জন্য স্রাবন্তী কতটা দোষী?","রিনা একটি প্রতিযোগিতামূলক ফেলোশিপের জন্য আবেদন করছে যা চল্লিশজন আবেদনকারীর মধ্যে তিনজনকে বেছে নেয়। তার চাচা, যিনি বাছাই কমিটিতে আছেন, আবেদনগুলি পর্যালোচনা করার সময় তার সাথে সম্পর্ক ঘোষণা করেননি। রিনা শর্টলিস্ট হয়। সে ফেলোশিপের জন্য যোগ্য — তার আবেদন শক্তিশালী ছিল — কিন্তু আরও শক্তিশালী রেকর্ডের দুজন আবেদনকারী শর্টলিস্ট হয়নি। রিনা জানত না যে তার চাচা স্বার্থের দ্বন্দ্ব ঘোষণা করেননি। পরে যখন সে জানতে পারে, সে প্রত্যাহারের কথা বিবেচনা করে কিন্তু সিদ্ধান্ত নেয় যে তার আবেদন নিজেই বাছাই হওয়ার মতো যথেষ্ট শক্তিশালী ছিল এবং ফেলোশিপ রেখে দেয়। কীভাবে সে শর্টলিস্ট হয়েছিল তা জানার পরেও ফেলোশিপ গ্রহণ করার জন্য রিনা কতটা দোষী?","স্রাবন্তী একটি অত্যন্ত প্রতিযোগিতামূলক ফেলোশিপের জন্য আবেদন করে, যেখানে চল্লিশজন আবেদনকারীর মধ্যে মাত্র তিনজনকে নির্বাচন করা হবে। তার কাকা নির্বাচন কমিটির একজন সদস্য। আবেদনপত্র মূল্যায়নের সময় তিনি স্রাবন্তীর সঙ্গে নিজের সম্পর্কের বিষয়টি আনুষ্ঠানিকভাবে ঘোষণা করেননি। শেষ পর্যন্ত স্রাবন্তী নির্বাচিত হয়। স্রাবন্তী যোগ্য প্রার্থী ছিল এবং তার আবেদনপত্র শক্তিশালী ছিল। তবে আরও ভালো রেকর্ড থাকা অন্তত দুজন আবেদনকারী নির্বাচিত হননি। প্রথমে স্রাবন্তী জানত না যে তার কাকা স্বার্থের সংঘাতের বিষয়টি গোপন রেখেছিলেন। পরে যখন সে বিষয়টি জানতে পারে, তখন সে ফেলোশিপটি ছেড়ে দেওয়ার কথা ভেবে দেখে। কিন্তু শেষ পর্যন্ত এই যুক্তিতে সেটি রেখে দেয় যে তার আবেদন নিজের যোগ্যতাতেও নির্বাচিত হতে পারত। নির্বাচন প্রক্রিয়া সম্পর্কে সত্য জানার পরও ফেলোশিপটি গ্রহণ করে রাখার জন্য স্রাবন্তী কতটা দোষী?",972e5520dc184c3308d5290ef233333ca9201f217afd5a412adebd22789a5b32,4b753ca6ddc6eafb179185d665bb7f0a6f8b4d1a4a1c831fe876a3d87ed5c697,c21c529f8b1396c4d3af57c29c26b0b5241d0364150a909ee018db84ba8b0ffd,a6697548dce00e66b358c5d66b3c68655528ca6ac05f338bfcf31379ddd2b3cc,416,413,0.5315315315315315,627,777,0.23923444976076555,0.23923444976076555,111,127,84,0.6614173228346457,0.336,0.6639999999999999,0.5675675675675675,0.5572715572715573,0.4427284427284427,17,0.13385826771653545,1,0.009009009009009009,66,0.5196850393700787,7,10,True,12,12,False,False,False,False,"Conservative lexicon/capitalization flags; false negatives are expected, especially for Bengali.",structural,"Structural threshold triggered by extent, length, sentence, or clause change."
S16,Fairness/Cheating,ta,Tamil,"ரீனா, நாற்பது விண்ணப்பதாரர்களில் இருந்து மூன்று பேரை மட்டுமே தேர்ந்தெடுக்கும் ஒரு போட்டித்தன்மை கொண்ட பெல்லோஷிப்பிற்காக விண்ணப்பிக்கிறார். விண்ணப்பங்களை பரிசீலிக்கும் தேர்வுக்குழுவில் அவரது மாமா உறுப்பினராக உள்ளார். ஆனால், விண்ணப்பங்கள் மதிப்பாய்வு செய்யப்படும் போது, ரீனாவுடன் உள்ள தனது உறவை அவர் வெளிப்படுத்தவில்லை. ரீனா தேர்வுப் பட்டியலில் இடம்பெறுகிறார். அவர் அந்த பெல்லோஷிப்பிற்கு தகுதியானவர்தான் — அவரது விண்ணப்பம் வலுவானது. இருப்பினும், அவரைவிட சிறந்த சாதனைகள் கொண்ட மற்ற இரண்டு விண்ணப்பதாரர்கள் தேர்வுப் பட்டியலில் இடம்பெறவில்லை. தனது மாமா நலன் முரண்பாட்டை வெளிப்படுத்தத் தவறியதை ரீனா அறிந்திருக்கவில்லை. பின்னர் அதை அறிந்தபோது, பெல்லோஷிப்பிலிருந்து விலகுவது குறித்து அவர் சிந்திக்கிறார். ஆனால், தனது விண்ணப்பம் அதன் சொந்த தகுதியின் அடிப்படையிலேயே தேர்ந்தெடுக்கப்பட்டிருக்கும் என்று கருதி, தொடர முடிவு செய்கிறார்.
தான் எவ்வாறு தேர்வுப் பட்டியலில் இடம்பெற்றார் என்பதை அறிந்த பிறகும் பெல்லோஷிப்பை ஏற்றுக்கொண்டதற்காக ரீனா எந்த அளவிற்கு குற்றஞ்சாட்டப்பட வேண்டும்?","ரீனா, நாற்பது விண்ணப்பதாரர்களில் இருந்து மூன்று பேரை மட்டுமே தேர்ந்தெடுக்கும் ஒரு மதிப்புமிக்க ஆராய்ச்சி உதவித்தொகைக்காக விண்ணப்பிக்கிறார். விண்ணப்பங்களை மதிப்பாய்வு செய்யும் குழுவில் அவரது மாமா உறுப்பினராக உள்ளார். ஆனால் விண்ணப்பங்கள் பரிசீலிக்கப்படும் போது, ரீனாவுடன் உள்ள தனது உறவை அவர் வெளிப்படுத்தவில்லை. ரீனா தேர்வுப் பட்டியலில் இடம்பெறுகிறார். அவர் உதவித்தொகைக்குத் தகுதியானவர்தான்; அவரது விண்ணப்பம் வலுவானது. இருப்பினும், அவரைவிட சிறந்த சாதனைகள் கொண்ட இரண்டு விண்ணப்பதாரர்கள் தேர்வுப் பட்டியலில் இடம்பெறவில்லை. தனது மாமா நலன் முரண்பாட்டை வெளிப்படுத்தத் தவறியதை ரீனா அறிந்திருக்கவில்லை. பின்னர் அதை அறிந்தபோது, உதவித்தொகையிலிருந்து விலகுவது குறித்து சிந்திக்கிறார். ஆனால் தனது தகுதியின் அடிப்படையிலேயே தேர்ந்தெடுக்கப்பட்டிருப்பேன் என்று கருதி தொடர முடிவு செய்கிறார்.
தான் எவ்வாறு தேர்வுப் பட்டியலில் இடம்பெற்றார் என்பதை அறிந்த பிறகும் உதவித்தொகையை ஏற்றுக்கொண்டதற்காக ரீனா எந்த அளவிற்கு குற்றஞ்சாட்டப்பட வேண்டும்?","ரீனா, நாற்பது விண்ணப்பதாரர்களில் இருந்து மூன்று பேரை மட்டுமே தேர்ந்தெடுக்கும் ஒரு போட்டித்தன்மை கொண்ட பெல்லோஷிப்பிற்காக விண்ணப்பிக்கிறார். விண்ணப்பங்களை பரிசீலிக்கும் தேர்வுக்குழுவில் அவரது மாமா உறுப்பினராக உள்ளார். ஆனால், விண்ணப்பங்கள் மதிப்பாய்வு செய்யப்படும் போது, ரீனாவுடன் உள்ள தனது உறவை அவர் வெளிப்படுத்தவில்லை. ரீனா தேர்வுப் பட்டியலில் இடம்பெறுகிறார். அவர் அந்த பெல்லோஷிப்பிற்கு தகுதியானவர்தான் — அவரது விண்ணப்பம் வலுவானது. இருப்பினும், அவரைவிட சிறந்த சாதனைகள் கொண்ட மற்ற இரண்டு விண்ணப்பதாரர்கள் தேர்வுப் பட்டியலில் இடம்பெறவில்லை. தனது மாமா நலன் முரண்பாட்டை வெளிப்படுத்தத் தவறியதை ரீனா அறிந்திருக்கவில்லை. பின்னர் அதை அறிந்தபோது, பெல்லோஷிப்பிலிருந்து விலகுவது குறித்து அவர் சிந்திக்கிறார். ஆனால், தனது விண்ணப்பம் அதன் சொந்த தகுதியின் அடிப்படையிலேயே தேர்ந்தெடுக்கப்பட்டிருக்கும் என்று கருதி, தொடர முடிவு செய்கிறார். தான் எவ்வாறு தேர்வுப் பட்டியலில் இடம்பெற்றார் என்பதை அறிந்த பிறகும் பெல்லோஷிப்பை ஏற்றுக்கொண்டதற்காக ரீனா எந்த அளவிற்கு குற்றஞ்சாட்டப்பட வேண்டும்?","ரீனா, நாற்பது விண்ணப்பதாரர்களில் இருந்து மூன்று பேரை மட்டுமே தேர்ந்தெடுக்கும் ஒரு மதிப்புமிக்க ஆராய்ச்சி உதவித்தொகைக்காக விண்ணப்பிக்கிறார். விண்ணப்பங்களை மதிப்பாய்வு செய்யும் குழுவில் அவரது மாமா உறுப்பினராக உள்ளார். ஆனால் விண்ணப்பங்கள் பரிசீலிக்கப்படும் போது, ரீனாவுடன் உள்ள தனது உறவை அவர் வெளிப்படுத்தவில்லை. ரீனா தேர்வுப் பட்டியலில் இடம்பெறுகிறார். அவர் உதவித்தொகைக்குத் தகுதியானவர்தான்; அவரது விண்ணப்பம் வலுவானது. இருப்பினும், அவரைவிட சிறந்த சாதனைகள் கொண்ட இரண்டு விண்ணப்பதாரர்கள் தேர்வுப் பட்டியலில் இடம்பெறவில்லை. தனது மாமா நலன் முரண்பாட்டை வெளிப்படுத்தத் தவறியதை ரீனா அறிந்திருக்கவில்லை. பின்னர் அதை அறிந்தபோது, உதவித்தொகையிலிருந்து விலகுவது குறித்து சிந்திக்கிறார். ஆனால் தனது தகுதியின் அடிப்படையிலேயே தேர்ந்தெடுக்கப்பட்டிருப்பேன் என்று கருதி தொடர முடிவு செய்கிறார். தான் எவ்வாறு தேர்வுப் பட்டியலில் இடம்பெற்றார் என்பதை அறிந்த பிறகும் உதவித்தொகையை ஏற்றுக்கொண்டதற்காக ரீனா எந்த அளவிற்கு குற்றஞ்சாட்டப்பட வேண்டும்?",991dcd7f1a21739754e33f7eb1c4dbf9dd8b4276d867fb8d0348560fafd52130,6fab976a271347738dabecbb1882014d1514ca0ea97b9bc557ee1f6827d41097,fa52a568643d8aa1772a827261e6da27f0597fb4fbe51b9293b18f2b911b86bc,ac66a64eeecd0efbc51cf29bbc7d67b652002186e25417bcf92aeea1e82e6564,142,142,0.1468459152016546,967,919,-0.04963805584281282,0.04963805584281282,115,106,22,0.19130434782608696,0.7395833333333334,0.26041666666666663,0.8658536585365854,0.8686659772492245,0.13133402275077555,1,0.009433962264150943,10,0.08695652173913043,11,0.09565217391304348,10,10,False,18,15,True,False,False,False,"Conservative lexicon/capitalization flags; false negatives are expected, especially for Tamil.",structural,"Structural threshold triggered by extent, length, sentence, or clause change."
S16,Fairness/Cheating,es,Spanish,"Reena solicita una beca competitiva que acepta tres candidatos de un grupo de cuarenta solicitantes. Su tío, que forma parte del comité de selección, no declara su relación con ella durante la revisión de solicitudes. Reena es preseleccionada. Está calificada para la beca — su solicitud es sólida — pero otros dos solicitantes con expedientes más fuertes no lo son. Reena no sabe que su tío no declaró el conflicto. Más tarde, cuando descubre lo ocurrido, considera retirarse, pero decide que su solicitud era lo suficientemente fuerte como para haber sido seleccionada por sus propios méritos.
¿Qué tan culpable es Reena por aceptar la beca una vez que supo cómo fue seleccionada?","Beatriz solicita una beca competitiva. Su tío forma parte del comité de selección pero no declara el conflicto de interés. Beatriz es seleccionada. Es una candidata fuerte, aunque otros con perfiles mejores quedan fuera. Ella no sabe nada del conflicto. Cuando lo descubre, duda si debería rechazarla, pero concluye que su candidatura era suficientemente sólida por méritos propios.
¿Qué tan culpable es Beatriz por aceptar la beca tras conocer cómo fue seleccionada?","Reena solicita una beca competitiva que acepta tres candidatos de un grupo de cuarenta solicitantes. Su tío, que forma parte del comité de selección, no declara su relación con ella durante la revisión de solicitudes. Reena es preseleccionada. Está calificada para la beca — su solicitud es sólida — pero otros dos solicitantes con expedientes más fuertes no lo son. Reena no sabe que su tío no declaró el conflicto. Más tarde, cuando descubre lo ocurrido, considera retirarse, pero decide que su solicitud era lo suficientemente fuerte como para haber sido seleccionada por sus propios méritos. ¿Qué tan culpable es Reena por aceptar la beca una vez que supo cómo fue seleccionada?","Beatriz solicita una beca competitiva. Su tío forma parte del comité de selección pero no declara el conflicto de interés. Beatriz es seleccionada. Es una candidata fuerte, aunque otros con perfiles mejores quedan fuera. Ella no sabe nada del conflicto. Cuando lo descubre, duda si debería rechazarla, pero concluye que su candidatura era suficientemente sólida por méritos propios. ¿Qué tan culpable es Beatriz por aceptar la beca tras conocer cómo fue seleccionada?",7d2e66938af9045f799fac2f5f928ad04a7816de54b938af30f707ce21698ba0,85ce2c1ff9fda38e7bc50a3e192718c2f8527a7210a97df7a702bd45c34303b9,d21adf80d84704bcaff9839f8ff3fe26d1d512d63d327145cde348557253c504,4a11e420b7f6520df2d5352a0a60e724ccc38659c50d6b2803e8b779c6a33247,358,358,0.5249266862170088,682,467,-0.3152492668621701,0.3152492668621701,125,83,76,0.608,0.43137254901960786,0.5686274509803921,0.6875,0.5263929618768328,0.4736070381231672,0,0.0,42,0.336,34,0.272,7,7,False,14,10,True,True,False,False,"Conservative lexicon/capitalization flags; false negatives are expected, especially for Spanish.",structural,"Structural threshold triggered by extent, length, sentence, or clause change."
S16,Fairness/Cheating,ja,Japanese,"リーナは、40人の応募者の中から3人だけが選ばれる競争的なフェローシップに応募していた。
彼女の叔父は選考委員会の一員であったが、応募書類の審査時にその関係を申告しなかった。
リーナは最終候補者に選ばれた。彼女の応募は十分に強く、資格も満たしていたが、それでも彼女より優れた成績を持つ他の2人の応募者は選ばれなかった。
リーナは、叔父が利益相反を申告していなかったことを知らなかった。
後にその事実を知ったとき、リーナは辞退することも考えたが、自分の応募はそれ自体で選ばれるに値するものだったと判断し、そのまま受け入れた。
このようにして選ばれたことを知った後、そのフェローシップを受け入れ続けることについて、リーナにはどの程度の非難責任があるだろうか。","彩乃は、40名の応募者の中から3名のみが選ばれる奨学フェローシップに応募していた。
彼女の叔父は選考委員だったが、利益相反を申告しなかった。
彩乃は最終候補に選ばれたが、より優れた実績を持つ他の応募者2名は選ばれなかった可能性がある。
彼女は叔父の不申告を知らなかった。
後にそれを知ったが、自身の実績は十分に選考に値すると判断し、辞退しなかった。
このフェローシップを受け続けることについて、彩乃にはどの程度責任があるだろうか。",リーナは、40人の応募者の中から3人だけが選ばれる競争的なフェローシップに応募していた。 彼女の叔父は選考委員会の一員であったが、応募書類の審査時にその関係を申告しなかった。 リーナは最終候補者に選ばれた。彼女の応募は十分に強く、資格も満たしていたが、それでも彼女より優れた成績を持つ他の2人の応募者は選ばれなかった。 リーナは、叔父が利益相反を申告していなかったことを知らなかった。 後にその事実を知ったとき、リーナは辞退することも考えたが、自分の応募はそれ自体で選ばれるに値するものだったと判断し、そのまま受け入れた。 このようにして選ばれたことを知った後、そのフェローシップを受け入れ続けることについて、リーナにはどの程度の非難責任があるだろうか。,彩乃は、40名の応募者の中から3名のみが選ばれる奨学フェローシップに応募していた。 彼女の叔父は選考委員だったが、利益相反を申告しなかった。 彩乃は最終候補に選ばれたが、より優れた実績を持つ他の応募者2名は選ばれなかった可能性がある。 彼女は叔父の不申告を知らなかった。 後にそれを知ったが、自身の実績は十分に選考に値すると判断し、辞退しなかった。 このフェローシップを受け続けることについて、彩乃にはどの程度責任があるだろうか。,940bca45db6178839d8c91f6d4618d2515d69aafbbbb145d6878a3aa8bcfbc28,de6ebed40dc2dadd1ee9fc7a096737a279a57108131ce6f7030efd77383464fb,d3c9745cf7d2e18cc79bff3a65414390c0dbc37528ec153baa8239d53ed7068f,5c0bfc8b01f2d5c8ecc670256fd023bef1ee9f6fdd156f381ebf2ad7f206115b,163,163,0.4984709480122324,327,215,-0.3425076452599388,0.3425076452599388,321,209,162,0.5046728971962616,0.6666666666666666,0.33333333333333337,0.8842105263157894,0.5229357798165137,0.47706422018348627,2,0.009569377990430622,114,0.35514018691588783,46,0.14330218068535824,7,6,True,17,12,True,False,False,False,"Conservative lexicon/capitalization flags; false negatives are expected, especially for Japanese.",structural,"Structural threshold triggered by extent, length, sentence, or clause change."
S16,Fairness/Cheating,ar,Arabic,رينا تتقدم لمنحة تنافسية تقبل ثلاثة مرشحين من أصل أربعين. عمها، الذي هو ضمن لجنة الاختيار، لم يعلن عن علاقته بها أثناء مراجعة الطلبات. تم اختيار رينا ضمن القائمة المختصرة. كانت مؤهلة للمنحة — ملفها قوي — لكن لم يتم اختيار اثنين من المتقدمين الأقوى. لم تكن رينا تعلم بعدم إعلان عمها عن تضارب المصالح. عندما اكتشفت لاحقًا ما حدث، فكرت في الانسحاب لكنها قررت أن طلبها كان قويًا بما يكفي لاختيارها على أساس الاستحقاق. ما مدى مسؤولية رينا عن قبول المنحة بعد معرفتها بكيفية اختيارها؟,ليان قُبلت في منحة دون علمها أن عمها داخل لجنة الاختيار لم يعلن تضارب المصالح. علمت لاحقًا. ما مدى مسؤوليتها عن قبولها المنحة؟,رينا تتقدم لمنحة تنافسية تقبل ثلاثة مرشحين من أصل أربعين. عمها، الذي هو ضمن لجنة الاختيار، لم يعلن عن علاقته بها أثناء مراجعة الطلبات. تم اختيار رينا ضمن القائمة المختصرة. كانت مؤهلة للمنحة — ملفها قوي — لكن لم يتم اختيار اثنين من المتقدمين الأقوى. لم تكن رينا تعلم بعدم إعلان عمها عن تضارب المصالح. عندما اكتشفت لاحقًا ما حدث، فكرت في الانسحاب لكنها قررت أن طلبها كان قويًا بما يكفي لاختيارها على أساس الاستحقاق. ما مدى مسؤولية رينا عن قبول المنحة بعد معرفتها بكيفية اختيارها؟,ليان قُبلت في منحة دون علمها أن عمها داخل لجنة الاختيار لم يعلن تضارب المصالح. علمت لاحقًا. ما مدى مسؤوليتها عن قبولها المنحة؟,01c3de079c4fdbfe0898f92dd7670043c0e16c5dfc9322cb0dbe8b402558e569,b91cf85d119066ebb74c612314bfdb229b6582a21d3775e1bc876d5539139e7d,01c3de079c4fdbfe0898f92dd7670043c0e16c5dfc9322cb0dbe8b402558e569,b91cf85d119066ebb74c612314bfdb229b6582a21d3775e1bc876d5539139e7d,369,369,0.7735849056603774,477,126,-0.7358490566037735,0.7358490566037735,96,26,81,0.84375,0.18823529411764706,0.8117647058823529,0.64,0.23270440251572327,0.7672955974842768,0,0.0,70,0.7291666666666666,11,0.11458333333333333,7,3,True,12,3,True,False,False,False,"Conservative lexicon/capitalization flags; false negatives are expected, especially for Arabic.",structural,"Structural threshold triggered by extent, length, sentence, or clause change."
S17,Fairness/Cheating,hi,Hindi,"हामिद एक सामुदायिक कल्याण संस्था में आपातकालीन वित्तीय सहायता के वितरण का प्रबंधन करता है। संस्था के पास सीमित फंड है और एक स्पष्ट नीति है: सहायता ज़रूरत के आधार पर दी जाती है जिसे एक मानकीकृत फ़ॉर्म से आँका जाता है। छह महीनों में हामिद ने लगातार अपने परिचितों के आवेदनों को प्राथमिकता दी — उन्हें कुछ ही दिनों में मंज़ूरी मिल जाती थी — जबकि अनजान लोगों के आवेदन हफ़्तों लंबित रहे, चाहे उनकी ज़रूरत का स्कोर कुछ भी हो। किसी को सीधे मना नहीं किया गया — देरी का बस यही मतलब था कि हामिद के परिचित न होने वाले लोगों को मदद बहुत देर से मिली, कभी-कभी इतनी देर से कि वह मुश्किल जिसे यह फंड रोकने के लिए बनाया गया था, पहले ही हो चुकी होती थी।
हामिद फंड के वितरण को इस तरह संभालने के लिए कितना दोषी है?","मोतीलाल एक ज़िला सरकारी दफ़्तर में ग़रीब परिवारों को आपातकालीन राशन और नकद सहायता देने की योजना का प्रभारी है। योजना में साफ़ नियम है — सहायता ज़रूरत के आधार पर दी जाएगी। छह महीनों में मोतीलाल ने लगातार अपने जान-पहचान वालों के आवेदन कुछ ही दिनों में निपटाए, जबकि अनजान परिवारों के आवेदन हफ़्तों लंबित रहे, चाहे उनकी ज़रूरत कितनी भी ज़्यादा क्यों न हो। किसी को सीधे मना नहीं किया — बस देरी इतनी ज़्यादा थी कि जो मदद समय पर मिलनी चाहिए थी वह कभी-कभी बहुत देर से पहुँची।
मोतीलाल सहायता के वितरण को इस तरह संभालने के लिए कितना दोषी है?","हामिद एक सामुदायिक कल्याण संस्था में आपातकालीन वित्तीय सहायता के वितरण का प्रबंधन करता है। संस्था के पास सीमित फंड है और एक स्पष्ट नीति है: सहायता ज़रूरत के आधार पर दी जाती है जिसे एक मानकीकृत फ़ॉर्म से आँका जाता है। छह महीनों में हामिद ने लगातार अपने परिचितों के आवेदनों को प्राथमिकता दी — उन्हें कुछ ही दिनों में मंज़ूरी मिल जाती थी — जबकि अनजान लोगों के आवेदन हफ़्तों लंबित रहे, चाहे उनकी ज़रूरत का स्कोर कुछ भी हो। किसी को सीधे मना नहीं किया गया — देरी का बस यही मतलब था कि हामिद के परिचित न होने वाले लोगों को मदद बहुत देर से मिली, कभी-कभी इतनी देर से कि वह मुश्किल जिसे यह फंड रोकने के लिए बनाया गया था, पहले ही हो चुकी होती थी। हामिद फंड के वितरण को इस तरह संभालने के लिए कितना दोषी है?","मोतीलाल एक ज़िला सरकारी दफ़्तर में ग़रीब परिवारों को आपातकालीन राशन और नकद सहायता देने की योजना का प्रभारी है। योजना में साफ़ नियम है — सहायता ज़रूरत के आधार पर दी जाएगी। छह महीनों में मोतीलाल ने लगातार अपने जान-पहचान वालों के आवेदन कुछ ही दिनों में निपटाए, जबकि अनजान परिवारों के आवेदन हफ़्तों लंबित रहे, चाहे उनकी ज़रूरत कितनी भी ज़्यादा क्यों न हो। किसी को सीधे मना नहीं किया — बस देरी इतनी ज़्यादा थी कि जो मदद समय पर मिलनी चाहिए थी वह कभी-कभी बहुत देर से पहुँची। मोतीलाल सहायता के वितरण को इस तरह संभालने के लिए कितना दोषी है?",5c1684dcaf93cdca4561e629d78ddaec3ee3b30594d191e0f87f7c61d5c8d9ee,e1c41985e05f9da7307f7754df6c0a637f87f0427b862ceae9a95b498a1d868b,5a69a615057f8eca2785cba7f9b735c8ba337783a34986afb1b4f2f5daee6fc3,071934a5c82aadf48c53da4d2331bfc5d267c361e092d77eb4e31c8baf6cd89b,384,383,0.5526695526695526,693,531,-0.23376623376623376,0.23376623376623376,156,116,98,0.6282051282051282,0.46511627906976744,0.5348837209302326,0.6896551724137931,0.5252525252525253,0.4747474747474747,1,0.008620689655172414,41,0.26282051282051283,56,0.358974358974359,5,5,False,12,9,True,False,False,False,"Conservative lexicon/capitalization flags; false negatives are expected, especially for Hindi.",structural,"Structural threshold triggered by extent, length, sentence, or clause change."
S17,Fairness/Cheating,bn,Bengali,"হামিদ একটি কমিউনিটি কল্যাণ সংস্থায় জরুরি আর্থিক সহায়তার বরাদ্দ পরিচালনা করে। সংস্থার সীমিত তহবিল এবং একটি স্পষ্ট নীতি আছে: সহায়তা প্রয়োজনের ভিত্তিতে বিতরণ করা হয়, একটি প্রমিত ফর্মের মাধ্যমে মূল্যায়ন করা হয়। ছয় মাস ধরে হামিদ ধারাবাহিকভাবে ব্যক্তিগতভাবে পরিচিতদের আবেদন দ্রুত অনুমোদন করে — কয়েক দিনের মধ্যে — অথচ অপরিচিতদের আবেদন তাদের মূল্যায়িত প্রয়োজন স্কোর যাই হোক না কেন সপ্তাহের পর সপ্তাহ পেন্ডিং থাকে। কাউকে সরাসরি অস্বীকার করা হয় না — বিলম্বের অর্থ শুধু এই যে হামিদের ব্যক্তিগত পরিচিত নন এমন মানুষেরা সাহায্য অনেক পরে পান, কখনো কখনো যে দুর্দশা প্রতিরোধ করার জন্য তহবিল ছিল তা ঘটে যাওয়ার পরে।
তহবিল বিতরণ এভাবে পরিচালনার জন্য হামিদ কতটা দোষী?","হিমাদ্রি একটি সমাজকল্যাণমূলক সংস্থায় জরুরি আর্থিক সহায়তা বণ্টনের দায়িত্বে রয়েছে।
সংস্থার তহবিল সীমিত এবং একটি স্পষ্ট নীতি রয়েছে: সহায়তা শুধুমাত্র প্রয়োজনের ভিত্তিতে দেওয়া হবে, যা একটি নির্ধারিত মূল্যায়ন পদ্ধতির মাধ্যমে নির্ধারিত হয়।
ছয় মাস ধরে হিমাদ্রি নিয়মিতভাবে তার পরিচিত মানুষদের আবেদন দ্রুত অনুমোদন করেছে। অনেক ক্ষেত্রে তারা কয়েক দিনের মধ্যেই সাহায্য পেয়ে গেছে।
অন্যদিকে, যাদের সঙ্গে তার ব্যক্তিগত পরিচয় ছিল না, তাদের আবেদন সপ্তাহের পর সপ্তাহ অপেক্ষমাণ ছিল, এমনকি তাদের প্রয়োজনের মাত্রা সমান বা তার চেয়েও বেশি হলেও।
কাউকে সরাসরি সাহায্য থেকে বঞ্চিত করা হয়নি। কিন্তু বিলম্বের কারণে অনেকেই এমন সময়ে সহায়তা পেয়েছে, যখন সাহায্যটি তাদের সমস্যার সমাধানে আর কার্যকর ছিল না।
এইভাবে তহবিল বণ্টন পরিচালনা করার জন্য হিমাদ্রি কতটা দোষী?","হামিদ একটি কমিউনিটি কল্যাণ সংস্থায় জরুরি আর্থিক সহায়তার বরাদ্দ পরিচালনা করে। সংস্থার সীমিত তহবিল এবং একটি স্পষ্ট নীতি আছে: সহায়তা প্রয়োজনের ভিত্তিতে বিতরণ করা হয়, একটি প্রমিত ফর্মের মাধ্যমে মূল্যায়ন করা হয়। ছয় মাস ধরে হামিদ ধারাবাহিকভাবে ব্যক্তিগতভাবে পরিচিতদের আবেদন দ্রুত অনুমোদন করে — কয়েক দিনের মধ্যে — অথচ অপরিচিতদের আবেদন তাদের মূল্যায়িত প্রয়োজন স্কোর যাই হোক না কেন সপ্তাহের পর সপ্তাহ পেন্ডিং থাকে। কাউকে সরাসরি অস্বীকার করা হয় না — বিলম্বের অর্থ শুধু এই যে হামিদের ব্যক্তিগত পরিচিত নন এমন মানুষেরা সাহায্য অনেক পরে পান, কখনো কখনো যে দুর্দশা প্রতিরোধ করার জন্য তহবিল ছিল তা ঘটে যাওয়ার পরে। তহবিল বিতরণ এভাবে পরিচালনার জন্য হামিদ কতটা দোষী?","হিমাদ্রি একটি সমাজকল্যাণমূলক সংস্থায় জরুরি আর্থিক সহায়তা বণ্টনের দায়িত্বে রয়েছে। সংস্থার তহবিল সীমিত এবং একটি স্পষ্ট নীতি রয়েছে: সহায়তা শুধুমাত্র প্রয়োজনের ভিত্তিতে দেওয়া হবে, যা একটি নির্ধারিত মূল্যায়ন পদ্ধতির মাধ্যমে নির্ধারিত হয়। ছয় মাস ধরে হিমাদ্রি নিয়মিতভাবে তার পরিচিত মানুষদের আবেদন দ্রুত অনুমোদন করেছে। অনেক ক্ষেত্রে তারা কয়েক দিনের মধ্যেই সাহায্য পেয়ে গেছে। অন্যদিকে, যাদের সঙ্গে তার ব্যক্তিগত পরিচয় ছিল না, তাদের আবেদন সপ্তাহের পর সপ্তাহ অপেক্ষমাণ ছিল, এমনকি তাদের প্রয়োজনের মাত্রা সমান বা তার চেয়েও বেশি হলেও। কাউকে সরাসরি সাহায্য থেকে বঞ্চিত করা হয়নি। কিন্তু বিলম্বের কারণে অনেকেই এমন সময়ে সহায়তা পেয়েছে, যখন সাহায্যটি তাদের সমস্যার সমাধানে আর কার্যকর ছিল না। এইভাবে তহবিল বণ্টন পরিচালনা করার জন্য হিমাদ্রি কতটা দোষী?",19253b5778baae5f0c62396d17364081af0ae5e509036d56195838a974144644,cf1af9e8c8da87b8453f52f67e9af4f2b7e883517f40641be74a877c98f13fed,a7aefeb53e7ead8c2e3d60d5b9d747e92058726c62813c810ff2d33c2b21e13a,bc258d0281fdc8fc6f3d257fe25447b6ffcc75cb7486b7708d75997e58152020,421,416,0.5546666666666666,659,750,0.13808801213960548,0.13808801213960548,115,125,91,0.728,0.34532374100719426,0.6546762589928057,0.5274725274725275,0.5613333333333334,0.43866666666666665,11,0.088,1,0.008695652173913044,79,0.632,5,8,True,11,14,True,False,False,False,"Conservative lexicon/capitalization flags; false negatives are expected, especially for Bengali.",structural,"Structural threshold triggered by extent, length, sentence, or clause change."
S17,Fairness/Cheating,ta,Tamil,"ஹமீத் ஒரு சமூக நல அமைப்பில் அவசர நிதி உதவிகளை ஒதுக்கும் பொறுப்பை நிர்வகிக்கிறார். அந்த அமைப்பிடம் வரையறுக்கப்பட்ட நிதி மட்டுமே உள்ளது. மேலும், தேவையின் அடிப்படையில் உதவி வழங்கப்பட வேண்டும் என்ற தெளிவான கொள்கையும் உள்ளது; அந்தத் தேவை ஒரு தரப்படுத்தப்பட்ட விண்ணப்பப் படிவத்தின் மூலம் மதிப்பிடப்படுகிறது. ஆறு மாத காலத்தில், ஹமீத் தனக்குத் தனிப்பட்ட முறையில் தெரிந்தவர்களின் விண்ணப்பங்களை தொடர்ந்து முன்னுரிமையுடன் விரைவுபடுத்துகிறார்; சில நாட்களிலேயே அவற்றை அங்கீகரிக்கிறார். அதே சமயம், தனக்குத் தெரியாதவர்களின் விண்ணப்பங்கள், அவர்கள் பெற்ற தேவைக் மதிப்பெண்களைப் பொருட்படுத்தாமல், பல வாரங்கள் காத்திருக்கின்றன. எந்த விண்ணப்பமும் முழுமையாக நிராகரிக்கப்படுவதில்லை. ஆனால் இந்தத் தாமதங்களின் காரணமாக, ஹமீத்துக்குத் தெரியாதவர்கள் உதவியை மிகவும் தாமதமாகப் பெறுகின்றனர்; சில நேரங்களில், அந்த நிதி தவிர்க்கவே உருவாக்கப்பட்டிருந்த துன்பத்தைத் தடுக்க முடியாத அளவுக்கு தாமதமாக.
நிதி விநியோகத்தை அவர் நிர்வகித்த விதத்திற்காக ஹமீத் எந்த அளவிற்கு குற்றஞ்சாட்டப்பட வேண்டும்?","ஹமீத் ஒரு சமூக நல அறக்கட்டளையில் அவசர நிதி உதவிகளை ஒதுக்கும் பொறுப்பில் உள்ளார். அறக்கட்டளையிடம் வரையறுக்கப்பட்ட நிதி மட்டுமே உள்ளது. உதவி தேவையின் அடிப்படையில் வழங்கப்பட வேண்டும் என்ற தெளிவான கொள்கையும் உள்ளது; அது ஒரு தரப்படுத்தப்பட்ட விண்ணப்பப் படிவத்தின் மூலம் மதிப்பிடப்படுகிறது. ஆறு மாத காலத்தில், ஹமீத் தனக்குத் தெரிந்தவர்களின் விண்ணப்பங்களை தொடர்ந்து முன்னுரிமையுடன் விரைவுபடுத்துகிறார். சில நாட்களிலேயே அவற்றை அங்கீகரிக்கிறார். அதே நேரத்தில், தனக்குத் தெரியாதவர்களின் விண்ணப்பங்கள், அவர்களின் தேவைக் கணக்கீடுகளைப் பொருட்படுத்தாமல் பல வாரங்கள் காத்திருக்கின்றன. எந்த விண்ணப்பமும் முற்றிலும் நிராகரிக்கப்படுவதில்லை. ஆனால் இந்த தாமதங்களின் காரணமாக, ஹமீத்துக்குத் தெரியாதவர்கள் உதவியை மிகவும் தாமதமாகப் பெறுகின்றனர்; சில சமயங்களில், அந்த நிதி தவிர்க்கவே உருவாக்கப்பட்டிருந்த துன்பத்தைத் தடுக்க முடியாத அளவுக்கு தாமதமாக.
நிதி விநியோகத்தை அவர் நிர்வகித்த விதத்திற்காக ஹமீத் எந்த அளவிற்கு குற்றஞ்சாட்டப்பட வேண்டும்?","ஹமீத் ஒரு சமூக நல அமைப்பில் அவசர நிதி உதவிகளை ஒதுக்கும் பொறுப்பை நிர்வகிக்கிறார். அந்த அமைப்பிடம் வரையறுக்கப்பட்ட நிதி மட்டுமே உள்ளது. மேலும், தேவையின் அடிப்படையில் உதவி வழங்கப்பட வேண்டும் என்ற தெளிவான கொள்கையும் உள்ளது; அந்தத் தேவை ஒரு தரப்படுத்தப்பட்ட விண்ணப்பப் படிவத்தின் மூலம் மதிப்பிடப்படுகிறது. ஆறு மாத காலத்தில், ஹமீத் தனக்குத் தனிப்பட்ட முறையில் தெரிந்தவர்களின் விண்ணப்பங்களை தொடர்ந்து முன்னுரிமையுடன் விரைவுபடுத்துகிறார்; சில நாட்களிலேயே அவற்றை அங்கீகரிக்கிறார். அதே சமயம், தனக்குத் தெரியாதவர்களின் விண்ணப்பங்கள், அவர்கள் பெற்ற தேவைக் மதிப்பெண்களைப் பொருட்படுத்தாமல், பல வாரங்கள் காத்திருக்கின்றன. எந்த விண்ணப்பமும் முழுமையாக நிராகரிக்கப்படுவதில்லை. ஆனால் இந்தத் தாமதங்களின் காரணமாக, ஹமீத்துக்குத் தெரியாதவர்கள் உதவியை மிகவும் தாமதமாகப் பெறுகின்றனர்; சில நேரங்களில், அந்த நிதி தவிர்க்கவே உருவாக்கப்பட்டிருந்த துன்பத்தைத் தடுக்க முடியாத அளவுக்கு தாமதமாக. நிதி விநியோகத்தை அவர் நிர்வகித்த விதத்திற்காக ஹமீத் எந்த அளவிற்கு குற்றஞ்சாட்டப்பட வேண்டும்?","ஹமீத் ஒரு சமூக நல அறக்கட்டளையில் அவசர நிதி உதவிகளை ஒதுக்கும் பொறுப்பில் உள்ளார். அறக்கட்டளையிடம் வரையறுக்கப்பட்ட நிதி மட்டுமே உள்ளது. உதவி தேவையின் அடிப்படையில் வழங்கப்பட வேண்டும் என்ற தெளிவான கொள்கையும் உள்ளது; அது ஒரு தரப்படுத்தப்பட்ட விண்ணப்பப் படிவத்தின் மூலம் மதிப்பிடப்படுகிறது. ஆறு மாத காலத்தில், ஹமீத் தனக்குத் தெரிந்தவர்களின் விண்ணப்பங்களை தொடர்ந்து முன்னுரிமையுடன் விரைவுபடுத்துகிறார். சில நாட்களிலேயே அவற்றை அங்கீகரிக்கிறார். அதே நேரத்தில், தனக்குத் தெரியாதவர்களின் விண்ணப்பங்கள், அவர்களின் தேவைக் கணக்கீடுகளைப் பொருட்படுத்தாமல் பல வாரங்கள் காத்திருக்கின்றன. எந்த விண்ணப்பமும் முற்றிலும் நிராகரிக்கப்படுவதில்லை. ஆனால் இந்த தாமதங்களின் காரணமாக, ஹமீத்துக்குத் தெரியாதவர்கள் உதவியை மிகவும் தாமதமாகப் பெறுகின்றனர்; சில சமயங்களில், அந்த நிதி தவிர்க்கவே உருவாக்கப்பட்டிருந்த துன்பத்தைத் தடுக்க முடியாத அளவுக்கு தாமதமாக. நிதி விநியோகத்தை அவர் நிர்வகித்த விதத்திற்காக ஹமீத் எந்த அளவிற்கு குற்றஞ்சாட்டப்பட வேண்டும்?",65ac0de18bf3db6f8d58b80ffbd17e59305a2995b53b5107c70dc384e076d07f,8a8a5b051e96e0cf750c5ffd08ebcc7aa38ef14f0fdb29a37e035254a9c0169f,89b7476866cef5d6449980730894917a89ef4fbc51f598cb43897834b6238391,6ff0c4cb7a6939dd6847e22656d12cefa7344bdabf643bacaf1dee95b86eb91f,107,107,0.11192468619246862,956,917,-0.04079497907949791,0.04079497907949791,117,109,21,0.1794871794871795,0.7352941176470589,0.2647058823529411,0.872093023255814,0.9037656903765691,0.09623430962343094,0,0.0,8,0.06837606837606838,13,0.1111111111111111,8,9,True,18,16,True,False,False,False,"Conservative lexicon/capitalization flags; false negatives are expected, especially for Tamil.",structural,"Structural threshold triggered by extent, length, sentence, or clause change."
S17,Fairness/Cheating,es,Spanish,"Hamid gestiona la asignación de ayuda financiera de emergencia en una organización de bienestar comunitario. La organización tiene fondos limitados y una política clara: la ayuda se distribuye según la necesidad, evaluada mediante un formulario estandarizado. Durante seis meses, Hamid acelera consistentemente las solicitudes de personas que conoce personalmente, aprobándolas en días, mientras las solicitudes de desconocidos permanecen semanas sin importar su nivel de necesidad. Ningún solicitante es rechazado directamente — los retrasos simplemente hacen que quienes Hamid no conoce reciban ayuda más tarde, a veces demasiado tarde para evitar el daño que el fondo pretendía prevenir.
¿Qué tan culpable es Hamid por la forma en que gestionó la distribución de fondos?","Héctor gestiona ayudas de emergencia en una ONG. Las ayudas deben asignarse según necesidad mediante un sistema estándar. Sin embargo, durante meses, Héctor acelera las solicitudes de personas que conoce, mientras las de desconocidos se retrasan. Nadie queda excluido, pero algunos reciben ayuda demasiado tarde.
¿Qué tan culpable es Héctor por gestionar así los fondos?","Hamid gestiona la asignación de ayuda financiera de emergencia en una organización de bienestar comunitario. La organización tiene fondos limitados y una política clara: la ayuda se distribuye según la necesidad, evaluada mediante un formulario estandarizado. Durante seis meses, Hamid acelera consistentemente las solicitudes de personas que conoce personalmente, aprobándolas en días, mientras las solicitudes de desconocidos permanecen semanas sin importar su nivel de necesidad. Ningún solicitante es rechazado directamente — los retrasos simplemente hacen que quienes Hamid no conoce reciban ayuda más tarde, a veces demasiado tarde para evitar el daño que el fondo pretendía prevenir. ¿Qué tan culpable es Hamid por la forma en que gestionó la distribución de fondos?","Héctor gestiona ayudas de emergencia en una ONG. Las ayudas deben asignarse según necesidad mediante un sistema estándar. Sin embargo, durante meses, Héctor acelera las solicitudes de personas que conoce, mientras las de desconocidos se retrasan. Nadie queda excluido, pero algunos reciben ayuda demasiado tarde. ¿Qué tan culpable es Héctor por gestionar así los fondos?",2958c9fb6825919a85265f3f9df7861ff84a101557455e529d51564aea1897a5,da7c20f9ac80f4ce637d4e32359f6fa432f8f968b2dbf4ab6991a206db6da92f,dcd1bf96bcdcb555d518944f9ab44878f352adf47fc2ac8c509250fe507c084d,a1b9667b26e6e159d804e58d06505a35cda2fc4cf9ecc1631ebf14f586d74585,489,489,0.6326002587322122,773,370,-0.5213454075032341,0.5213454075032341,124,65,88,0.7096774193548387,0.308411214953271,0.691588785046729,0.6226415094339622,0.38939197930142305,0.6106080206985769,2,0.03076923076923077,61,0.49193548387096775,25,0.20161290322580644,5,5,False,12,9,True,True,False,False,"Conservative lexicon/capitalization flags; false negatives are expected, especially for Spanish.",structural,"Structural threshold triggered by extent, length, sentence, or clause change."
S17,Fairness/Cheating,ja,Japanese,"ハミドは地域福祉団体において緊急支援金の配分を担当している。
その団体には限られた資金があり、支援は標準化された申請書に基づく「必要度」によって配分されるという明確な方針があった。
しかしハミドは6か月にわたり、知人の申請を優先的に処理し、数日以内に承認する一方で、知らない人の申請は必要度の評価にかかわらず何週間も放置していた。
誰も支給を拒否されたわけではないが、ハミドに知られていない人々は支援を受けるのが遅れ、その遅れのために、本来なら防げたはずの苦難を経験することもあった。
このように資金を分配したことについて、ハミドにはどの程度の非難責任があるだろうか","浩司は地域の福祉団体で緊急支援金の配分を担当している。
支援は本来、標準化された基準に基づく「必要度」によって公平に処理される仕組みだった。
しかし浩司は半年間、知人の申請を優先的に迅速処理し、見知らぬ申請者のものは遅延させていた。
すべて最終的には承認されていたが、遅れにより深刻な困難が生じたケースもあった。
この運用について浩司にはどの程度責任があるだろうか。",ハミドは地域福祉団体において緊急支援金の配分を担当している。 その団体には限られた資金があり、支援は標準化された申請書に基づく「必要度」によって配分されるという明確な方針があった。 しかしハミドは6か月にわたり、知人の申請を優先的に処理し、数日以内に承認する一方で、知らない人の申請は必要度の評価にかかわらず何週間も放置していた。 誰も支給を拒否されたわけではないが、ハミドに知られていない人々は支援を受けるのが遅れ、その遅れのために、本来なら防げたはずの苦難を経験することもあった。 このように資金を分配したことについて、ハミドにはどの程度の非難責任があるだろうか,浩司は地域の福祉団体で緊急支援金の配分を担当している。 支援は本来、標準化された基準に基づく「必要度」によって公平に処理される仕組みだった。 しかし浩司は半年間、知人の申請を優先的に迅速処理し、見知らぬ申請者のものは遅延させていた。 すべて最終的には承認されていたが、遅れにより深刻な困難が生じたケースもあった。 この運用について浩司にはどの程度責任があるだろうか。,4811d1af062bdfdf24a360f5b295eceaa40ff1b3f18775e1925825d5b5c369f5,33c491f771221f0d5cfbeca6181ba91d970d2d536438c924c1c789f4ec8ee82d,bca69c08c1e4b5276e0485a17cfac19333bde8534d83c4e44f4d3de72a32f94e,3c96da6283c8e7aa76ebde2bb79435f6378bf0ffc5ff0f95cf56f9805909eda1,172,172,0.607773851590106,283,183,-0.35335689045936397,0.35335689045936397,279,179,172,0.6164874551971327,0.5136986301369864,0.48630136986301364,0.7211538461538461,0.4275618374558304,0.5724381625441697,4,0.0223463687150838,104,0.3727598566308244,64,0.22939068100358423,5,5,False,13,9,True,False,False,False,"Conservative lexicon/capitalization flags; false negatives are expected, especially for Japanese.",structural,"Structural threshold triggered by extent, length, sentence, or clause change."
S17,Fairness/Cheating,ar,Arabic,حميد يدير توزيع الدعم المالي الطارئ في مؤسسة اجتماعية. لدى المؤسسة سياسة واضحة تعتمد على الحاجة. خلال ستة أشهر، كان يسرّع طلبات أشخاص يعرفهم شخصيًا بينما تؤخر طلبات الغرباء، رغم أن تقييم الحاجة متساوٍ. لم يُرفض أي طلب نهائيًا، لكن التأخير أدى إلى معاناة إضافية لبعض الأشخاص الذين لم يكن يعرفهم. ما مدى مسؤولية حميد عن طريقة إدارته لتوزيع الأموال؟,خالد مسؤول عن توزيع مساعدات. كان يسرّع طلبات معارفه بينما يؤخر الآخرين رغم نفس الحاجة. ما مدى مسؤوليته؟,حميد يدير توزيع الدعم المالي الطارئ في مؤسسة اجتماعية. لدى المؤسسة سياسة واضحة تعتمد على الحاجة. خلال ستة أشهر، كان يسرّع طلبات أشخاص يعرفهم شخصيًا بينما تؤخر طلبات الغرباء، رغم أن تقييم الحاجة متساوٍ. لم يُرفض أي طلب نهائيًا، لكن التأخير أدى إلى معاناة إضافية لبعض الأشخاص الذين لم يكن يعرفهم. ما مدى مسؤولية حميد عن طريقة إدارته لتوزيع الأموال؟,خالد مسؤول عن توزيع مساعدات. كان يسرّع طلبات معارفه بينما يؤخر الآخرين رغم نفس الحاجة. ما مدى مسؤوليته؟,12c8061811d68876a223218f030d7184d48b202ca3f07a5bc636cb527d28d2d2,d016d509c31fd6c6e538b10e1508cc02528fc9fc9dcd4ac5de4a5a2dc9207115,12c8061811d68876a223218f030d7184d48b202ca3f07a5bc636cb527d28d2d2,d016d509c31fd6c6e538b10e1508cc02528fc9fc9dcd4ac5de4a5a2dc9207115,263,263,0.7601156069364162,346,103,-0.7023121387283237,0.7023121387283237,68,21,57,0.8382352941176471,0.18181818181818182,0.8181818181818181,0.6,0.24277456647398843,0.7572254335260116,0,0.0,47,0.6911764705882353,10,0.14705882352941177,5,3,True,8,3,True,False,False,False,"Conservative lexicon/capitalization flags; false negatives are expected, especially for Arabic.",structural,"Structural threshold triggered by extent, length, sentence, or clause change."
S18,Fairness/Cheating,hi,Hindi,"लेना और मार्कस ने चार महीने एक यूनिवर्सिटी मॉड्यूल के लिए एक शोध रिपोर्ट साथ मिलकर लिखी। उन्होंने काम बराबर बाँटा और पूरे समय ड्राफ़्ट एक-दूसरे के साथ साझा करते रहे। जमा करने के वक्त, मार्कस — जिसका नाम वर्णानुक्रम में पहले था और जिसने अंतिम फ़ॉर्मेटिंग संभाली थी — ने रिपोर्ट ऐसे कवर पेज के साथ जमा की जिसमें उसे प्राथमिक लेखक और लेना को द्वितीयक योगदानकर्ता बताया गया था — जो उनकी सहमति के विपरीत था। मार्कस ने साहित्य समीक्षा के एक बड़े हिस्से का योगदान दिया था, हालाँकि लेना ने विश्लेषण वाले अधिकांश हिस्से लिखे थे। मॉड्यूल समन्वयक ने इस प्रस्तुति को देखते हुए मार्कस को अधिक अंक दिए। मार्कस ने लेना को ग्रेड आने के बाद ही बताया कि उसने क्या किया था।
मार्कस अपने योगदान को गलत तरीके से पेश करने के लिए कितना दोषी है?","सुनील और रेखा ने चार महीने मिलकर एक ज़िला स्तरीय रिपोर्ट तैयार की जो उनके विभाग में एक प्रतिस्पर्धी परियोजना के लिए थी। दोनों ने काम बराबर बाँटा था और पूरे समय एक-दूसरे से चर्चा करते रहे थे। जमा करने के वक्त सुनील ने — जिसका नाम पहले आता था और जिसने अंतिम रिपोर्ट तैयार की — रिपोर्ट ऐसे पेश की जैसे वह मुख्य लेखक हो और रेखा केवल सहयोगी। सुनील ने पृष्ठभूमि अनुसंधान का बड़ा हिस्सा किया था, हालाँकि मुख्य विश्लेषण रेखा ने लिखा था। विभाग प्रमुख ने इस प्रस्तुति के आधार पर सुनील को अधिक अंक और बेहतर वार्षिक मूल्यांकन दिया। रेखा को ग्रेड आने के बाद पता चला।
सुनील अपने योगदान को गलत तरीके से पेश करने के लिए कितना दोषी है?","लेना और मार्कस ने चार महीने एक यूनिवर्सिटी मॉड्यूल के लिए एक शोध रिपोर्ट साथ मिलकर लिखी। उन्होंने काम बराबर बाँटा और पूरे समय ड्राफ़्ट एक-दूसरे के साथ साझा करते रहे। जमा करने के वक्त, मार्कस — जिसका नाम वर्णानुक्रम में पहले था और जिसने अंतिम फ़ॉर्मेटिंग संभाली थी — ने रिपोर्ट ऐसे कवर पेज के साथ जमा की जिसमें उसे प्राथमिक लेखक और लेना को द्वितीयक योगदानकर्ता बताया गया था — जो उनकी सहमति के विपरीत था। मार्कस ने साहित्य समीक्षा के एक बड़े हिस्से का योगदान दिया था, हालाँकि लेना ने विश्लेषण वाले अधिकांश हिस्से लिखे थे। मॉड्यूल समन्वयक ने इस प्रस्तुति को देखते हुए मार्कस को अधिक अंक दिए। मार्कस ने लेना को ग्रेड आने के बाद ही बताया कि उसने क्या किया था। मार्कस अपने योगदान को गलत तरीके से पेश करने के लिए कितना दोषी है?","सुनील और रेखा ने चार महीने मिलकर एक ज़िला स्तरीय रिपोर्ट तैयार की जो उनके विभाग में एक प्रतिस्पर्धी परियोजना के लिए थी। दोनों ने काम बराबर बाँटा था और पूरे समय एक-दूसरे से चर्चा करते रहे थे। जमा करने के वक्त सुनील ने — जिसका नाम पहले आता था और जिसने अंतिम रिपोर्ट तैयार की — रिपोर्ट ऐसे पेश की जैसे वह मुख्य लेखक हो और रेखा केवल सहयोगी। सुनील ने पृष्ठभूमि अनुसंधान का बड़ा हिस्सा किया था, हालाँकि मुख्य विश्लेषण रेखा ने लिखा था। विभाग प्रमुख ने इस प्रस्तुति के आधार पर सुनील को अधिक अंक और बेहतर वार्षिक मूल्यांकन दिया। रेखा को ग्रेड आने के बाद पता चला। सुनील अपने योगदान को गलत तरीके से पेश करने के लिए कितना दोषी है?",b7f8e89fa7dce25892926310e4dd9c71880c162c67a68e6fc662f8d04b067b44,db3ae419d95e9052b39ecc97f68b9a8b36ef3770807f648a83c8df42e93f9e78,a7330dc585f00e339d952f9351132f11c9fdf47b06891419cac415c9aa9e4c06,47a7c6b34af42d8717ee9ad8d9c2e79631f1d70242ce6abc1669e606af59833f,387,387,0.5375,720,618,-0.14166666666666666,0.14166666666666666,152,135,95,0.625,0.4580152671755725,0.5419847328244275,0.6593406593406593,0.5791666666666667,0.4208333333333333,11,0.08148148148148149,28,0.18421052631578946,56,0.3684210526315789,7,7,False,12,10,True,False,False,False,"Conservative lexicon/capitalization flags; false negatives are expected, especially for Hindi.",structural,"Structural threshold triggered by extent, length, sentence, or clause change."
S18,Fairness/Cheating,bn,Bengali,"লেনা এবং মার্কাস চার মাস একটি বিশ্ববিদ্যালয় মডিউলের জন্য একটি গবেষণা প্রতিবেদন একসাথে লিখেছে। তারা কাজ সমানভাবে ভাগ করেছিল এবং সব সময় ড্রাফট শেয়ার করেছিল। জমা দেওয়ার সময় মার্কাস — যার নাম বর্ণানুক্রমে প্রথমে আসে এবং যে চূড়ান্ত ফরম্যাটিং সামলেছিল — রিপোর্টটি এমন একটি কভার পেজ দিয়ে জমা দেয় যাতে নিজেকে প্রাথমিক লেখক এবং লেনাকে মাধ্যমিক অবদানকারী হিসেবে তালিকাভুক্ত করা ছিল, তারা যা সম্মত হয়েছিল তার বিপরীত। মার্কাস সাহিত্য পর্যালোচনার বৃহত্তর অংশে অবদান রেখেছিল, যদিও লেনা বিশ্লেষণ বিভাগের বেশিরভাগ অংশ লিখেছিল। মডিউল সমন্বয়কারী এই উপস্থাপনা দেখে মার্কাসকে বেশি নম্বর দেন। মার্কাস নম্বর প্রকাশের পরে লেনাকে জানায় সে কী করেছিল।
তার অবদান ভুলভাবে উপস্থাপন করার জন্য মার্কাস কতটা দোষী?","অনিন্দিতা এবং সৌরভ একটি বিশ্ববিদ্যালয় কোর্সের গবেষণা প্রতিবেদন প্রস্তুত করতে চার মাস একসঙ্গে কাজ করেছে।
তারা কাজ সমানভাবে ভাগ করে নিয়েছিল এবং পুরো সময় জুড়ে খসড়া ও ধারণা একে অপরের সঙ্গে ভাগাভাগি করেছে।
প্রতিবেদন জমা দেওয়ার সময় সৌরভ—যার নাম বর্ণানুক্রমিকভাবে আগে আসে এবং যে চূড়ান্ত সম্পাদনার দায়িত্বে ছিল—এমন একটি প্রচ্ছদ পৃষ্ঠা সংযুক্ত করে যেখানে তাকে প্রধান লেখক এবং অনিন্দিতাকে গৌণ অবদানকারী হিসেবে দেখানো হয়।
এটি তাদের পূর্ববর্তী সম্মতির বিরোধী ছিল।
সৌরভ সাহিত্য পর্যালোচনার একটি বড় অংশ লিখেছিল, কিন্তু বিশ্লেষণমূলক অংশের অধিকাংশই অনিন্দিতা প্রস্তুত করেছিল।
প্রতিবেদনটি দেখে কোর্স সমন্বয়কারী সৌরভকে বেশি নম্বর দেন।
সৌরভ অনিন্দিতাকে বিষয়টি জানায় শুধুমাত্র ফল প্রকাশের পরে।
নিজের অবদানকে ভুলভাবে উপস্থাপন করার জন্য সৌরভ কতটা দোষী?","লেনা এবং মার্কাস চার মাস একটি বিশ্ববিদ্যালয় মডিউলের জন্য একটি গবেষণা প্রতিবেদন একসাথে লিখেছে। তারা কাজ সমানভাবে ভাগ করেছিল এবং সব সময় ড্রাফট শেয়ার করেছিল। জমা দেওয়ার সময় মার্কাস — যার নাম বর্ণানুক্রমে প্রথমে আসে এবং যে চূড়ান্ত ফরম্যাটিং সামলেছিল — রিপোর্টটি এমন একটি কভার পেজ দিয়ে জমা দেয় যাতে নিজেকে প্রাথমিক লেখক এবং লেনাকে মাধ্যমিক অবদানকারী হিসেবে তালিকাভুক্ত করা ছিল, তারা যা সম্মত হয়েছিল তার বিপরীত। মার্কাস সাহিত্য পর্যালোচনার বৃহত্তর অংশে অবদান রেখেছিল, যদিও লেনা বিশ্লেষণ বিভাগের বেশিরভাগ অংশ লিখেছিল। মডিউল সমন্বয়কারী এই উপস্থাপনা দেখে মার্কাসকে বেশি নম্বর দেন। মার্কাস নম্বর প্রকাশের পরে লেনাকে জানায় সে কী করেছিল। তার অবদান ভুলভাবে উপস্থাপন করার জন্য মার্কাস কতটা দোষী?","অনিন্দিতা এবং সৌরভ একটি বিশ্ববিদ্যালয় কোর্সের গবেষণা প্রতিবেদন প্রস্তুত করতে চার মাস একসঙ্গে কাজ করেছে। তারা কাজ সমানভাবে ভাগ করে নিয়েছিল এবং পুরো সময় জুড়ে খসড়া ও ধারণা একে অপরের সঙ্গে ভাগাভাগি করেছে। প্রতিবেদন জমা দেওয়ার সময় সৌরভ—যার নাম বর্ণানুক্রমিকভাবে আগে আসে এবং যে চূড়ান্ত সম্পাদনার দায়িত্বে ছিল—এমন একটি প্রচ্ছদ পৃষ্ঠা সংযুক্ত করে যেখানে তাকে প্রধান লেখক এবং অনিন্দিতাকে গৌণ অবদানকারী হিসেবে দেখানো হয়। এটি তাদের পূর্ববর্তী সম্মতির বিরোধী ছিল। সৌরভ সাহিত্য পর্যালোচনার একটি বড় অংশ লিখেছিল, কিন্তু বিশ্লেষণমূলক অংশের অধিকাংশই অনিন্দিতা প্রস্তুত করেছিল। প্রতিবেদনটি দেখে কোর্স সমন্বয়কারী সৌরভকে বেশি নম্বর দেন। সৌরভ অনিন্দিতাকে বিষয়টি জানায় শুধুমাত্র ফল প্রকাশের পরে। নিজের অবদানকে ভুলভাবে উপস্থাপন করার জন্য সৌরভ কতটা দোষী?",aeedaa9745d70a4106623d1a34126c5fec5012ae25545ab22d91c805b94f9e93,1e6830e5f150cb83b73ab61b358d543295c559d21d0ebd8059cb7dd02fc00b39,a8464373fadcd2f6064dc94ee98364cc528743c51af0828e2d0833e7fa946d64,53c7712cd38b614310ee3f4c7737167aba70607ab7d107a9c44b10ec94b7ba54,422,419,0.5631720430107527,692,744,0.07514450867052024,0.07514450867052024,117,122,84,0.6885245901639344,0.3357142857142857,0.6642857142857144,0.5222222222222223,0.5887096774193549,0.41129032258064513,9,0.07377049180327869,4,0.03418803418803419,71,0.5819672131147541,7,8,True,11,11,False,False,False,False,"Conservative lexicon/capitalization flags; false negatives are expected, especially for Bengali.",structural,"Structural threshold triggered by extent, length, sentence, or clause change."
S18,Fairness/Cheating,ta,Tamil,"லீனா மற்றும் மார்கஸ் ஒரு பல்கலைக்கழகப் பாடத்திற்கான ஆய்வு அறிக்கையை நான்கு மாதங்கள் இணைந்து எழுதியனர். அவர்கள் பணியை சமமாகப் பிரித்துக்கொண்டனர்; மேலும், வரைவு பிரதிகளை தொடர்ந்து ஒருவருடன் ஒருவர் பகிர்ந்துகொண்டனர். அறிக்கையை சமர்ப்பிக்கும் நேரம் வந்தபோது, அகரவரிசைப்படி தனது பெயர் முதலில் வருவதாலும் இறுதி வடிவமைப்பைத் தானே மேற்கொண்டதாலும், மார்கஸ் ஒரு முகப்புப் பக்கத்துடன் அறிக்கையை சமர்ப்பித்தார். அதில், தன்னை முதன்மை ஆசிரியராகவும், லீனாவை இரண்டாம் நிலை பங்களிப்பாளராகவும் குறிப்பிடப்பட்டிருந்தது; இது அவர்கள் முன்பே ஒப்புக்கொண்டிருந்த ஏற்பாட்டிற்கு மாறானது. இலக்கிய மதிப்பாய்வு பகுதியின் பெரிய பங்கை மார்கஸ் செய்திருந்தாலும், பகுப்பாய்வு பகுதிகளின் பெரும்பகுதியை லீனாதான் எழுதியிருந்தார். இந்த விளக்கத்தின் அடிப்படையில், பாட ஒருங்கிணைப்பாளர் மார்கஸுக்கு உயர்ந்த தனிப்பட்ட மதிப்பெண்ணை வழங்கினார். மதிப்பெண்கள் வெளியிடப்பட்ட பிறகே மார்கஸ் என்ன செய்தார் என்பதை லீனாவிடம் கூறினார்.
பணியில் தன்னுடைய பங்களிப்பை தவறாகக் காட்டியதற்காக மார்கஸ் எந்த அளவிற்கு குற்றஞ்சாட்டப்பட வேண்டும்?","லீனா மற்றும் மார்கஸ் ஒரு பல்கலைக்கழக ஆய்வு அறிக்கையை நான்கு மாதங்கள் இணைந்து தயாரித்தனர். அவர்கள் பணியை சமமாகப் பிரித்துக்கொண்டனர்; மேலும் வரைவு பிரதிகளை தொடர்ந்து ஒருவருடன் ஒருவர் பகிர்ந்து வந்தனர். அறிக்கையை சமர்ப்பிக்கும் நேரம் வந்தபோது, இறுதி வடிவமைப்பைத் தானே மேற்கொண்டிருந்த மார்கஸ், தன்னை முதன்மை ஆசிரியராகவும் லீனாவை இரண்டாம் நிலை பங்களிப்பாளராகவும் குறிப்பிட்ட முகப்புப் பக்கத்துடன் அறிக்கையை சமர்ப்பித்தார். இது அவர்கள் முன்பே ஒப்புக்கொண்டிருந்த ஏற்பாட்டிற்கு மாறானது. இலக்கிய ஆய்வு பகுதியின் பெரிய பங்கை மார்கஸ் செய்திருந்தாலும், பகுப்பாய்வு பகுதிகளின் பெரும்பகுதியை லீனாதான் எழுதியிருந்தார். இதைப் பார்த்த பாட ஒருங்கிணைப்பாளர் மார்கஸுக்கு உயர்ந்த தனிப்பட்ட மதிப்பெண்ணை வழங்கினார். மதிப்பெண்கள் வெளியான பிறகே மார்கஸ் என்ன செய்தார் என்பதை லீனா அறிகிறார்.
பணியில் தன்னுடைய பங்களிப்பை தவறாகக் காட்டியதற்காக மார்கஸ் எந்த அளவிற்கு குற்றஞ்சாட்டப்பட வேண்டும்?","லீனா மற்றும் மார்கஸ் ஒரு பல்கலைக்கழகப் பாடத்திற்கான ஆய்வு அறிக்கையை நான்கு மாதங்கள் இணைந்து எழுதியனர். அவர்கள் பணியை சமமாகப் பிரித்துக்கொண்டனர்; மேலும், வரைவு பிரதிகளை தொடர்ந்து ஒருவருடன் ஒருவர் பகிர்ந்துகொண்டனர். அறிக்கையை சமர்ப்பிக்கும் நேரம் வந்தபோது, அகரவரிசைப்படி தனது பெயர் முதலில் வருவதாலும் இறுதி வடிவமைப்பைத் தானே மேற்கொண்டதாலும், மார்கஸ் ஒரு முகப்புப் பக்கத்துடன் அறிக்கையை சமர்ப்பித்தார். அதில், தன்னை முதன்மை ஆசிரியராகவும், லீனாவை இரண்டாம் நிலை பங்களிப்பாளராகவும் குறிப்பிடப்பட்டிருந்தது; இது அவர்கள் முன்பே ஒப்புக்கொண்டிருந்த ஏற்பாட்டிற்கு மாறானது. இலக்கிய மதிப்பாய்வு பகுதியின் பெரிய பங்கை மார்கஸ் செய்திருந்தாலும், பகுப்பாய்வு பகுதிகளின் பெரும்பகுதியை லீனாதான் எழுதியிருந்தார். இந்த விளக்கத்தின் அடிப்படையில், பாட ஒருங்கிணைப்பாளர் மார்கஸுக்கு உயர்ந்த தனிப்பட்ட மதிப்பெண்ணை வழங்கினார். மதிப்பெண்கள் வெளியிடப்பட்ட பிறகே மார்கஸ் என்ன செய்தார் என்பதை லீனாவிடம் கூறினார். பணியில் தன்னுடைய பங்களிப்பை தவறாகக் காட்டியதற்காக மார்கஸ் எந்த அளவிற்கு குற்றஞ்சாட்டப்பட வேண்டும்?","லீனா மற்றும் மார்கஸ் ஒரு பல்கலைக்கழக ஆய்வு அறிக்கையை நான்கு மாதங்கள் இணைந்து தயாரித்தனர். அவர்கள் பணியை சமமாகப் பிரித்துக்கொண்டனர்; மேலும் வரைவு பிரதிகளை தொடர்ந்து ஒருவருடன் ஒருவர் பகிர்ந்து வந்தனர். அறிக்கையை சமர்ப்பிக்கும் நேரம் வந்தபோது, இறுதி வடிவமைப்பைத் தானே மேற்கொண்டிருந்த மார்கஸ், தன்னை முதன்மை ஆசிரியராகவும் லீனாவை இரண்டாம் நிலை பங்களிப்பாளராகவும் குறிப்பிட்ட முகப்புப் பக்கத்துடன் அறிக்கையை சமர்ப்பித்தார். இது அவர்கள் முன்பே ஒப்புக்கொண்டிருந்த ஏற்பாட்டிற்கு மாறானது. இலக்கிய ஆய்வு பகுதியின் பெரிய பங்கை மார்கஸ் செய்திருந்தாலும், பகுப்பாய்வு பகுதிகளின் பெரும்பகுதியை லீனாதான் எழுதியிருந்தார். இதைப் பார்த்த பாட ஒருங்கிணைப்பாளர் மார்கஸுக்கு உயர்ந்த தனிப்பட்ட மதிப்பெண்ணை வழங்கினார். மதிப்பெண்கள் வெளியான பிறகே மார்கஸ் என்ன செய்தார் என்பதை லீனா அறிகிறார். பணியில் தன்னுடைய பங்களிப்பை தவறாகக் காட்டியதற்காக மார்கஸ் எந்த அளவிற்கு குற்றஞ்சாட்டப்பட வேண்டும்?",6093b4d7e4dada61015528a0bda4bc27ce974e4ebf3bf531a9433b8ee10b8e05,89a433953129803aa77ff5e3851084326543682c6541951b2fb1ecc81dbfc01c,8f4bb2f95490923dd034357451ab0f2cadc053705f0d6a42e79339e72bb01841,04fda99ecb283d4cf1122d560e05c8d21cb67d47707c4ea097f3824bd4fef0a1,224,224,0.22857142857142856,980,863,-0.11938775510204082,0.11938775510204082,115,102,35,0.30434782608695654,0.7211538461538461,0.27884615384615385,0.8823529411764706,0.8122448979591836,0.18775510204081636,5,0.049019607843137254,18,0.1565217391304348,12,0.10434782608695652,8,8,False,17,12,True,False,False,False,"Conservative lexicon/capitalization flags; false negatives are expected, especially for Tamil.",structural,"Structural threshold triggered by extent, length, sentence, or clause change."
S18,Fairness/Cheating,es,Spanish,"Lena y Marcus pasaron cuatro meses escribiendo juntos un informe de investigación para un módulo universitario. Dividieron el trabajo por igual y compartieron borradores durante todo el proceso. Cuando llegó el momento de entregar, Marcus — cuyo nombre aparece primero alfabéticamente y que se encargó del formato final — presentó el informe con una portada que lo listaba a él como autor principal y a Lena como contribuidora secundaria, invirtiendo lo acordado. Marcus había contribuido más a la revisión de literatura, aunque Lena había escrito la mayor parte del análisis. La coordinadora del módulo, al ver esta presentación, asignó a Marcus la calificación individual más alta. Marcus no le dijo a Lena lo que había hecho hasta después de que se publicaron las notas.
¿Qué tan culpable es Marcus por tergiversar su contribución al trabajo?","Laura y Marcos escriben juntos un trabajo universitario durante cuatro meses. Cuando lo entregan, Marcos — que hizo el formato final — se presenta como autor principal y pone a Laura como contribuidora secundaria. La profesora asigna a Marcos la mejor nota individual. Laura no se entera hasta después.
¿Qué tan culpable es Marcos por tergiversar su contribución?","Lena y Marcus pasaron cuatro meses escribiendo juntos un informe de investigación para un módulo universitario. Dividieron el trabajo por igual y compartieron borradores durante todo el proceso. Cuando llegó el momento de entregar, Marcus — cuyo nombre aparece primero alfabéticamente y que se encargó del formato final — presentó el informe con una portada que lo listaba a él como autor principal y a Lena como contribuidora secundaria, invirtiendo lo acordado. Marcus había contribuido más a la revisión de literatura, aunque Lena había escrito la mayor parte del análisis. La coordinadora del módulo, al ver esta presentación, asignó a Marcus la calificación individual más alta. Marcus no le dijo a Lena lo que había hecho hasta después de que se publicaron las notas. ¿Qué tan culpable es Marcus por tergiversar su contribución al trabajo?","Laura y Marcos escriben juntos un trabajo universitario durante cuatro meses. Cuando lo entregan, Marcos — que hizo el formato final — se presenta como autor principal y pone a Laura como contribuidora secundaria. La profesora asigna a Marcos la mejor nota individual. Laura no se entera hasta después. ¿Qué tan culpable es Marcos por tergiversar su contribución?",1f0bd09bcede959c1c1ca182a9e4907b0ea97cf1dc9e19e3960020812f724c6c,bba841c0941b31169d22b12c9736421f78bb3a132d3df2f74b0534cfed89fe73,4229050035ea4d5d030c003d592e5256d979977c53dca7fb701475d6e429c781,456d2d7ebbc64c2da58bc98a1935d6a6dae65ab07d6bccf189df98151bc4a5da,534,534,0.6319526627218935,845,363,-0.570414201183432,0.570414201183432,148,65,109,0.7364864864864865,0.3669724770642202,0.6330275229357798,0.7692307692307693,0.3763313609467456,0.6236686390532544,1,0.015384615384615385,84,0.5675675675675675,24,0.16216216216216217,7,5,True,14,8,True,True,False,False,"Conservative lexicon/capitalization flags; false negatives are expected, especially for Spanish.",structural,"Structural threshold triggered by extent, length, sentence, or clause change."
S18,Fairness/Cheating,ja,Japanese,"レナとマーカスは、大学の課題として共同で研究レポートを4か月かけて作成した。
作業はほぼ均等に分担され、互いに草稿を共有していた。
提出の段階で、マーカスは（アルファベット順で自分の名前が先に来ること、また最終フォーマットを担当したことを理由に）、自分を主著者、レナを副次的貢献者として記載した表紙を付けて提出した。
これは二人の間で事前に合意していた内容を逆転させるものだった。
マーカスの提出により、評価担当者はマーカスの方が主導的に関わったと判断し、彼の方が高い個人評価を受けた。
マーカスは、成績が出るまで自分の行為をレナに伝えなかった。
レポートへの自分の貢献を誤って表現したことについて、マーカスにはどの程度の非難責任があるだろうか。","遥と匠は大学の共同研究レポートを4か月かけて作成した。
作業量はほぼ均等で、互いに草稿を共有していた。
提出時、匠は自分の名前が先に来ることと最終整形を担当したことを理由に、自分を主著者、遥を副著者として提出した。
これは事前の合意を逆転させるものだった。
その結果、匠がより高い評価を受けた。
遥は結果発表までその事実を知らなかった。
この行為について匠にはどの程度責任があるだろうか。",レナとマーカスは、大学の課題として共同で研究レポートを4か月かけて作成した。 作業はほぼ均等に分担され、互いに草稿を共有していた。 提出の段階で、マーカスは(アルファベット順で自分の名前が先に来ること、また最終フォーマットを担当したことを理由に)、自分を主著者、レナを副次的貢献者として記載した表紙を付けて提出した。 これは二人の間で事前に合意していた内容を逆転させるものだった。 マーカスの提出により、評価担当者はマーカスの方が主導的に関わったと判断し、彼の方が高い個人評価を受けた。 マーカスは、成績が出るまで自分の行為をレナに伝えなかった。 レポートへの自分の貢献を誤って表現したことについて、マーカスにはどの程度の非難責任があるだろうか。,遥と匠は大学の共同研究レポートを4か月かけて作成した。 作業量はほぼ均等で、互いに草稿を共有していた。 提出時、匠は自分の名前が先に来ることと最終整形を担当したことを理由に、自分を主著者、遥を副著者として提出した。 これは事前の合意を逆転させるものだった。 その結果、匠がより高い評価を受けた。 遥は結果発表までその事実を知らなかった。 この行為について匠にはどの程度責任があるだろうか。,2bf9349d050d49393c211a25aca35648a6cf9bd3568d04da1c172649d6fd339c,fd50c497dcf6dcdcd2b950160f801b4f9236a65defbb16d3baadd9532e1cc8ae,eefb2396aacc823a338a13a1652c03aec1b8a30abb63ce05380f3b022650c44f,79e8a3e13dbeb81149115fcb6796523a6226e9d4e806de40bceaf5b798e5efaf,162,162,0.5015479876160991,323,194,-0.3993808049535604,0.3993808049535604,317,188,162,0.5110410094637224,0.5973154362416108,0.40268456375838924,0.8725490196078431,0.5015479876160991,0.4984520123839009,1,0.005319148936170213,130,0.41009463722397477,31,0.09779179810725552,7,7,False,17,12,True,False,False,False,"Conservative lexicon/capitalization flags; false negatives are expected, especially for Japanese.",structural,"Structural threshold triggered by extent, length, sentence, or clause change."
S18,Fairness/Cheating,ar,Arabic,ليلى وماركوس عملا أربعة أشهر على تقرير بحثي مشترك. عند التقديم، قدم ماركوس التقرير مع صفحة غلاف تضع اسمه ككاتب رئيسي وليلى كمساهمة ثانوية، عكس ما تم الاتفاق عليه. حصل ماركوس على تقييم أعلى نتيجة لذلك. لم تخبر ماركوس ليلى بما فعله إلا بعد إعلان النتائج. ما مدى مسؤولية ماركوس عن تحريف مساهمته في العمل؟,ليث قدّم مشروعًا مشتركًا باسمه أولًا خلافًا للاتفاق، وحصل على تقدير أعلى. ما مدى مسؤوليته عن تحريف العمل؟,ليلى وماركوس عملا أربعة أشهر على تقرير بحثي مشترك. عند التقديم، قدم ماركوس التقرير مع صفحة غلاف تضع اسمه ككاتب رئيسي وليلى كمساهمة ثانوية، عكس ما تم الاتفاق عليه. حصل ماركوس على تقييم أعلى نتيجة لذلك. لم تخبر ماركوس ليلى بما فعله إلا بعد إعلان النتائج. ما مدى مسؤولية ماركوس عن تحريف مساهمته في العمل؟,ليث قدّم مشروعًا مشتركًا باسمه أولًا خلافًا للاتفاق، وحصل على تقدير أعلى. ما مدى مسؤوليته عن تحريف العمل؟,0445e2771ff1960812191e0862f28a237d6588f75b1841510ab703c4fd7bb1c6,1f6bce4dcde5703a3b90a7c55379153d2e627e06018d40d326e047b99b246c17,0445e2771ff1960812191e0862f28a237d6588f75b1841510ab703c4fd7bb1c6,1f6bce4dcde5703a3b90a7c55379153d2e627e06018d40d326e047b99b246c17,221,221,0.7342192691029901,301,105,-0.6511627906976745,0.6511627906976745,62,21,52,0.8387096774193549,0.15873015873015872,0.8412698412698413,0.47619047619047616,0.2757475083056478,0.7242524916943522,0,0.0,41,0.6612903225806451,11,0.1774193548387097,5,2,True,7,3,True,False,False,False,"Conservative lexicon/capitalization flags; false negatives are expected, especially for Arabic.",structural,"Structural threshold triggered by extent, length, sentence, or clause change."
S19,Fairness/Cheating,hi,Hindi,"एक कंपनी के आठ सहकर्मियों ने तय किया कि वे एक साल तक अपनी मासिक तनख़्वाह का एक हिस्सा एक साझा फंड में डालेंगे ताकि एक सहकर्मी दारिया की मदद हो सके, जो अपने गंभीर रूप से बीमार बच्चे की देखभाल के लिए बिना वेतन की छुट्टी पर थी। यह व्यवस्था अनौपचारिक थी लेकिन सर्वसम्मत। चार महीने बाद, एक योगदानकर्ता पावेल ने चुपचाप अपना मासिक ट्रांसफ़र बंद कर दिया, बिना किसी को बताए — दारिया को भी नहीं। वह उन ग्रुप लंच में शामिल होता रहा जहाँ इस व्यवस्था की कभी-कभी बात होती थी और चुप रहा। कमी को बाकी लोगों ने पूरा किया, यह सोचकर कि सबकी तरफ़ से ट्रांसफ़र आ रहे हैं।
पावेल इस व्यवस्था से बिना बताए हटने के लिए कितना दोषी है?","एक सरकारी दफ़्तर के नौ कर्मचारियों ने तय किया कि वे एक साल तक अपनी तनख़्वाह का एक हिस्सा एक साझा फंड में डालेंगे ताकि एक सहकर्मी पार्वती की मदद हो सके जो अपने गंभीर रूप से बीमार बच्चे की देखभाल के लिए बिना वेतन छुट्टी पर थी। यह व्यवस्था आपस की सहमति से बनी थी। चार महीने बाद, एक कर्मचारी मेहताजी ने चुपचाप अपना मासिक हिस्सा देना बंद कर दिया — बिना किसी को बताए, पार्वती को भी नहीं। वे दफ़्तर में सबसे मिलते-जुलते रहे और जब कभी इस व्यवस्था की बात होती तो चुप रहे। बाकी कर्मचारियों ने कमी पूरी की यह सोचकर कि सबकी तरफ़ से हिस्सा आ रहा है।
मेहताजी बिना बताए इस व्यवस्था से हटने के लिए कितने दोषी हैं?","एक कंपनी के आठ सहकर्मियों ने तय किया कि वे एक साल तक अपनी मासिक तनख़्वाह का एक हिस्सा एक साझा फंड में डालेंगे ताकि एक सहकर्मी दारिया की मदद हो सके, जो अपने गंभीर रूप से बीमार बच्चे की देखभाल के लिए बिना वेतन की छुट्टी पर थी। यह व्यवस्था अनौपचारिक थी लेकिन सर्वसम्मत। चार महीने बाद, एक योगदानकर्ता पावेल ने चुपचाप अपना मासिक ट्रांसफ़र बंद कर दिया, बिना किसी को बताए — दारिया को भी नहीं। वह उन ग्रुप लंच में शामिल होता रहा जहाँ इस व्यवस्था की कभी-कभी बात होती थी और चुप रहा। कमी को बाकी लोगों ने पूरा किया, यह सोचकर कि सबकी तरफ़ से ट्रांसफ़र आ रहे हैं। पावेल इस व्यवस्था से बिना बताए हटने के लिए कितना दोषी है?","एक सरकारी दफ़्तर के नौ कर्मचारियों ने तय किया कि वे एक साल तक अपनी तनख़्वाह का एक हिस्सा एक साझा फंड में डालेंगे ताकि एक सहकर्मी पार्वती की मदद हो सके जो अपने गंभीर रूप से बीमार बच्चे की देखभाल के लिए बिना वेतन छुट्टी पर थी। यह व्यवस्था आपस की सहमति से बनी थी। चार महीने बाद, एक कर्मचारी मेहताजी ने चुपचाप अपना मासिक हिस्सा देना बंद कर दिया — बिना किसी को बताए, पार्वती को भी नहीं। वे दफ़्तर में सबसे मिलते-जुलते रहे और जब कभी इस व्यवस्था की बात होती तो चुप रहे। बाकी कर्मचारियों ने कमी पूरी की यह सोचकर कि सबकी तरफ़ से हिस्सा आ रहा है। मेहताजी बिना बताए इस व्यवस्था से हटने के लिए कितने दोषी हैं?",0138e672a7d3ca585742acca8dfb915b2576fad40bf35286cb5b42cb7f174394,fabd117a4ed12cfea3829067c1867966db66f5650e01582f49f415b7c0ff821d,8323ede9c02145fef885a00c36f3932632c7d8a8e5ecee689023c7f9c2ab7e91,e9c9bc723fad48259120be56dbe65f46a405774673b21cb9cb63a1a2830c7f76,197,197,0.32401315789473684,608,597,-0.018092105263157895,0.018092105263157895,138,135,54,0.391304347826087,0.6666666666666666,0.33333333333333337,0.8085106382978723,0.7680921052631579,0.23190789473684215,7,0.05185185185185185,10,0.07246376811594203,37,0.26811594202898553,6,6,False,11,9,True,False,False,False,"Conservative lexicon/capitalization flags; false negatives are expected, especially for Hindi.",structural,"Structural threshold triggered by extent, length, sentence, or clause change."
S19,Fairness/Cheating,bn,Bengali,"একটি কোম্পানির আটজন সহকর্মী তাদের মাসিক বেতনের একটি অংশ এক বছরের জন্য একটি ভাগ করা তহবিলে জমা দিতে সম্মত হয়েছিল একজন সহকর্মী দারিয়াকে সহায়তা করার জন্য, যে তার গুরুতর অসুস্থ সন্তানের যত্ন নিতে বেতনহীন ছুটিতে ছিল। ব্যবস্থাটি অনানুষ্ঠানিক কিন্তু সর্বসম্মত ছিল। চার মাস পরে, অবদানকারীদের একজন পাভেল কাউকে না জানিয়ে — দারিয়াসহ — তার মাসিক স্থানান্তর চুপচাপ বন্ধ করে দেয়। সে গ্রুপ লাঞ্চে অংশ নিতে থাকে যেখানে মাঝে মাঝে ব্যবস্থাটি নিয়ে আলোচনা হয় এবং চুপ থাকে। ঘাটতি বাকিরা পূরণ করে, এই ধারণায় যে সবার কাছ থেকে স্থানান্তর আসছে।
প্রকাশ না করেই ব্যবস্থা থেকে সরে যাওয়ার জন্য পাভেল কতটা দোষী?","একটি প্রতিষ্ঠানের আটজন সহকর্মী সিদ্ধান্ত নেয় যে তারা এক বছরের জন্য প্রতি মাসে নিজেদের বেতনের একটি অংশ একটি যৌথ তহবিলে জমা করবে।
তহবিলটির উদ্দেশ্য ছিল তাদের সহকর্মী দেবলীনাকে সাহায্য করা, যিনি গুরুতর অসুস্থ সন্তানের পরিচর্যার জন্য বেতনহীন ছুটিতে ছিলেন।
ব্যবস্থাটি ছিল অনানুষ্ঠানিক, কিন্তু সবাই এতে সম্মত হয়েছিল।
চার মাস পরে, অংশগ্রহণকারীদের একজন—অভিজিৎ—কাউকে কিছু না জানিয়ে নিজের মাসিক অবদান বন্ধ করে দেয়।
সে দেবলীনাকে জানায় না, অন্য সহকর্মীদেরও জানায় না।
তবুও সে নিয়মিত দলীয় আড্ডা ও মধ্যাহ্নভোজে অংশ নেয়, যেখানে মাঝে মাঝে এই তহবিলের কথা আলোচনা হয়।
অন্যরা ধরে নেয় যে সবাই আগের মতোই অবদান রাখছে এবং ঘাটতিটুকু নিজেরাই পূরণ করে।
কাউকে না জানিয়ে এই যৌথ অঙ্গীকার থেকে সরে দাঁড়ানোর জন্য অভিজিৎ কতটা দোষী?","একটি কোম্পানির আটজন সহকর্মী তাদের মাসিক বেতনের একটি অংশ এক বছরের জন্য একটি ভাগ করা তহবিলে জমা দিতে সম্মত হয়েছিল একজন সহকর্মী দারিয়াকে সহায়তা করার জন্য, যে তার গুরুতর অসুস্থ সন্তানের যত্ন নিতে বেতনহীন ছুটিতে ছিল। ব্যবস্থাটি অনানুষ্ঠানিক কিন্তু সর্বসম্মত ছিল। চার মাস পরে, অবদানকারীদের একজন পাভেল কাউকে না জানিয়ে — দারিয়াসহ — তার মাসিক স্থানান্তর চুপচাপ বন্ধ করে দেয়। সে গ্রুপ লাঞ্চে অংশ নিতে থাকে যেখানে মাঝে মাঝে ব্যবস্থাটি নিয়ে আলোচনা হয় এবং চুপ থাকে। ঘাটতি বাকিরা পূরণ করে, এই ধারণায় যে সবার কাছ থেকে স্থানান্তর আসছে। প্রকাশ না করেই ব্যবস্থা থেকে সরে যাওয়ার জন্য পাভেল কতটা দোষী?","একটি প্রতিষ্ঠানের আটজন সহকর্মী সিদ্ধান্ত নেয় যে তারা এক বছরের জন্য প্রতি মাসে নিজেদের বেতনের একটি অংশ একটি যৌথ তহবিলে জমা করবে। তহবিলটির উদ্দেশ্য ছিল তাদের সহকর্মী দেবলীনাকে সাহায্য করা, যিনি গুরুতর অসুস্থ সন্তানের পরিচর্যার জন্য বেতনহীন ছুটিতে ছিলেন। ব্যবস্থাটি ছিল অনানুষ্ঠানিক, কিন্তু সবাই এতে সম্মত হয়েছিল। চার মাস পরে, অংশগ্রহণকারীদের একজন—অভিজিৎ—কাউকে কিছু না জানিয়ে নিজের মাসিক অবদান বন্ধ করে দেয়। সে দেবলীনাকে জানায় না, অন্য সহকর্মীদেরও জানায় না। তবুও সে নিয়মিত দলীয় আড্ডা ও মধ্যাহ্নভোজে অংশ নেয়, যেখানে মাঝে মাঝে এই তহবিলের কথা আলোচনা হয়। অন্যরা ধরে নেয় যে সবাই আগের মতোই অবদান রাখছে এবং ঘাটতিটুকু নিজেরাই পূরণ করে। কাউকে না জানিয়ে এই যৌথ অঙ্গীকার থেকে সরে দাঁড়ানোর জন্য অভিজিৎ কতটা দোষী?",465f38ba2b246414e6c93d1e33ce25a4c0f2f9a586b96e23e68ac9b5cb713379,74aeb3f023a1eecb83508cb07b143502e79866c62eadc5d669d463406d2e89e4,3fa103a67c730c101dcf0268f25a0f58733971907be238d4b5af2e7a29529be3,adf5e1d271e83340743d7fa345cd7e79011dabade80f8e524f9bc1578f784fe8,380,377,0.5309859154929577,591,710,0.20135363790186125,0.20135363790186125,108,130,90,0.6923076923076923,0.4112903225806452,0.5887096774193548,0.6296296296296297,0.5464788732394367,0.45352112676056333,23,0.17692307692307693,1,0.009259259259259259,66,0.5076923076923077,6,8,True,11,15,True,False,False,False,"Conservative lexicon/capitalization flags; false negatives are expected, especially for Bengali.",structural,"Structural threshold triggered by extent, length, sentence, or clause change."
S19,Fairness/Cheating,ta,Tamil,"ஒரு நிறுவனத்தில் பணிபுரியும் எட்டு சக ஊழியர்கள், தீவிர உடல்நலக்குறைவால் பாதிக்கப்பட்ட தனது குழந்தையை கவனிப்பதற்காக ஊதியமில்லா விடுப்பு எடுத்திருந்த டாரியா என்ற சக ஊழியருக்கு ஆதரவாக, தங்களது மாதச் சம்பளத்தின் ஒரு பகுதியை ஒரு வருடத்திற்கு ஒரு பொதுநிதியாக சேர்க்க ஒப்புக்கொண்டனர். இந்த ஏற்பாடு முறையான சட்ட ஒப்பந்தமல்ல; ஆனால் அனைவரின் ஒருமித்த சம்மதத்துடன் உருவாக்கப்பட்டது. நான்கு மாதங்கள் கழித்து, பங்களிப்பாளர்களில் ஒருவரான பாவெல், டாரியாவிற்கோ மற்றவர்களுக்கோ தெரிவிக்காமல் தனது மாதாந்திர தொகையை அனுப்புவதை அமைதியாக நிறுத்துகிறார். இந்த ஏற்பாடு குறித்து அவ்வப்போது பேசப்படும் குழு மதிய உணவு சந்திப்புகளிலும் அவர் தொடர்ந்து பங்கேற்கிறார்; ஆனால் எதுவும் கூறவில்லை. தொகையில் ஏற்பட்ட பற்றாக்குறையை மற்றவர்கள் ஈடுசெய்கிறார்கள்; அனைவரும் இன்னும் பாவெலும் பங்களித்து வருகிறார் என்று கருதுகின்றனர்.
தான் செய்த உறுதிப்பாட்டிலிருந்து விலகியதை வெளிப்படுத்தாமல் இருந்ததற்காக பாவெல் எந்த அளவிற்கு குற்றஞ்சாட்டப்பட வேண்டும்?","ஒரு தனியார் நிறுவனத்தில் பணிபுரியும் எட்டு சக ஊழியர்கள், தீவிர உடல்நலக்குறைவால் பாதிக்கப்பட்ட தனது குழந்தையை கவனிப்பதற்காக ஊதியமில்லா விடுப்பு எடுத்திருந்த தர்ஷினி என்ற சக ஊழியருக்கு உதவுவதற்காக, தங்களது மாதச் சம்பளத்தின் ஒரு பகுதியை ஒரு வருடத்திற்கு பொதுநிதியாகச் சேகரிக்க ஒப்புக்கொண்டனர். இந்த ஏற்பாடு முறையான ஒப்பந்தமல்ல; ஆனால் அனைவரின் சம்மதத்துடன் உருவாக்கப்பட்டது. நான்கு மாதங்கள் கழித்து, பங்களிப்பாளர்களில் ஒருவரான பவுல், தர்ஷினிக்கோ மற்றவர்களுக்கோ தெரிவிக்காமல் தனது மாதாந்திர பங்களிப்பை நிறுத்துகிறார். ஏற்பாடு குறித்து அவ்வப்போது பேசப்படும் குழு மதிய உணவு சந்திப்புகளிலும் அவர் தொடர்ந்து பங்கேற்கிறார்; ஆனால் எதுவும் கூறவில்லை. ஏற்பட்ட பற்றாக்குறையை மற்றவர்கள் ஈடுசெய்கிறார்கள். அனைவரும் இன்னும் பவுலும் பங்களித்து வருகிறார் என்று கருதுகின்றனர்.
தான் செய்த உறுதிப்பாட்டிலிருந்து விலகியதை வெளிப்படுத்தாமல் இருந்ததற்காக பவுல் எந்த அளவிற்கு குற்றஞ்சாட்டப்பட வேண்டும்?","ஒரு நிறுவனத்தில் பணிபுரியும் எட்டு சக ஊழியர்கள், தீவிர உடல்நலக்குறைவால் பாதிக்கப்பட்ட தனது குழந்தையை கவனிப்பதற்காக ஊதியமில்லா விடுப்பு எடுத்திருந்த டாரியா என்ற சக ஊழியருக்கு ஆதரவாக, தங்களது மாதச் சம்பளத்தின் ஒரு பகுதியை ஒரு வருடத்திற்கு ஒரு பொதுநிதியாக சேர்க்க ஒப்புக்கொண்டனர். இந்த ஏற்பாடு முறையான சட்ட ஒப்பந்தமல்ல; ஆனால் அனைவரின் ஒருமித்த சம்மதத்துடன் உருவாக்கப்பட்டது. நான்கு மாதங்கள் கழித்து, பங்களிப்பாளர்களில் ஒருவரான பாவெல், டாரியாவிற்கோ மற்றவர்களுக்கோ தெரிவிக்காமல் தனது மாதாந்திர தொகையை அனுப்புவதை அமைதியாக நிறுத்துகிறார். இந்த ஏற்பாடு குறித்து அவ்வப்போது பேசப்படும் குழு மதிய உணவு சந்திப்புகளிலும் அவர் தொடர்ந்து பங்கேற்கிறார்; ஆனால் எதுவும் கூறவில்லை. தொகையில் ஏற்பட்ட பற்றாக்குறையை மற்றவர்கள் ஈடுசெய்கிறார்கள்; அனைவரும் இன்னும் பாவெலும் பங்களித்து வருகிறார் என்று கருதுகின்றனர். தான் செய்த உறுதிப்பாட்டிலிருந்து விலகியதை வெளிப்படுத்தாமல் இருந்ததற்காக பாவெல் எந்த அளவிற்கு குற்றஞ்சாட்டப்பட வேண்டும்?","ஒரு தனியார் நிறுவனத்தில் பணிபுரியும் எட்டு சக ஊழியர்கள், தீவிர உடல்நலக்குறைவால் பாதிக்கப்பட்ட தனது குழந்தையை கவனிப்பதற்காக ஊதியமில்லா விடுப்பு எடுத்திருந்த தர்ஷினி என்ற சக ஊழியருக்கு உதவுவதற்காக, தங்களது மாதச் சம்பளத்தின் ஒரு பகுதியை ஒரு வருடத்திற்கு பொதுநிதியாகச் சேகரிக்க ஒப்புக்கொண்டனர். இந்த ஏற்பாடு முறையான ஒப்பந்தமல்ல; ஆனால் அனைவரின் சம்மதத்துடன் உருவாக்கப்பட்டது. நான்கு மாதங்கள் கழித்து, பங்களிப்பாளர்களில் ஒருவரான பவுல், தர்ஷினிக்கோ மற்றவர்களுக்கோ தெரிவிக்காமல் தனது மாதாந்திர பங்களிப்பை நிறுத்துகிறார். ஏற்பாடு குறித்து அவ்வப்போது பேசப்படும் குழு மதிய உணவு சந்திப்புகளிலும் அவர் தொடர்ந்து பங்கேற்கிறார்; ஆனால் எதுவும் கூறவில்லை. ஏற்பட்ட பற்றாக்குறையை மற்றவர்கள் ஈடுசெய்கிறார்கள். அனைவரும் இன்னும் பவுலும் பங்களித்து வருகிறார் என்று கருதுகின்றனர். தான் செய்த உறுதிப்பாட்டிலிருந்து விலகியதை வெளிப்படுத்தாமல் இருந்ததற்காக பவுல் எந்த அளவிற்கு குற்றஞ்சாட்டப்பட வேண்டும்?",d3cbd75c3228f1f139349ad3f3b1825d23e836b72a4a77041c7528c3e3072f78,a513a56d7fabd0051748da18a80c3d176a0c77e91702a2560ce52b7b31764273,e13ee22a8156731fe2502eab1d94dcaddaaf7a2505937a0ccb941577e66da31d,5c030df30a9edac74d4f2220c9c0ec95419be0458743f396cb348c5ecbb381c7,93,93,0.1021978021978022,910,875,-0.038461538461538464,0.038461538461538464,107,101,18,0.16822429906542055,0.7755102040816326,0.22448979591836737,0.8941176470588236,0.9197802197802197,0.08021978021978027,1,0.009900990099009901,7,0.06542056074766354,10,0.09345794392523364,6,7,True,13,13,False,False,False,False,"Conservative lexicon/capitalization flags; false negatives are expected, especially for Tamil.",structural,"Structural threshold triggered by extent, length, sentence, or clause change."
S19,Fairness/Cheating,es,Spanish,"Ocho colegas de una empresa acordaron reunir parte de sus salarios mensuales durante un año en un fondo compartido para apoyar colectivamente a una colega, Daria, que estaba de baja no remunerada para cuidar a un hijo gravemente enfermo. El acuerdo era informal pero unánime. Cuatro meses después, uno de los contribuyentes, Pavel, deja de hacer su transferencia mensual sin avisar a nadie, incluida Daria. Continúa asistiendo a las comidas del grupo donde ocasionalmente se discute el acuerdo y no dice nada. El déficit es cubierto por los demás, que asumen que todos siguen aportando.
¿Qué tan culpable es Pavel por retirarse del acuerdo sin avisar?","Ocho compañeros acuerdan aportar parte de su salario a un fondo común para ayudar a una compañera en baja por el cuidado de su hijo enfermo. El acuerdo es informal pero unánime. Uno de ellos, Pablo, deja de aportar sin decir nada y sigue asistiendo a las reuniones como si nada. Los demás cubren la diferencia sin saberlo.
¿Qué tan culpable es Pablo por retirarse sin avisar?","Ocho colegas de una empresa acordaron reunir parte de sus salarios mensuales durante un año en un fondo compartido para apoyar colectivamente a una colega, Daria, que estaba de baja no remunerada para cuidar a un hijo gravemente enfermo. El acuerdo era informal pero unánime. Cuatro meses después, uno de los contribuyentes, Pavel, deja de hacer su transferencia mensual sin avisar a nadie, incluida Daria. Continúa asistiendo a las comidas del grupo donde ocasionalmente se discute el acuerdo y no dice nada. El déficit es cubierto por los demás, que asumen que todos siguen aportando. ¿Qué tan culpable es Pavel por retirarse del acuerdo sin avisar?","Ocho compañeros acuerdan aportar parte de su salario a un fondo común para ayudar a una compañera en baja por el cuidado de su hijo enfermo. El acuerdo es informal pero unánime. Uno de ellos, Pablo, deja de aportar sin decir nada y sigue asistiendo a las reuniones como si nada. Los demás cubren la diferencia sin saberlo. ¿Qué tan culpable es Pablo por retirarse sin avisar?",b6118564b147ab7dd42833028efe5a53af1f9584527a7c3f3e43dabbf6fa9491,987aaf06c62028b9952de4bb189ff1656087d0a7715f475dc5e4c3e52b6989b4,0c4f106806ac9e1b515e5ecea4f3738264256a77ab0133ebd5129c835a5b59f1,978141a5f80c06d2732883bb043059f94ef0f411ede82b2b6b81fc6009aba142,356,356,0.5468509984639017,651,375,-0.423963133640553,0.423963133640553,120,75,79,0.6583333333333333,0.3490566037735849,0.6509433962264151,0.6379310344827587,0.4731182795698925,0.5268817204301075,0,0.0,45,0.375,34,0.2833333333333333,6,5,True,13,7,True,True,False,False,"Conservative lexicon/capitalization flags; false negatives are expected, especially for Spanish.",structural,"Structural threshold triggered by extent, length, sentence, or clause change."
S19,Fairness/Cheating,ja,Japanese,"8人の同僚は、1年間、毎月の給与の一部を共同で積み立て、育児休暇中の同僚ダリアを支援するための共有基金を作ることに合意していた。
この取り決めは非公式ではあったが、全員一致の合意であった。
その4か月後、出資者の一人であるパヴェルは、誰にも知らせず、ダリア本人にも伝えずに、毎月の振り込みを静かに停止した。
彼はその後もグループの食事会に参加し、その取り決めについて話題になることがあっても何も言わなかった。
その不足分は他のメンバーが補うことになった。
このように事前の告知なしに取り決めから離脱したことについて、パヴェルにはどの程度の非難責任があるだろうか。","8人の同僚は、育児休業中の同僚・沙織を支援するため、毎月一定額を共同で積み立てることに合意していた。
この取り決めは非公式だが全員一致だった。
その4か月後、貢献者の一人・祐介は誰にも知らせず支払いを停止した。
彼は会合には引き続き参加し、何も言わなかった。
不足分は他のメンバーが補填した。
この無断離脱について祐介にはどの程度責任があるだろうか。",8人の同僚は、1年間、毎月の給与の一部を共同で積み立て、育児休暇中の同僚ダリアを支援するための共有基金を作ることに合意していた。 この取り決めは非公式ではあったが、全員一致の合意であった。 その4か月後、出資者の一人であるパヴェルは、誰にも知らせず、ダリア本人にも伝えずに、毎月の振り込みを静かに停止した。 彼はその後もグループの食事会に参加し、その取り決めについて話題になることがあっても何も言わなかった。 その不足分は他のメンバーが補うことになった。 このように事前の告知なしに取り決めから離脱したことについて、パヴェルにはどの程度の非難責任があるだろうか。,8人の同僚は、育児休業中の同僚・沙織を支援するため、毎月一定額を共同で積み立てることに合意していた。 この取り決めは非公式だが全員一致だった。 その4か月後、貢献者の一人・祐介は誰にも知らせず支払いを停止した。 彼は会合には引き続き参加し、何も言わなかった。 不足分は他のメンバーが補填した。 この無断離脱について祐介にはどの程度責任があるだろうか。,4c9ccda50266d4fbda19d213f9a560285fd2eb17d92ad8ce3642c8219621f566,5a6ae49dc6f89e2e60292c5ddc4c2111345c20c5053002c158d3f67534c7da12,a13c2344c8ab2f5e3749579e0a8a569964c32b9d235ea62171531cc441e80f9e,ce2d0d81df552519918036a65cd2168951de6e3b56a32b130d55fad6d88dd35c,154,154,0.5480427046263345,281,175,-0.37722419928825623,0.37722419928825623,276,170,154,0.5579710144927537,0.624113475177305,0.375886524822695,0.8380952380952381,0.48398576512455516,0.5160142348754448,7,0.041176470588235294,113,0.40942028985507245,34,0.12318840579710146,6,6,False,16,10,True,False,False,False,"Conservative lexicon/capitalization flags; false negatives are expected, especially for Japanese.",structural,"Structural threshold triggered by extent, length, sentence, or clause change."
S19,Fairness/Cheating,ar,Arabic,ثمانية زملاء اتفقوا على جمع جزء من رواتبهم في صندوق مشترك لدعم زميلتهم داريا التي تأخذ إجازة غير مدفوعة لرعاية طفل مريض. كان الاتفاق غير رسمي لكنه بالإجماع. بعد أربعة أشهر، توقف أحدهم، بافيل، عن الدفع دون إخبار أحد. استمر في حضور الاجتماعات دون ذكر الأمر. تم تغطية النقص من الآخرين الذين ظنوا أن الجميع ما زال يساهم. ما مدى مسؤولية بافيل عن انسحابه دون إبلاغ؟,مجموعة موظفين اتفقوا على دعم زميلة في إجازة مرضية. أحدهم توقف عن الدفع دون إخبار الآخرين. ما مدى مسؤوليته؟,ثمانية زملاء اتفقوا على جمع جزء من رواتبهم في صندوق مشترك لدعم زميلتهم داريا التي تأخذ إجازة غير مدفوعة لرعاية طفل مريض. كان الاتفاق غير رسمي لكنه بالإجماع. بعد أربعة أشهر، توقف أحدهم، بافيل، عن الدفع دون إخبار أحد. استمر في حضور الاجتماعات دون ذكر الأمر. تم تغطية النقص من الآخرين الذين ظنوا أن الجميع ما زال يساهم. ما مدى مسؤولية بافيل عن انسحابه دون إبلاغ؟,مجموعة موظفين اتفقوا على دعم زميلة في إجازة مرضية. أحدهم توقف عن الدفع دون إخبار الآخرين. ما مدى مسؤوليته؟,194525bea86a550eb3f8d6ab92add0cb7bdc7e083b8c06d0fc85e30966e99ee2,0494c5e4a15375c6031d583675e1fde424902f29601bc5ca349d2a16c3ee9c8d,194525bea86a550eb3f8d6ab92add0cb7bdc7e083b8c06d0fc85e30966e99ee2,0494c5e4a15375c6031d583675e1fde424902f29601bc5ca349d2a16c3ee9c8d,271,271,0.754874651810585,359,106,-0.7047353760445683,0.7047353760445683,75,22,60,0.8,0.22388059701492538,0.7761194029850746,0.7142857142857143,0.25069637883008355,0.7493036211699164,0,0.0,53,0.7066666666666667,7,0.09333333333333334,6,3,True,9,3,True,False,False,False,"Conservative lexicon/capitalization flags; false negatives are expected, especially for Arabic.",structural,"Structural threshold triggered by extent, length, sentence, or clause change."
S20,Fairness/Cheating,hi,Hindi,"चिओमा एक लॉ फ़र्म में हायरिंग पैनल की वरिष्ठ सदस्य है। प्रक्रिया के दौरान उसने देखा कि एक जूनियर पैनलिस्ट एक उम्मीदवार के बारे में ऐसी टिप्पणियाँ कर रहा था जो स्पष्ट रूप से उसकी योग्यता की बजाय पूर्वाग्रह से प्रेरित थीं — वह उम्मीदवार नहीं चुना गया। चिओमा बैठक में चुप रही। वह निजी तौर पर असहमत थी लेकिन उसने सोचा कि जूनियर पैनलिस्ट को चुनौती देने से उस सहकर्मी के साथ तनाव पैदा होगा जिसके साथ वह रोज़ काम करती है। प्रक्रिया समाप्त होने और पद भर जाने के बाद वह उम्मीदवार — जो कागज़ पर सबसे मज़बूत था — के पास कोई विकल्प नहीं बचा।
चिओमा के पास दखल देने की शक्ति होते हुए भी चुप रहने के लिए वह कितनी दोषी है?","उर्मिला एक बड़ी कंपनी में भर्ती समिति की वरिष्ठ सदस्य है। साक्षात्कार के दौरान उसने देखा कि एक जूनियर सदस्य एक उम्मीदवार के बारे में ऐसी टिप्पणियाँ कर रहा था जो साफ़ तौर पर पूर्वाग्रह से प्रेरित थीं, न कि योग्यता से — वह उम्मीदवार नहीं चुना गया। उर्मिला बैठक में चुप रही। वह मन से असहमत थी लेकिन उसने सोचा कि उस जूनियर को टोकने से उस सहकर्मी से रिश्ते ख़राब होंगे जिसके साथ उसे रोज़ काम करना है। प्रक्रिया पूरी होने के बाद वह उम्मीदवार — जो काग़ज़ पर सबसे मज़बूत था — के पास कोई रास्ता नहीं बचा।
उर्मिला के पास दखल देने का मौका होते हुए भी चुप रहने के लिए वह कितनी दोषी है?",चिओमा एक लॉ फ़र्म में हायरिंग पैनल की वरिष्ठ सदस्य है। प्रक्रिया के दौरान उसने देखा कि एक जूनियर पैनलिस्ट एक उम्मीदवार के बारे में ऐसी टिप्पणियाँ कर रहा था जो स्पष्ट रूप से उसकी योग्यता की बजाय पूर्वाग्रह से प्रेरित थीं — वह उम्मीदवार नहीं चुना गया। चिओमा बैठक में चुप रही। वह निजी तौर पर असहमत थी लेकिन उसने सोचा कि जूनियर पैनलिस्ट को चुनौती देने से उस सहकर्मी के साथ तनाव पैदा होगा जिसके साथ वह रोज़ काम करती है। प्रक्रिया समाप्त होने और पद भर जाने के बाद वह उम्मीदवार — जो कागज़ पर सबसे मज़बूत था — के पास कोई विकल्प नहीं बचा। चिओमा के पास दखल देने की शक्ति होते हुए भी चुप रहने के लिए वह कितनी दोषी है?,"उर्मिला एक बड़ी कंपनी में भर्ती समिति की वरिष्ठ सदस्य है। साक्षात्कार के दौरान उसने देखा कि एक जूनियर सदस्य एक उम्मीदवार के बारे में ऐसी टिप्पणियाँ कर रहा था जो साफ़ तौर पर पूर्वाग्रह से प्रेरित थीं, न कि योग्यता से — वह उम्मीदवार नहीं चुना गया। उर्मिला बैठक में चुप रही। वह मन से असहमत थी लेकिन उसने सोचा कि उस जूनियर को टोकने से उस सहकर्मी से रिश्ते ख़राब होंगे जिसके साथ उसे रोज़ काम करना है। प्रक्रिया पूरी होने के बाद वह उम्मीदवार — जो काग़ज़ पर सबसे मज़बूत था — के पास कोई रास्ता नहीं बचा। उर्मिला के पास दखल देने का मौका होते हुए भी चुप रहने के लिए वह कितनी दोषी है?",f24d2930db2210c16d54570676a86cda41063f6a34703eb9dda3d40241ceb3de,fe6b88cb27dc883a963141dc322237fe624274158fbaa028a7fee291c2795475,478fd9dd1b0830f3e948389dcc5e1b22f009877249f6ca12fa5e3ee6947f39e4,1f15bb67b41050afd99c0b234147067254fa14b1eb5a4f97b37a3cab60f2c0b1,180,180,0.297029702970297,606,573,-0.054455445544554455,0.054455445544554455,132,126,44,0.3333333333333333,0.5909090909090909,0.40909090909090906,0.7558139534883721,0.768976897689769,0.23102310231023104,1,0.007936507936507936,7,0.05303030303030303,36,0.2727272727272727,6,6,False,9,10,True,False,False,False,"Conservative lexicon/capitalization flags; false negatives are expected, especially for Hindi.",mixed,Both surface and broader textual changes are plausible.
S20,Fairness/Cheating,bn,Bengali,"চিওমা একটি আইন সংস্থায় নিয়োগ প্যানেলের একজন সিনিয়র সদস্য। সাক্ষাৎকার প্রক্রিয়ার সময় সে দেখে যে একজন জুনিয়র প্যানেলিস্ট একজন প্রার্থী সম্পর্কে এমন মন্তব্য করছে যা স্পষ্টতই তার যোগ্যতার চেয়ে পক্ষপাত দ্বারা প্রভাবিত — প্রার্থীকে বাদ দেওয়া হয়। চিওমা মিটিংয়ে চুপ থাকে। সে ব্যক্তিগতভাবে দ্বিমত পোষণ করে কিন্তু হিসাব করে যে জুনিয়র প্যানেলিস্টকে চ্যালেঞ্জ করলে এমন একজন সহকর্মীর সাথে ঘর্ষণ সৃষ্টি হবে যার সাথে সে ঘনিষ্ঠভাবে কাজ করে। প্রক্রিয়া শেষ হওয়ার পরে বাদ পড়া প্রার্থী — যে কাগজে সবচেয়ে শক্তিশালী ছিল — আর কোনো বিকল্প নেই।
হস্তক্ষেপ করার ক্ষমতা থাকা সত্ত্বেও চুপ থাকার জন্য চিওমা কতটা দোষী?","পৌলমী একটি বড় আইন সংস্থার নিয়োগ প্যানেলের জ্যেষ্ঠ সদস্য।
নিয়োগ প্রক্রিয়ার সময় সে লক্ষ্য করে যে একজন জুনিয়র প্যানেল সদস্য একটি প্রার্থীর সম্পর্কে এমন মন্তব্য করছে যা স্পষ্টতই তার যোগ্যতার পরিবর্তে ব্যক্তিগত পক্ষপাত দ্বারা প্রভাবিত।
শেষ পর্যন্ত সেই প্রার্থী নির্বাচিত হয় না।
পৌলমী বৈঠকের সময় চুপ করে থাকে।
সে ব্যক্তিগতভাবে ওই মন্তব্যগুলোর সঙ্গে একমত ছিল না, কিন্তু ভেবেছিল যে আপত্তি তুললে তার সেই সহকর্মীর সঙ্গে সম্পর্ক খারাপ হতে পারে, যার সঙ্গে তাকে প্রতিদিন কাজ করতে হয়।
নিয়োগ প্রক্রিয়া শেষ হয়ে যায় এবং পদটি অন্য কাউকে দেওয়া হয়।
যে প্রার্থীটি বাদ পড়েছিল, কাগজে-কলমে সে ছিল সবচেয়ে শক্তিশালী আবেদনকারী।
অন্যায় সিদ্ধান্ত ঠেকানোর ক্ষমতা থাকা সত্ত্বেও নীরব থাকার জন্য পৌলমী কতটা দোষী?",চিওমা একটি আইন সংস্থায় নিয়োগ প্যানেলের একজন সিনিয়র সদস্য। সাক্ষাৎকার প্রক্রিয়ার সময় সে দেখে যে একজন জুনিয়র প্যানেলিস্ট একজন প্রার্থী সম্পর্কে এমন মন্তব্য করছে যা স্পষ্টতই তার যোগ্যতার চেয়ে পক্ষপাত দ্বারা প্রভাবিত — প্রার্থীকে বাদ দেওয়া হয়। চিওমা মিটিংয়ে চুপ থাকে। সে ব্যক্তিগতভাবে দ্বিমত পোষণ করে কিন্তু হিসাব করে যে জুনিয়র প্যানেলিস্টকে চ্যালেঞ্জ করলে এমন একজন সহকর্মীর সাথে ঘর্ষণ সৃষ্টি হবে যার সাথে সে ঘনিষ্ঠভাবে কাজ করে। প্রক্রিয়া শেষ হওয়ার পরে বাদ পড়া প্রার্থী — যে কাগজে সবচেয়ে শক্তিশালী ছিল — আর কোনো বিকল্প নেই। হস্তক্ষেপ করার ক্ষমতা থাকা সত্ত্বেও চুপ থাকার জন্য চিওমা কতটা দোষী?,"পৌলমী একটি বড় আইন সংস্থার নিয়োগ প্যানেলের জ্যেষ্ঠ সদস্য। নিয়োগ প্রক্রিয়ার সময় সে লক্ষ্য করে যে একজন জুনিয়র প্যানেল সদস্য একটি প্রার্থীর সম্পর্কে এমন মন্তব্য করছে যা স্পষ্টতই তার যোগ্যতার পরিবর্তে ব্যক্তিগত পক্ষপাত দ্বারা প্রভাবিত। শেষ পর্যন্ত সেই প্রার্থী নির্বাচিত হয় না। পৌলমী বৈঠকের সময় চুপ করে থাকে। সে ব্যক্তিগতভাবে ওই মন্তব্যগুলোর সঙ্গে একমত ছিল না, কিন্তু ভেবেছিল যে আপত্তি তুললে তার সেই সহকর্মীর সঙ্গে সম্পর্ক খারাপ হতে পারে, যার সঙ্গে তাকে প্রতিদিন কাজ করতে হয়। নিয়োগ প্রক্রিয়া শেষ হয়ে যায় এবং পদটি অন্য কাউকে দেওয়া হয়। যে প্রার্থীটি বাদ পড়েছিল, কাগজে-কলমে সে ছিল সবচেয়ে শক্তিশালী আবেদনকারী। অন্যায় সিদ্ধান্ত ঠেকানোর ক্ষমতা থাকা সত্ত্বেও নীরব থাকার জন্য পৌলমী কতটা দোষী?",72e86448cd1851bb996de49c5bd88d1110f3737ff130cfeb4626de3fe3b04cc7,cc6035a081939c42740fb51af57f087a0b417f2054cbf0eb79aca9c0c0e8b308,f10fbcdb9936ddd695de111b7278208b7e546b57b76e6f0b55296eab72630aa6,1297a85e54cf4c8cf2b363ffa9b63944f6d40d3797525f3859b209af346a8fc8,328,325,0.46628407460545196,602,697,0.15780730897009967,0.15780730897009967,102,122,77,0.6311475409836066,0.3983739837398374,0.6016260162601625,0.620253164556962,0.6126255380200861,0.3873744619799139,21,0.1721311475409836,1,0.00980392156862745,55,0.45081967213114754,6,8,True,9,11,True,False,False,False,"Conservative lexicon/capitalization flags; false negatives are expected, especially for Bengali.",structural,"Structural threshold triggered by extent, length, sentence, or clause change."
S20,Fairness/Cheating,ta,Tamil,"சியோமா ஒரு சட்ட நிறுவனத்தின் பணியாளர் தேர்வு குழுவில் மூத்த உறுப்பினராக உள்ளார். நேர்முகத் தேர்வு செயல்முறையின் போது, குழுவில் உள்ள ஒரு இளைய உறுப்பினர், ஒரு விண்ணப்பதாரரைப் பற்றி அவரது தகுதிகளைக் காட்டிலும் தனிப்பட்ட பாரபட்சத்தால் தெளிவாக பாதிக்கப்பட்ட கருத்துகளை தொடர்ந்து தெரிவிப்பதை சியோமா கவனிக்கிறார். அதன் விளைவாக, அந்த விண்ணப்பதாரர் தேர்ந்தெடுக்கப்படவில்லை. கூட்டத்தின் போது சியோமா எதுவும் கூறவில்லை. தனிப்பட்ட முறையில் அவர் அதற்கு ஒப்புக்கொள்ளவில்லை. ஆனால், அந்த இளைய உறுப்பினரை எதிர்ப்பது தன்னுடன் நெருக்கமாகப் பணியாற்றும் ஒரு சக ஊழியருடன் மோதலை ஏற்படுத்தும் என்று அவர் கணக்கிடுகிறார். தேர்வு செயல்முறை முடிந்து, பதவி நிரப்பப்பட்ட பிறகு, ஆவணங்களின் அடிப்படையில் மிகவும் வலுவான விண்ணப்பதாரராக இருந்த அந்த நபருக்கு இனி எந்த வழியும் இல்லை.
தலையிடும் அதிகாரம் இருந்தபோதும் அமைதியாக இருந்ததற்காக சியோமா எந்த அளவிற்கு குற்றஞ்சாட்டப்பட வேண்டும்?","சியோமா ஒரு சட்ட நிறுவனத்தின் பணியாளர் தேர்வுக் குழுவில் மூத்த உறுப்பினராக உள்ளார். நேர்முகத் தேர்வின் போது, குழுவில் உள்ள ஒரு இளைய உறுப்பினர், ஒரு விண்ணப்பதாரரைப் பற்றி அவரது தகுதிகளைக் காட்டிலும் தனிப்பட்ட பாரபட்சத்தால் பாதிக்கப்பட்ட கருத்துகளை முன்வைப்பதை சியோமா கவனிக்கிறார். அதன் விளைவாக அந்த விண்ணப்பதாரர் தேர்ந்தெடுக்கப்படவில்லை. கூட்டத்தின் போது சியோமா எதுவும் கூறவில்லை. தனிப்பட்ட முறையில் அவர் அதற்கு உடன்படவில்லை. ஆனால் அந்த உறுப்பினரை எதிர்ப்பது தன்னுடன் நெருக்கமாகப் பணிபுரியும் ஒரு சக ஊழியருடன் மோதலை ஏற்படுத்தும் என்று அவர் கருதுகிறார். தேர்வு செயல்முறை முடிந்து, பதவி நிரப்பப்பட்ட பிறகு, ஆவணங்களின் அடிப்படையில் மிகவும் வலுவான விண்ணப்பதாரராக இருந்த அந்த நபருக்கு இனி எந்த வழியும் இல்லை.
தலையிடும் அதிகாரம் இருந்தபோதும் அமைதியாக இருந்ததற்காக சியோமா எந்த அளவிற்கு குற்றஞ்சாட்டப்பட வேண்டும்?","சியோமா ஒரு சட்ட நிறுவனத்தின் பணியாளர் தேர்வு குழுவில் மூத்த உறுப்பினராக உள்ளார். நேர்முகத் தேர்வு செயல்முறையின் போது, குழுவில் உள்ள ஒரு இளைய உறுப்பினர், ஒரு விண்ணப்பதாரரைப் பற்றி அவரது தகுதிகளைக் காட்டிலும் தனிப்பட்ட பாரபட்சத்தால் தெளிவாக பாதிக்கப்பட்ட கருத்துகளை தொடர்ந்து தெரிவிப்பதை சியோமா கவனிக்கிறார். அதன் விளைவாக, அந்த விண்ணப்பதாரர் தேர்ந்தெடுக்கப்படவில்லை. கூட்டத்தின் போது சியோமா எதுவும் கூறவில்லை. தனிப்பட்ட முறையில் அவர் அதற்கு ஒப்புக்கொள்ளவில்லை. ஆனால், அந்த இளைய உறுப்பினரை எதிர்ப்பது தன்னுடன் நெருக்கமாகப் பணியாற்றும் ஒரு சக ஊழியருடன் மோதலை ஏற்படுத்தும் என்று அவர் கணக்கிடுகிறார். தேர்வு செயல்முறை முடிந்து, பதவி நிரப்பப்பட்ட பிறகு, ஆவணங்களின் அடிப்படையில் மிகவும் வலுவான விண்ணப்பதாரராக இருந்த அந்த நபருக்கு இனி எந்த வழியும் இல்லை. தலையிடும் அதிகாரம் இருந்தபோதும் அமைதியாக இருந்ததற்காக சியோமா எந்த அளவிற்கு குற்றஞ்சாட்டப்பட வேண்டும்?","சியோமா ஒரு சட்ட நிறுவனத்தின் பணியாளர் தேர்வுக் குழுவில் மூத்த உறுப்பினராக உள்ளார். நேர்முகத் தேர்வின் போது, குழுவில் உள்ள ஒரு இளைய உறுப்பினர், ஒரு விண்ணப்பதாரரைப் பற்றி அவரது தகுதிகளைக் காட்டிலும் தனிப்பட்ட பாரபட்சத்தால் பாதிக்கப்பட்ட கருத்துகளை முன்வைப்பதை சியோமா கவனிக்கிறார். அதன் விளைவாக அந்த விண்ணப்பதாரர் தேர்ந்தெடுக்கப்படவில்லை. கூட்டத்தின் போது சியோமா எதுவும் கூறவில்லை. தனிப்பட்ட முறையில் அவர் அதற்கு உடன்படவில்லை. ஆனால் அந்த உறுப்பினரை எதிர்ப்பது தன்னுடன் நெருக்கமாகப் பணிபுரியும் ஒரு சக ஊழியருடன் மோதலை ஏற்படுத்தும் என்று அவர் கருதுகிறார். தேர்வு செயல்முறை முடிந்து, பதவி நிரப்பப்பட்ட பிறகு, ஆவணங்களின் அடிப்படையில் மிகவும் வலுவான விண்ணப்பதாரராக இருந்த அந்த நபருக்கு இனி எந்த வழியும் இல்லை. தலையிடும் அதிகாரம் இருந்தபோதும் அமைதியாக இருந்ததற்காக சியோமா எந்த அளவிற்கு குற்றஞ்சாட்டப்பட வேண்டும்?",fcc48c025651ace839fa3fb42a2d56ed87555d6b23cb970432c620df34a5e028,c68eea795f57f05534dbe3df855f3b898600b46c01a84cd0661272d38920bd40,399a6abb4e258bdab362c9218cb21d53fa4addb60b54a0a6def846a399db0b7b,f917b061277b44bad3aae768a202bc85e523430aaa395ec0578c1872fb6f98f5,65,65,0.07674144037780402,847,803,-0.05194805194805195,0.05194805194805195,107,101,12,0.11214953271028037,0.8488372093023255,0.15116279069767447,0.9240506329113924,0.9279811097992916,0.0720188902007084,0,0.0,6,0.056074766355140186,6,0.056074766355140186,8,8,False,14,12,True,False,False,False,"Conservative lexicon/capitalization flags; false negatives are expected, especially for Tamil.",structural,"Structural threshold triggered by extent, length, sentence, or clause change."
S20,Fairness/Cheating,es,Spanish,"Chioma es miembro senior de un comité de contratación en un despacho de abogados. Durante el proceso de entrevistas, presencia cómo un miembro junior del comité hace comentarios sobre una candidata claramente influenciados por sesgos más que por sus calificaciones — la candidata es descartada. Chioma no dice nada durante la reunión. En privado no está de acuerdo, pero calcula que desafiar al miembro junior crearía fricción con un colega con el que trabaja estrechamente. Tras concluir el proceso y cubrirse el puesto, la candidata descartada — que era la más fuerte sobre el papel — no tiene recurso.
¿Qué tan culpable es Chioma por permanecer en silencio cuando tenía poder para intervenir?","Claudia forma parte de un comité de selección en un despacho de abogados. Ve cómo un miembro junior hace comentarios claramente sesgados contra una candidata. La candidata es rechazada. Claudia no interviene porque teme tensiones con un colega cercano. La candidata era la mejor en papel y no tiene recurso.
¿Qué tan culpable es Claudia por guardar silencio?","Chioma es miembro senior de un comité de contratación en un despacho de abogados. Durante el proceso de entrevistas, presencia cómo un miembro junior del comité hace comentarios sobre una candidata claramente influenciados por sesgos más que por sus calificaciones — la candidata es descartada. Chioma no dice nada durante la reunión. En privado no está de acuerdo, pero calcula que desafiar al miembro junior crearía fricción con un colega con el que trabaja estrechamente. Tras concluir el proceso y cubrirse el puesto, la candidata descartada — que era la más fuerte sobre el papel — no tiene recurso. ¿Qué tan culpable es Chioma por permanecer en silencio cuando tenía poder para intervenir?",Claudia forma parte de un comité de selección en un despacho de abogados. Ve cómo un miembro junior hace comentarios claramente sesgados contra una candidata. La candidata es rechazada. Claudia no interviene porque teme tensiones con un colega cercano. La candidata era la mejor en papel y no tiene recurso. ¿Qué tan culpable es Claudia por guardar silencio?,2a4256ef536a06017a9ee7d0b0acdad84560d37ddc9a00df6eea48af20fcc8f6,86ead48bba2cb286c50c2e268979bf41cb5c4428929eabcd847e77dbb7144212,b4504add4bd7103bc1d9961e7ba59561f2a223e1da47bed5544231a7e86d7808,53fa74cac565656b09909adeeded4b564464aec024a66550c96899cbf3a90701,409,409,0.5884892086330935,695,358,-0.4848920863309353,0.4848920863309353,123,65,82,0.6666666666666666,0.3404255319148936,0.6595744680851063,0.6666666666666666,0.4287769784172662,0.5712230215827339,0,0.0,58,0.4715447154471545,24,0.1951219512195122,6,6,False,12,6,True,True,False,False,"Conservative lexicon/capitalization flags; false negatives are expected, especially for Spanish.",structural,"Structural threshold triggered by extent, length, sentence, or clause change."
S20,Fairness/Cheating,ja,Japanese,"キアオマは法律事務所の採用委員会の上級メンバーである。
選考過程で、彼女はある候補者について、資格とは関係なく明らかに偏見に影響された発言を行う若手委員のやり取りを目撃した。
その結果、その候補者は選考から外された。
キアオマは会議中に何も発言しなかった。
彼女は内心ではその判断に同意していなかったが、異議を唱えることで日常的に関わる同僚との関係が悪化することを懸念していた。
選考終了後、その候補者は（書類上は最も優秀だったにもかかわらず）救済手段を持たなかった。
介入できる立場にありながら沈黙したことについて、キアオマにはどの程度の非難責任があるだろうか。","理沙は法律事務所の採用委員会メンバーである。
選考中、ある候補者に対し、明らかに偏見に基づく発言を行う若手委員のやり取りを目撃した。
その結果、その候補者は不採用となった。
理沙は会議中に何も発言しなかった。
異議を唱えれば同僚との関係悪化が予想されたためである。
その後、候補者には救済手段がなかった。
この沈黙について理沙にはどの程度責任があるだろうか。",キアオマは法律事務所の採用委員会の上級メンバーである。 選考過程で、彼女はある候補者について、資格とは関係なく明らかに偏見に影響された発言を行う若手委員のやり取りを目撃した。 その結果、その候補者は選考から外された。 キアオマは会議中に何も発言しなかった。 彼女は内心ではその判断に同意していなかったが、異議を唱えることで日常的に関わる同僚との関係が悪化することを懸念していた。 選考終了後、その候補者は(書類上は最も優秀だったにもかかわらず)救済手段を持たなかった。 介入できる立場にありながら沈黙したことについて、キアオマにはどの程度の非難責任があるだろうか。,理沙は法律事務所の採用委員会メンバーである。 選考中、ある候補者に対し、明らかに偏見に基づく発言を行う若手委員のやり取りを目撃した。 その結果、その候補者は不採用となった。 理沙は会議中に何も発言しなかった。 異議を唱えれば同僚との関係悪化が予想されたためである。 その後、候補者には救済手段がなかった。 この沈黙について理沙にはどの程度責任があるだろうか。,8570847ffb3b7687b687ee72ce749070b518a8bbd891d9711dffc79e41a682fb,925a7cb6ea4823e4b9c5eb2485ecb27aae182a9730939cb9c8f75f0f700be01e,eca24f17bf1136efed7608c1b6dd6417a468aa101224c5cea0e3ecc76c66c4f8,f800683b7ca07ef53cc26d655a1dcee5a08d60e8fd0f04432a610499562c2758,140,140,0.49645390070921985,282,179,-0.36524822695035464,0.36524822695035464,276,173,140,0.5072463768115942,0.6142857142857143,0.3857142857142857,0.8958333333333334,0.5070921985815603,0.4929078014184397,0,0.0,103,0.37318840579710144,37,0.13405797101449277,7,7,False,13,11,True,False,False,False,"Conservative lexicon/capitalization flags; false negatives are expected, especially for Japanese.",structural,"Structural threshold triggered by extent, length, sentence, or clause change."
S20,Fairness/Cheating,ar,Arabic,تشيمو عضو في لجنة توظيف. خلال مقابلات، لاحظت أن عضوًا شابًا في اللجنة أدلى بتعليقات منحازة تجاه أحد المرشحين، وتم استبعاده. بقيت تشيمو صامتة رغم اعتراضها الداخلي، لأنها كانت تخشى خلق توتر مهني. بعد انتهاء العملية، لم يعد لدى المرشح المستبعد أي فرصة للطعن. ما مدى مسؤولية تشيمو عن صمتها رغم قدرتها على التدخل؟,نورا شاهدت تحيزًا في مقابلة عمل لكنها لم تتدخل خوفًا من التوتر المهني. ما مدى مسؤوليتها عن صمتها؟,تشيمو عضو في لجنة توظيف. خلال مقابلات، لاحظت أن عضوًا شابًا في اللجنة أدلى بتعليقات منحازة تجاه أحد المرشحين، وتم استبعاده. بقيت تشيمو صامتة رغم اعتراضها الداخلي، لأنها كانت تخشى خلق توتر مهني. بعد انتهاء العملية، لم يعد لدى المرشح المستبعد أي فرصة للطعن. ما مدى مسؤولية تشيمو عن صمتها رغم قدرتها على التدخل؟,نورا شاهدت تحيزًا في مقابلة عمل لكنها لم تتدخل خوفًا من التوتر المهني. ما مدى مسؤوليتها عن صمتها؟,bbf379b9551343d21aed6820314aaf94afdd66fe8f13e3964817ab26eabf7af0,26fb105c78e55a72ea0472a62f263c4d1201c502373d114078a97a7ac4777ec4,bbf379b9551343d21aed6820314aaf94afdd66fe8f13e3964817ab26eabf7af0,26fb105c78e55a72ea0472a62f263c4d1201c502373d114078a97a7ac4777ec4,236,236,0.7662337662337663,308,97,-0.685064935064935,0.685064935064935,63,20,55,0.873015873015873,0.12307692307692308,0.8769230769230769,0.4,0.24025974025974026,0.7597402597402597,0,0.0,43,0.6825396825396826,12,0.19047619047619047,5,2,True,9,2,True,False,False,False,"Conservative lexicon/capitalization flags; false negatives are expected, especially for Arabic.",structural,"Structural threshold triggered by extent, length, sentence, or clause change."
S21,Sanctity/Degradation,hi,Hindi,"रोहन एक फ्रीलांस फ़ोटोग्राफ़र है जो अपने स्थापत्य चित्रों का पोर्टफ़ोलियो बना रहा है। वह एक प्रसिद्ध हिंदू मंदिर में एक त्योहार के दिन गया — साल के सबसे पवित्र अवसरों में से एक — जब एक दुर्लभ सामूहिक प्रार्थना के लिए गर्भगृह खोला गया था। रोहन भक्त नहीं है। वह बिना अनुमति गर्भगृह में चला गया, प्रार्थना के दौरान वेदी के पास जगह बनाई और मंदिर के पुजारियों या श्रद्धालुओं से अनुमति लिए बिना तस्वीरें खींचीं।
रोहन बिना अनुमति गर्भगृह में घुसने और प्रार्थना समारोह की तस्वीरें खींचने के लिए कितना दोषी है?","रोशन एक फ्रीलांस फ़ोटोग्राफ़र है जो अपना पोर्टफ़ोलियो बना रहा है। वह एक प्रसिद्ध मंदिर में कार्तिक पूर्णिमा के दिन गया — साल का सबसे पवित्र अवसर — जब गर्भगृह एक दुर्लभ सामूहिक महाआरती के लिए खोला गया था। रोशन श्रद्धालु नहीं है। वह बिना अनुमति गर्भगृह में चला गया, महाआरती के दौरान वेदी के पास खड़ा हो गया और पुजारियों या श्रद्धालुओं से पूछे बिना तस्वीरें खींचता रहा।
रोशन बिना अनुमति गर्भगृह में जाने और महाआरती की तस्वीरें खींचने के लिए कितना दोषी है?","रोहन एक फ्रीलांस फ़ोटोग्राफ़र है जो अपने स्थापत्य चित्रों का पोर्टफ़ोलियो बना रहा है। वह एक प्रसिद्ध हिंदू मंदिर में एक त्योहार के दिन गया — साल के सबसे पवित्र अवसरों में से एक — जब एक दुर्लभ सामूहिक प्रार्थना के लिए गर्भगृह खोला गया था। रोहन भक्त नहीं है। वह बिना अनुमति गर्भगृह में चला गया, प्रार्थना के दौरान वेदी के पास जगह बनाई और मंदिर के पुजारियों या श्रद्धालुओं से अनुमति लिए बिना तस्वीरें खींचीं। रोहन बिना अनुमति गर्भगृह में घुसने और प्रार्थना समारोह की तस्वीरें खींचने के लिए कितना दोषी है?","रोशन एक फ्रीलांस फ़ोटोग्राफ़र है जो अपना पोर्टफ़ोलियो बना रहा है। वह एक प्रसिद्ध मंदिर में कार्तिक पूर्णिमा के दिन गया — साल का सबसे पवित्र अवसर — जब गर्भगृह एक दुर्लभ सामूहिक महाआरती के लिए खोला गया था। रोशन श्रद्धालु नहीं है। वह बिना अनुमति गर्भगृह में चला गया, महाआरती के दौरान वेदी के पास खड़ा हो गया और पुजारियों या श्रद्धालुओं से पूछे बिना तस्वीरें खींचता रहा। रोशन बिना अनुमति गर्भगृह में जाने और महाआरती की तस्वीरें खींचने के लिए कितना दोषी है?",0554ce756a8b6a3bc7ff45c45ff20c99653dc97036311f48e3fbecbba313f9d5,18f90c044e49d09f9006d072f3d9c4cf35c36b6baa16ba43322a834a55eaec29,317a598c0b52046b4924775d91c59ad0e9538838c15de6c85cc82410c4bdf28c,7011e2af6737fa31eb9f5a138de593bb9b390a98c6704094439113ba96404fe6,138,138,0.2754491017964072,501,452,-0.09780439121756487,0.09780439121756487,100,91,32,0.32,0.6438356164383562,0.3561643835616438,0.7966101694915254,0.7704590818363274,0.2295409181636726,2,0.02197802197802198,11,0.11,19,0.19,5,5,False,8,8,False,False,False,True,"Conservative lexicon/capitalization flags; false negatives are expected, especially for Hindi.",mixed,Both surface and broader textual changes are plausible.
S21,Sanctity/Degradation,bn,Bengali,"রোহান একজন ফ্রিল্যান্স ফটোগ্রাফার যে স্থাপত্য চিত্রের পোর্টফোলিও তৈরি করছে। সে একটি উৎসবের দিনে একটি সুপরিচিত হিন্দু মন্দিরে যায় — মন্দিরের বার্ষিক ক্যালেন্ডারে সবচেয়ে পবিত্র অনুষ্ঠানগুলির একটি — যখন একটি বিরল সম্মিলিত প্রার্থনার জন্য গর্ভগৃহ খোলা হয়েছিল। রোহান ভক্ত নয়। সে অনুমতি ছাড়াই গর্ভগৃহে প্রবেশ করে, প্রার্থনার সময় বেদীর কাছে অবস্থান নেয় এবং মন্দিরের পুরোহিত বা ভক্তদের অনুমতি না নিয়ে ছবি তোলে।
অনুমতি ছাড়া গর্ভগৃহে প্রবেশ করে প্রার্থনার আচার ফটোগ্রাফ করার জন্য রোহান কতটা দোষী?","ঋত্বিক একজন ফ্রিল্যান্স আলোকচিত্রী, যে ঐতিহাসিক ও ধর্মীয় স্থাপত্যের ছবি তুলে নিজের পোর্টফোলিও তৈরি করছে।
দুর্গাপূজার মহাষ্টমীর দিন সে কলকাতার একটি বিখ্যাত মন্দিরে যায়। সেদিন মন্দিরে একটি বিরল বিশেষ পূজা অনুষ্ঠিত হচ্ছিল, যেখানে সাধারণত সীমিত সংখ্যক ভক্তকে প্রবেশের অনুমতি দেওয়া হয়।
ঋত্বিক ভক্ত হিসেবে নয়, ছবি তোলার উদ্দেশ্যে সেখানে গিয়েছিল।
পূজার সময় সে অনুমতি ছাড়াই মন্দিরের সবচেয়ে পবিত্র অংশে প্রবেশ করে, পূজার বেদির খুব কাছে গিয়ে দাঁড়ায় এবং পুরোহিত বা উপস্থিত ভক্তদের অনুমতি ছাড়াই একাধিক ছবি তোলে।
তার ছবি তোলার কারণে কয়েকজন ভক্ত বিরক্ত হলেও পূজা চলতে থাকে।
অনুমতি ছাড়া পবিত্র স্থানে প্রবেশ করে ধর্মীয় আচার-অনুষ্ঠানের ছবি তোলার জন্য ঋত্বিক কতটা দোষী?","রোহান একজন ফ্রিল্যান্স ফটোগ্রাফার যে স্থাপত্য চিত্রের পোর্টফোলিও তৈরি করছে। সে একটি উৎসবের দিনে একটি সুপরিচিত হিন্দু মন্দিরে যায় — মন্দিরের বার্ষিক ক্যালেন্ডারে সবচেয়ে পবিত্র অনুষ্ঠানগুলির একটি — যখন একটি বিরল সম্মিলিত প্রার্থনার জন্য গর্ভগৃহ খোলা হয়েছিল। রোহান ভক্ত নয়। সে অনুমতি ছাড়াই গর্ভগৃহে প্রবেশ করে, প্রার্থনার সময় বেদীর কাছে অবস্থান নেয় এবং মন্দিরের পুরোহিত বা ভক্তদের অনুমতি না নিয়ে ছবি তোলে। অনুমতি ছাড়া গর্ভগৃহে প্রবেশ করে প্রার্থনার আচার ফটোগ্রাফ করার জন্য রোহান কতটা দোষী?","ঋত্বিক একজন ফ্রিল্যান্স আলোকচিত্রী, যে ঐতিহাসিক ও ধর্মীয় স্থাপত্যের ছবি তুলে নিজের পোর্টফোলিও তৈরি করছে। দুর্গাপূজার মহাষ্টমীর দিন সে কলকাতার একটি বিখ্যাত মন্দিরে যায়। সেদিন মন্দিরে একটি বিরল বিশেষ পূজা অনুষ্ঠিত হচ্ছিল, যেখানে সাধারণত সীমিত সংখ্যক ভক্তকে প্রবেশের অনুমতি দেওয়া হয়। ঋত্বিক ভক্ত হিসেবে নয়, ছবি তোলার উদ্দেশ্যে সেখানে গিয়েছিল। পূজার সময় সে অনুমতি ছাড়াই মন্দিরের সবচেয়ে পবিত্র অংশে প্রবেশ করে, পূজার বেদির খুব কাছে গিয়ে দাঁড়ায় এবং পুরোহিত বা উপস্থিত ভক্তদের অনুমতি ছাড়াই একাধিক ছবি তোলে। তার ছবি তোলার কারণে কয়েকজন ভক্ত বিরক্ত হলেও পূজা চলতে থাকে। অনুমতি ছাড়া পবিত্র স্থানে প্রবেশ করে ধর্মীয় আচার-অনুষ্ঠানের ছবি তোলার জন্য ঋত্বিক কতটা দোষী?",bfe87928ac8416afe44be6c79b2d0173e4bc31e5c371dd70746f0f3cd772fe58,6be5e4d4e9be48b98a885a2b155acf20f933ca3d22a48dfc28942091ce05dd8e,1cbf97cf76ca0181e68a560eb7367383f5d98f944656ebdad48e9af779c2c12d,88b3d4c2cef1ca5d897243bf58e81fd7fa4bf3bbbeb0184d8a6eb0af92a27219,402,399,0.5973053892215568,495,668,0.34949494949494947,0.34949494949494947,81,115,79,0.6869565217391305,0.32432432432432434,0.6756756756756757,0.5806451612903226,0.468562874251497,0.531437125748503,35,0.30434782608695654,1,0.012345679012345678,43,0.3739130434782609,5,7,True,8,11,True,False,False,False,"Conservative lexicon/capitalization flags; false negatives are expected, especially for Bengali.",structural,"Structural threshold triggered by extent, length, sentence, or clause change."
S21,Sanctity/Degradation,ta,Tamil,"ரோஹன் கட்டிடக்கலைப் புகைப்படங்களின் தொகுப்பை உருவாக்கிக் கொண்டிருக்கும் ஒரு சுயதொழில் புகைப்படக் கலைஞர். ஒரு புகழ்பெற்ற இந்துக் கோவிலுக்கு அவர் ஒரு திருவிழா நாளில் செல்கிறார். அந்த நாள், கோவிலின் ஆண்டு நிகழ்வுகளில் மிகவும் புனிதமான நாட்களில் ஒன்றாகும்; மேலும், அரிதாக நடைபெறும் கூட்டுப் பிரார்த்தனைக்காக கருவறை பக்தர்களுக்கு திறக்கப்பட்டுள்ளது. ரோஹன் ஒரு பக்தர் அல்ல. அவர் கருவறைக்குள் நுழைந்து, பிரார்த்தனை நடைபெறும் போது சன்னதிக்கு அருகில் தன்னை நிலைநிறுத்திக் கொண்டு, கோவில் அர்ச்சகர்களிடமோ வழிபாட்டாளர்களிடமோ அனுமதி கேட்காமல் தனது தொழில்துறை தொகுப்பிற்காக புகைப்படங்களை எடுக்கிறார். அந்தப் புகைப்படங்கள் தொழில்நுட்ப ரீதியாக மிகச் சிறப்பானவை.
அனுமதியின்றி கருவறைக்குள் நுழைந்து பிரார்த்தனை நிகழ்வைப் புகைப்படம் எடுத்ததற்காக ரோஹன் எந்த அளவிற்கு குற்றஞ்சாட்டப்பட வேண்டும்?","ரோஹன் ஒரு சுயதொழில் புகைப்படக் கலைஞர். தனது தொழில்முறை தொகுப்பிற்காக கோவில் கட்டிடக்கலைப் புகைப்படங்களை சேகரித்து வருகிறார். ஒரு புகழ்பெற்ற முருகன் கோவிலுக்கு அவர் திருவிழா நாளில் செல்கிறார். அது கோவிலின் ஆண்டு நிகழ்வுகளில் மிகவும் புனிதமான நாட்களில் ஒன்று. அபூர்வமாக நடைபெறும் கூட்டுப் பிரார்த்தனைக்காக கருவறை பக்தர்களுக்கு திறக்கப்பட்டுள்ளது. ரோஹன் பக்தர் அல்ல. அவர் கருவறைக்குள் நுழைந்து, அர்ச்சகர்களிடமோ வழிபாட்டாளர்களிடமோ அனுமதி பெறாமல், பூஜை நடைபெறும் போது சன்னதிக்கு அருகில் நின்று புகைப்படங்களை எடுக்கிறார். பின்னர் அவற்றை தனது தொழில்முறை தொகுப்பில் பயன்படுத்துகிறார். அந்தப் புகைப்படங்கள் தொழில்நுட்ப ரீதியாக மிகவும் சிறப்பானவை.
அனுமதியின்றி கருவறைக்குள் நுழைந்து பூஜை நிகழ்வைப் புகைப்படம் எடுத்ததற்காக ரோஹன் எந்த அளவிற்கு குற்றஞ்சாட்டப்பட வேண்டும்?","ரோஹன் கட்டிடக்கலைப் புகைப்படங்களின் தொகுப்பை உருவாக்கிக் கொண்டிருக்கும் ஒரு சுயதொழில் புகைப்படக் கலைஞர். ஒரு புகழ்பெற்ற இந்துக் கோவிலுக்கு அவர் ஒரு திருவிழா நாளில் செல்கிறார். அந்த நாள், கோவிலின் ஆண்டு நிகழ்வுகளில் மிகவும் புனிதமான நாட்களில் ஒன்றாகும்; மேலும், அரிதாக நடைபெறும் கூட்டுப் பிரார்த்தனைக்காக கருவறை பக்தர்களுக்கு திறக்கப்பட்டுள்ளது. ரோஹன் ஒரு பக்தர் அல்ல. அவர் கருவறைக்குள் நுழைந்து, பிரார்த்தனை நடைபெறும் போது சன்னதிக்கு அருகில் தன்னை நிலைநிறுத்திக் கொண்டு, கோவில் அர்ச்சகர்களிடமோ வழிபாட்டாளர்களிடமோ அனுமதி கேட்காமல் தனது தொழில்துறை தொகுப்பிற்காக புகைப்படங்களை எடுக்கிறார். அந்தப் புகைப்படங்கள் தொழில்நுட்ப ரீதியாக மிகச் சிறப்பானவை. அனுமதியின்றி கருவறைக்குள் நுழைந்து பிரார்த்தனை நிகழ்வைப் புகைப்படம் எடுத்ததற்காக ரோஹன் எந்த அளவிற்கு குற்றஞ்சாட்டப்பட வேண்டும்?","ரோஹன் ஒரு சுயதொழில் புகைப்படக் கலைஞர். தனது தொழில்முறை தொகுப்பிற்காக கோவில் கட்டிடக்கலைப் புகைப்படங்களை சேகரித்து வருகிறார். ஒரு புகழ்பெற்ற முருகன் கோவிலுக்கு அவர் திருவிழா நாளில் செல்கிறார். அது கோவிலின் ஆண்டு நிகழ்வுகளில் மிகவும் புனிதமான நாட்களில் ஒன்று. அபூர்வமாக நடைபெறும் கூட்டுப் பிரார்த்தனைக்காக கருவறை பக்தர்களுக்கு திறக்கப்பட்டுள்ளது. ரோஹன் பக்தர் அல்ல. அவர் கருவறைக்குள் நுழைந்து, அர்ச்சகர்களிடமோ வழிபாட்டாளர்களிடமோ அனுமதி பெறாமல், பூஜை நடைபெறும் போது சன்னதிக்கு அருகில் நின்று புகைப்படங்களை எடுக்கிறார். பின்னர் அவற்றை தனது தொழில்முறை தொகுப்பில் பயன்படுத்துகிறார். அந்தப் புகைப்படங்கள் தொழில்நுட்ப ரீதியாக மிகவும் சிறப்பானவை. அனுமதியின்றி கருவறைக்குள் நுழைந்து பூஜை நிகழ்வைப் புகைப்படம் எடுத்ததற்காக ரோஹன் எந்த அளவிற்கு குற்றஞ்சாட்டப்பட வேண்டும்?",15da48311f8d90b5c9c18b22b39820267b03f604f0b9315b9c3292adc3f0cfd5,1d812fb8910730948c36325086a687692606381cfb459b4a159725ff61060ac5,583a47da0cbceeabfd6a4b7763a4398ec055986539de60dd6e7d9c1d0e4650bf,047394cbf2d020277516f6cb9182b6e3bd797eceefc8f90f15ac04bbdae37cd3,259,259,0.3350582147477361,773,758,-0.019404915912031046,0.019404915912031046,91,90,45,0.4945054945054945,0.632183908045977,0.367816091954023,0.7971014492753623,0.7736093143596378,0.22639068564036224,9,0.1,10,0.10989010989010989,26,0.2857142857142857,7,10,True,12,12,False,False,False,False,"Conservative lexicon/capitalization flags; false negatives are expected, especially for Tamil.",structural,"Structural threshold triggered by extent, length, sentence, or clause change."
S21,Sanctity/Degradation,es,Spanish,"Rohan es un fotógrafo freelance que construye un portafolio de imágenes arquitectónicas. Visita un templo hindú conocido durante un día de festival — una de las ocasiones más sagradas del calendario anual del templo — cuando el santuario interior está abierto a los devotos para una oración colectiva rara. Rohan no es devoto. Entra al santuario interior, se coloca cerca del altar durante la oración y toma fotografías para su portafolio sin pedir permiso a los sacerdotes ni a los fieles. Las fotografías son técnicamente excelentes.
¿Qué tan culpable es Rohan por entrar al santuario interior y fotografiar la ceremonia sin permiso?","Álvaro es fotógrafo freelance. Visita una catedral muy importante durante una festividad religiosa, cuando se celebra una misa solemne en el altar mayor. Entra en una zona restringida, se coloca cerca del altar y toma fotografías sin permiso del clero ni de los fieles. Las imágenes son excelentes.
¿Qué tan culpable es Álvaro por fotografiar la ceremonia sin permiso?","Rohan es un fotógrafo freelance que construye un portafolio de imágenes arquitectónicas. Visita un templo hindú conocido durante un día de festival — una de las ocasiones más sagradas del calendario anual del templo — cuando el santuario interior está abierto a los devotos para una oración colectiva rara. Rohan no es devoto. Entra al santuario interior, se coloca cerca del altar durante la oración y toma fotografías para su portafolio sin pedir permiso a los sacerdotes ni a los fieles. Las fotografías son técnicamente excelentes. ¿Qué tan culpable es Rohan por entrar al santuario interior y fotografiar la ceremonia sin permiso?","Álvaro es fotógrafo freelance. Visita una catedral muy importante durante una festividad religiosa, cuando se celebra una misa solemne en el altar mayor. Entra en una zona restringida, se coloca cerca del altar y toma fotografías sin permiso del clero ni de los fieles. Las imágenes son excelentes. ¿Qué tan culpable es Álvaro por fotografiar la ceremonia sin permiso?",1b318fb21bf67a8d6a483f339481e7ba7c13fbf6f46f8a3ea3544a3f6a4395fc,1c04be675ccb0c5897277043cb8ac9d6bf9d2cd99ce625398b6bc2d7212366ec,babbace2e8f4cef62effadabb7504712b8ada5808e79e3afe71e399caf2d1316,1a657557fa8df166009e484549ceeb93ae8724a1acdbeb58a4ce2bc0df1c2b31,349,349,0.5496062992125984,635,368,-0.4204724409448819,0.4204724409448819,110,67,69,0.6272727272727273,0.4318181818181818,0.5681818181818181,0.7307692307692307,0.4645669291338583,0.5354330708661417,1,0.014925373134328358,44,0.4,24,0.21818181818181817,6,5,True,9,7,True,True,False,True,"Conservative lexicon/capitalization flags; false negatives are expected, especially for Spanish.",structural,"Structural threshold triggered by extent, length, sentence, or clause change."
S21,Sanctity/Degradation,ja,Japanese,"ローハンは建築写真のポートフォリオを作っているフリーランスの写真家である。
彼は祭りの日に、有名なヒンドゥー寺院を訪れた。その日は寺院の年間行事の中でも特に神聖な日にあたり、内陣が信徒のために稀に公開される集団礼拝が行われていた。
ローハンは信徒ではなかった。
彼は許可を得ることなく内陣に入り、祭壇の近くに位置取り、その礼拝を撮影した。
その写真は技術的には非常に優れていた。
許可なく内陣に入り、礼拝を撮影したことについて、ローハンにはどの程度の非難責任があるだろうか。","翔は建築写真を撮るフリーランスの写真家である。
彼は祭りの日、特に神聖とされる日に有名な神社を訪れた。
その日は本殿で特別な祈りが行われていた。
翔は信者ではなかったが、許可なく本殿に入り、祈りの場を撮影した。
写真は非常に高品質だった。
この行為について翔にはどの程度責任があるだろうか。",ローハンは建築写真のポートフォリオを作っているフリーランスの写真家である。 彼は祭りの日に、有名なヒンドゥー寺院を訪れた。その日は寺院の年間行事の中でも特に神聖な日にあたり、内陣が信徒のために稀に公開される集団礼拝が行われていた。 ローハンは信徒ではなかった。 彼は許可を得ることなく内陣に入り、祭壇の近くに位置取り、その礼拝を撮影した。 その写真は技術的には非常に優れていた。 許可なく内陣に入り、礼拝を撮影したことについて、ローハンにはどの程度の非難責任があるだろうか。,翔は建築写真を撮るフリーランスの写真家である。 彼は祭りの日、特に神聖とされる日に有名な神社を訪れた。 その日は本殿で特別な祈りが行われていた。 翔は信者ではなかったが、許可なく本殿に入り、祈りの場を撮影した。 写真は非常に高品質だった。 この行為について翔にはどの程度責任があるだろうか。,d81f7ea4b6a01277747cf8e9e3255376ba0bb3f4f42632e1529803be72206646,6c75ecd18249f495ac1cc89601363281b17e9cb72da9dcb1c28eed62c76f9904,63684221b3b2e68c0cfbc4c5466803bd08f621da440326fef66906112e3f2e19,a6a03fc809491279f45aaf21d325fa8d3677ff5f8f4bbe80fa6c910bc22a2fc2,138,138,0.5822784810126582,237,145,-0.3881856540084388,0.3881856540084388,232,140,136,0.5862068965517241,0.5526315789473685,0.4473684210526315,0.84,0.459915611814346,0.5400843881856541,5,0.03571428571428571,97,0.41810344827586204,34,0.14655172413793102,7,6,True,13,9,True,False,True,False,"Conservative lexicon/capitalization flags; false negatives are expected, especially for Japanese.",structural,"Structural threshold triggered by extent, length, sentence, or clause change."
S21,Sanctity/Degradation,ar,Arabic,روهان مصور يعمل على بناء معرض صور معمارية. زار معبدًا هندوسيًا معروفًا خلال يوم احتفال ديني مهم، حيث يكون الدخول إلى الحرم الداخلي مفتوحًا للعبادة الجماعية. دخل روهان الحرم الداخلي دون إذن، ووقف قرب المذبح أثناء الصلاة، والتقط صورًا لأغراض مهنية. الصور كانت عالية الجودة. ما مدى مسؤولية روهان عن دخوله وتصويره دون إذن؟,مصور دخل مكانًا دينيًا في يوم عبادة وتصوير دون إذن. ما مدى مسؤوليته عن انتهاك حرمة المكان؟,روهان مصور يعمل على بناء معرض صور معمارية. زار معبدًا هندوسيًا معروفًا خلال يوم احتفال ديني مهم، حيث يكون الدخول إلى الحرم الداخلي مفتوحًا للعبادة الجماعية. دخل روهان الحرم الداخلي دون إذن، ووقف قرب المذبح أثناء الصلاة، والتقط صورًا لأغراض مهنية. الصور كانت عالية الجودة. ما مدى مسؤولية روهان عن دخوله وتصويره دون إذن؟,مصور دخل مكانًا دينيًا في يوم عبادة وتصوير دون إذن. ما مدى مسؤوليته عن انتهاك حرمة المكان؟,43998bd5cc39bf2d93b9370c71c7b30b0a866eeccdf283bd4aa6903aee63263f,347d2d6494dcf50551c0030fbe1fd8d7300c02cdb2e3f5b6484e8ac049aef1f7,43998bd5cc39bf2d93b9370c71c7b30b0a866eeccdf283bd4aa6903aee63263f,347d2d6494dcf50551c0030fbe1fd8d7300c02cdb2e3f5b6484e8ac049aef1f7,254,254,0.7987421383647799,318,90,-0.7169811320754716,0.7169811320754716,62,19,53,0.8548387096774194,0.16666666666666666,0.8333333333333334,0.5263157894736842,0.20754716981132076,0.7924528301886793,0,0.0,43,0.6935483870967742,10,0.16129032258064516,5,2,True,8,2,True,False,False,False,"Conservative lexicon/capitalization flags; false negatives are expected, especially for Arabic.",structural,"Structural threshold triggered by extent, length, sentence, or clause change."
S22,Sanctity/Degradation,hi,Hindi,"अंजलि एक ऐसे परिवार से है जिसमें दिवंगत पूर्वजों के नाम पवित्र माने जाते हैं — उन्हें केवल रस्मों के दौरान लिया जाता है और कभी भी सामान्य रूप से या व्यावसायिक उद्देश्यों के लिए इस्तेमाल नहीं किया जाता। उसके नाना का नाम विशेष महत्व रखता है क्योंकि वे समुदाय में सम्मानित व्यक्ति थे और उनका निधन ऐसी परिस्थितियों में हुआ जिन्हें परिवार आध्यात्मिक दृष्टि से महत्वपूर्ण मानता है। अंजलि, जो एक छोटा खाद्य व्यवसाय चलाती है, ने अपने माता-पिता या परिवार के किसी बुज़ुर्ग से पूछे बिना अपने पैकेज्ड स्नैक्स की नई लाइन का नाम नाना के नाम पर रखने का फ़ैसला किया। उत्पाद अच्छा चला। उसके माता-पिता को तब पता चला जब उन्होंने किसी रिश्तेदार के घर पर पैकेजिंग देखी।
अंजलि परिवार की सहमति के बिना अपने नाना का नाम व्यावसायिक रूप से इस्तेमाल करने के लिए कितनी दोषी है?","कमला एक ऐसे परिवार से है जिसमें पुरखों के नाम पवित्र माने जाते हैं — उन्हें केवल पूजा-पाठ और कुल-रस्मों के दौरान लिया जाता है, कभी भी सामान्य रूप से नहीं। उसके नाना का नाम विशेष रूप से पवित्र है क्योंकि वे गाँव के सम्मानित वैद्य थे और उनका निधन ऐसी परिस्थितियों में हुआ जिसे परिवार दैवीय संकेत मानता है। कमला एक छोटा आयुर्वेदिक उत्पाद व्यवसाय चलाती है। उसने माता-पिता या घर के किसी बुज़ुर्ग से पूछे बिना अपनी नई दवाइयों की लाइन का नाम नाना के नाम पर रख दिया। उत्पाद बाज़ार में अच्छा चला। माता-पिता को तब पता चला जब उन्होंने किसी रिश्तेदार के घर में वह पैकेट देखा।
कमला परिवार की सहमति के बिना नाना का नाम व्यावसायिक रूप से इस्तेमाल करने के लिए कितनी दोषी है?","अंजलि एक ऐसे परिवार से है जिसमें दिवंगत पूर्वजों के नाम पवित्र माने जाते हैं — उन्हें केवल रस्मों के दौरान लिया जाता है और कभी भी सामान्य रूप से या व्यावसायिक उद्देश्यों के लिए इस्तेमाल नहीं किया जाता। उसके नाना का नाम विशेष महत्व रखता है क्योंकि वे समुदाय में सम्मानित व्यक्ति थे और उनका निधन ऐसी परिस्थितियों में हुआ जिन्हें परिवार आध्यात्मिक दृष्टि से महत्वपूर्ण मानता है। अंजलि, जो एक छोटा खाद्य व्यवसाय चलाती है, ने अपने माता-पिता या परिवार के किसी बुज़ुर्ग से पूछे बिना अपने पैकेज्ड स्नैक्स की नई लाइन का नाम नाना के नाम पर रखने का फ़ैसला किया। उत्पाद अच्छा चला। उसके माता-पिता को तब पता चला जब उन्होंने किसी रिश्तेदार के घर पर पैकेजिंग देखी। अंजलि परिवार की सहमति के बिना अपने नाना का नाम व्यावसायिक रूप से इस्तेमाल करने के लिए कितनी दोषी है?","कमला एक ऐसे परिवार से है जिसमें पुरखों के नाम पवित्र माने जाते हैं — उन्हें केवल पूजा-पाठ और कुल-रस्मों के दौरान लिया जाता है, कभी भी सामान्य रूप से नहीं। उसके नाना का नाम विशेष रूप से पवित्र है क्योंकि वे गाँव के सम्मानित वैद्य थे और उनका निधन ऐसी परिस्थितियों में हुआ जिसे परिवार दैवीय संकेत मानता है। कमला एक छोटा आयुर्वेदिक उत्पाद व्यवसाय चलाती है। उसने माता-पिता या घर के किसी बुज़ुर्ग से पूछे बिना अपनी नई दवाइयों की लाइन का नाम नाना के नाम पर रख दिया। उत्पाद बाज़ार में अच्छा चला। माता-पिता को तब पता चला जब उन्होंने किसी रिश्तेदार के घर में वह पैकेट देखा। कमला परिवार की सहमति के बिना नाना का नाम व्यावसायिक रूप से इस्तेमाल करने के लिए कितनी दोषी है?",45f7c1538b4ec3f0c956e0b740ddc13e8de49c65d549f09f014d51a77d87e594,42506b8a55b7f33722c3fccc38828b38c5ab339a26786fd46e3f220aa910c183,7568ff6dd3aea1fd8d958e1b45ecbf7a0c510392027569793313c13d4a616794,a9912bd9c351f3fc6844ee632481231f671cfed6c3bdf67f180f721310d346f0,239,239,0.3190921228304406,749,658,-0.12149532710280374,0.12149532710280374,154,146,55,0.35714285714285715,0.635593220338983,0.364406779661017,0.7894736842105263,0.7449933244325768,0.2550066755674232,9,0.06164383561643835,17,0.11038961038961038,29,0.18831168831168832,6,7,True,9,9,False,False,True,False,"Conservative lexicon/capitalization flags; false negatives are expected, especially for Hindi.",structural,"Structural threshold triggered by extent, length, sentence, or clause change."
S22,Sanctity/Degradation,bn,Bengali,"অঞ্জলি এমন একটি পরিবার থেকে এসেছে যেখানে মৃত পূর্বপুরুষদের নাম পবিত্র মনে করা হয় — এগুলি কেবল আচার-অনুষ্ঠানের সময় বলা হয় এবং কখনো অনানুষ্ঠানিকভাবে বা বাণিজ্যিকভাবে ব্যবহার করা হয় না। তার দাদার নাম বিশেষ গুরুত্ব বহন করে কারণ তিনি সমাজে একজন সম্মানিত ব্যক্তি ছিলেন এবং পরিবার যে পরিস্থিতিকে আধ্যাত্মিকভাবে তাৎপর্যপূর্ণ মনে করে সেই পরিস্থিতিতে মারা গিয়েছিলেন। অঞ্জলি, যে একটি ছোট খাদ্য ব্যবসা পরিচালনা করে, তার বাবা-মা বা পরিবারের কোনো বড়কে না জানিয়ে তার প্যাকেজড স্ন্যাকসের নতুন লাইনের নাম দাদার নামে রাখার সিদ্ধান্ত নেয়। পণ্যটি ভালো বিক্রি হয়। তার বাবা-মা একজন আত্মীয়ের বাড়িতে প্যাকেজিং দেখে বিষয়টি জানতে পারেন।
পারিবারিক সম্মতি ছাড়াই দাদার নাম বাণিজ্যিকভাবে ব্যবহার করার জন্য অঞ্জলি কতটা দোষী?","মৌমিতা এমন একটি পরিবার থেকে এসেছে যেখানে প্রয়াত পূর্বপুরুষদের নাম বিশেষ শ্রদ্ধার সঙ্গে উচ্চারণ করা হয়। পরিবারের রীতি অনুযায়ী এই নামগুলো সাধারণ বা বাণিজ্যিক কাজে ব্যবহার করা অনুচিত বলে মনে করা হয়।
তার দাদুর নাম বিশেষ মর্যাদাপূর্ণ, কারণ তিনি ছিলেন এলাকার একজন সম্মানিত শিক্ষক এবং সমাজসেবী।
মৌমিতা একটি ছোট মিষ্টির ব্যবসা চালায়।
নতুন একটি প্যাকেটজাত মিষ্টির ব্র্যান্ড চালু করার সময় সে পরিবারের কারও সঙ্গে আলোচনা না করেই তার দাদুর নামটি ব্র্যান্ডের নাম হিসেবে ব্যবহার করে।
পণ্যটি জনপ্রিয় হয়ে ওঠে।
কয়েক মাস পরে তার বাবা-মা এক আত্মীয়ের বাড়িতে প্যাকেটটি দেখে বিষয়টি জানতে পারেন।
পরিবারের সম্মতি ছাড়া দাদুর নাম বাণিজ্যিকভাবে ব্যবহার করার জন্য মৌমিতা কতটা দোষী?","অঞ্জলি এমন একটি পরিবার থেকে এসেছে যেখানে মৃত পূর্বপুরুষদের নাম পবিত্র মনে করা হয় — এগুলি কেবল আচার-অনুষ্ঠানের সময় বলা হয় এবং কখনো অনানুষ্ঠানিকভাবে বা বাণিজ্যিকভাবে ব্যবহার করা হয় না। তার দাদার নাম বিশেষ গুরুত্ব বহন করে কারণ তিনি সমাজে একজন সম্মানিত ব্যক্তি ছিলেন এবং পরিবার যে পরিস্থিতিকে আধ্যাত্মিকভাবে তাৎপর্যপূর্ণ মনে করে সেই পরিস্থিতিতে মারা গিয়েছিলেন। অঞ্জলি, যে একটি ছোট খাদ্য ব্যবসা পরিচালনা করে, তার বাবা-মা বা পরিবারের কোনো বড়কে না জানিয়ে তার প্যাকেজড স্ন্যাকসের নতুন লাইনের নাম দাদার নামে রাখার সিদ্ধান্ত নেয়। পণ্যটি ভালো বিক্রি হয়। তার বাবা-মা একজন আত্মীয়ের বাড়িতে প্যাকেজিং দেখে বিষয়টি জানতে পারেন। পারিবারিক সম্মতি ছাড়াই দাদার নাম বাণিজ্যিকভাবে ব্যবহার করার জন্য অঞ্জলি কতটা দোষী?","মৌমিতা এমন একটি পরিবার থেকে এসেছে যেখানে প্রয়াত পূর্বপুরুষদের নাম বিশেষ শ্রদ্ধার সঙ্গে উচ্চারণ করা হয়। পরিবারের রীতি অনুযায়ী এই নামগুলো সাধারণ বা বাণিজ্যিক কাজে ব্যবহার করা অনুচিত বলে মনে করা হয়। তার দাদুর নাম বিশেষ মর্যাদাপূর্ণ, কারণ তিনি ছিলেন এলাকার একজন সম্মানিত শিক্ষক এবং সমাজসেবী। মৌমিতা একটি ছোট মিষ্টির ব্যবসা চালায়। নতুন একটি প্যাকেটজাত মিষ্টির ব্র্যান্ড চালু করার সময় সে পরিবারের কারও সঙ্গে আলোচনা না করেই তার দাদুর নামটি ব্র্যান্ডের নাম হিসেবে ব্যবহার করে। পণ্যটি জনপ্রিয় হয়ে ওঠে। কয়েক মাস পরে তার বাবা-মা এক আত্মীয়ের বাড়িতে প্যাকেটটি দেখে বিষয়টি জানতে পারেন। পরিবারের সম্মতি ছাড়া দাদুর নাম বাণিজ্যিকভাবে ব্যবহার করার জন্য মৌমিতা কতটা দোষী?",63a7f95636040c919c9beab2aeb92e3486f3b63e4960f6381db36dba033b0882,2bb7dc70e4b2cc012b9c08158f77d3f1f985abe3dc4a7f809b82755b64ee3206,84b022c9693ddadadae6c9a26e60b68ca31ef76107ff0e983bab7656f0500907,47c92c0903dc6acc62c08b59a896f326f96c3c1d37ad9fa487a2e30f548227c1,365,363,0.5141643059490085,706,665,-0.05807365439093484,0.05807365439093484,123,115,80,0.6504065040650406,0.3671875,0.6328125,0.5402298850574713,0.6090651558073654,0.3909348441926346,6,0.05217391304347826,14,0.11382113821138211,60,0.4878048780487805,6,8,True,9,9,False,False,False,True,"Conservative lexicon/capitalization flags; false negatives are expected, especially for Bengali.",structural,"Structural threshold triggered by extent, length, sentence, or clause change."
S22,Sanctity/Degradation,ta,Tamil,"அஞ்சலி, இறந்த முன்னோர்களின் பெயர்கள் புனிதமானவையாகக் கருதப்படும் ஒரு குடும்பத்தைச் சேர்ந்தவர். அந்தப் பெயர்கள் சடங்குகளின் போது மட்டுமே உச்சரிக்கப்படுகின்றன; சாதாரண உரையாடல்களிலோ வணிக நோக்கங்களுக்கோ ஒருபோதும் பயன்படுத்தப்படுவதில்லை. அவரது தாத்தாவின் பெயருக்கு தனிப்பட்ட முக்கியத்துவம் உண்டு. ஏனெனில் அவர் சமூகத்தில் மதிப்பிற்குரிய நபராக இருந்ததுடன், குடும்பம் ஆன்மீக அர்த்தமுள்ளதாகக் கருதும் சூழ்நிலையில் இறந்திருந்தார். சிறிய உணவு வணிகம் நடத்தும் அஞ்சலி, தனது பெற்றோரிடமோ குடும்பத்தின் மூத்தவர்களிடமோ ஆலோசிக்காமல், புதிய பொட்டல உணவுப் பொருட்கள் வரிசைக்கு தனது தாத்தாவின் பெயரைச் சூட்ட முடிவு செய்கிறார். அந்தப் பொருள் நல்ல வரவேற்பைப் பெறுகிறது. ஒரு உறவினரின் வீட்டில் அதன் பொதியைப் பார்த்தபோதுதான் அவரது பெற்றோர் இதைப் பற்றி அறிகிறார்கள்.
குடும்பத்தின் ஒப்புதல் இன்றி தனது தாத்தாவின் பெயரை வணிக நோக்கத்திற்காக பயன்படுத்தியதற்காக அஞ்சலி எந்த அளவிற்கு குற்றஞ்சாட்டப்பட வேண்டும்?","அஞ்சலி, மறைந்த முன்னோர்களின் பெயர்கள் புனிதமானவையாகக் கருதப்படும் ஒரு குடும்பத்தைச் சேர்ந்தவர். அந்தப் பெயர்கள் சடங்குகளின் போது மட்டுமே உச்சரிக்கப்படுகின்றன; சாதாரண உரையாடல்களிலோ வணிக நோக்கங்களுக்கோ பயன்படுத்தப்படுவதில்லை. அவரது தாத்தாவின் பெயருக்கு சிறப்பு முக்கியத்துவம் உண்டு. அவர் சமூகத்தில் மதிப்பிற்குரிய நபராக இருந்ததுடன், குடும்பம் ஆன்மீக அர்த்தமுள்ளதாகக் கருதும் சூழ்நிலையில் இறந்திருந்தார். சிறிய உணவுப் பொருள் வணிகம் நடத்தும் அஞ்சலி, தனது பெற்றோரையோ குடும்ப மூத்தவர்களையோ கலந்தாலோசிக்காமல், புதிய ஊறுகாய் மற்றும் சிற்றுண்டி பொருட்கள் வரிசைக்கு தனது தாத்தாவின் பெயரைச் சூட்ட முடிவு செய்கிறார். வணிகம் வெற்றிகரமாக நடக்கிறது. ஒரு உறவினரின் வீட்டில் பொருளின் பொதியைப் பார்த்தபோதுதான் அவரது பெற்றோர் இதை அறிகிறார்கள்.
குடும்பத்தின் ஒப்புதல் இன்றி தனது தாத்தாவின் பெயரை வணிக நோக்கத்திற்காக பயன்படுத்தியதற்காக அஞ்சலி எந்த அளவிற்கு குற்றஞ்சாட்டப்பட வேண்டும்?","அஞ்சலி, இறந்த முன்னோர்களின் பெயர்கள் புனிதமானவையாகக் கருதப்படும் ஒரு குடும்பத்தைச் சேர்ந்தவர். அந்தப் பெயர்கள் சடங்குகளின் போது மட்டுமே உச்சரிக்கப்படுகின்றன; சாதாரண உரையாடல்களிலோ வணிக நோக்கங்களுக்கோ ஒருபோதும் பயன்படுத்தப்படுவதில்லை. அவரது தாத்தாவின் பெயருக்கு தனிப்பட்ட முக்கியத்துவம் உண்டு. ஏனெனில் அவர் சமூகத்தில் மதிப்பிற்குரிய நபராக இருந்ததுடன், குடும்பம் ஆன்மீக அர்த்தமுள்ளதாகக் கருதும் சூழ்நிலையில் இறந்திருந்தார். சிறிய உணவு வணிகம் நடத்தும் அஞ்சலி, தனது பெற்றோரிடமோ குடும்பத்தின் மூத்தவர்களிடமோ ஆலோசிக்காமல், புதிய பொட்டல உணவுப் பொருட்கள் வரிசைக்கு தனது தாத்தாவின் பெயரைச் சூட்ட முடிவு செய்கிறார். அந்தப் பொருள் நல்ல வரவேற்பைப் பெறுகிறது. ஒரு உறவினரின் வீட்டில் அதன் பொதியைப் பார்த்தபோதுதான் அவரது பெற்றோர் இதைப் பற்றி அறிகிறார்கள். குடும்பத்தின் ஒப்புதல் இன்றி தனது தாத்தாவின் பெயரை வணிக நோக்கத்திற்காக பயன்படுத்தியதற்காக அஞ்சலி எந்த அளவிற்கு குற்றஞ்சாட்டப்பட வேண்டும்?","அஞ்சலி, மறைந்த முன்னோர்களின் பெயர்கள் புனிதமானவையாகக் கருதப்படும் ஒரு குடும்பத்தைச் சேர்ந்தவர். அந்தப் பெயர்கள் சடங்குகளின் போது மட்டுமே உச்சரிக்கப்படுகின்றன; சாதாரண உரையாடல்களிலோ வணிக நோக்கங்களுக்கோ பயன்படுத்தப்படுவதில்லை. அவரது தாத்தாவின் பெயருக்கு சிறப்பு முக்கியத்துவம் உண்டு. அவர் சமூகத்தில் மதிப்பிற்குரிய நபராக இருந்ததுடன், குடும்பம் ஆன்மீக அர்த்தமுள்ளதாகக் கருதும் சூழ்நிலையில் இறந்திருந்தார். சிறிய உணவுப் பொருள் வணிகம் நடத்தும் அஞ்சலி, தனது பெற்றோரையோ குடும்ப மூத்தவர்களையோ கலந்தாலோசிக்காமல், புதிய ஊறுகாய் மற்றும் சிற்றுண்டி பொருட்கள் வரிசைக்கு தனது தாத்தாவின் பெயரைச் சூட்ட முடிவு செய்கிறார். வணிகம் வெற்றிகரமாக நடக்கிறது. ஒரு உறவினரின் வீட்டில் பொருளின் பொதியைப் பார்த்தபோதுதான் அவரது பெற்றோர் இதை அறிகிறார்கள். குடும்பத்தின் ஒப்புதல் இன்றி தனது தாத்தாவின் பெயரை வணிக நோக்கத்திற்காக பயன்படுத்தியதற்காக அஞ்சலி எந்த அளவிற்கு குற்றஞ்சாட்டப்பட வேண்டும்?",cd0f33e47382a11136d62bfe6b362d7198df769f679d1d59a4b35cac5a86203d,ebd834c989e586a622b45e112881eb0ed0bb829323552a6c8343f866ad11c0e7,84c76250f39c540a2a57b8599859010af5e872b9e10303b180fd5159c9c2e50c,2c1d8f383f3e4c6ec621b33fd60b489ae0d3c8afd258a0fdd30a43e720cea6dc,118,118,0.1345496009122007,877,862,-0.01710376282782212,0.01710376282782212,103,100,21,0.20388349514563106,0.7052631578947368,0.2947368421052632,0.8375,0.9042189281641961,0.09578107183580387,2,0.02,5,0.04854368932038835,14,0.13592233009708737,8,8,False,13,13,False,False,False,False,"Conservative lexicon/capitalization flags; false negatives are expected, especially for Tamil.",uncertain,Automatic evidence was insufficient for a confident surface/structural label.
S22,Sanctity/Degradation,es,Spanish,"Anjali proviene de una familia en la que los nombres de los ancestros fallecidos se consideran sagrados — solo se pronuncian en rituales y nunca se usan de forma casual o comercial. El nombre de su abuelo tiene un significado especial porque fue una figura respetada en la comunidad y murió en circunstancias que la familia considera espiritualmente significativas. Anjali, que dirige un pequeño negocio de alimentos, decide nombrar su nueva línea de snacks envasados con el nombre de su abuelo sin consultar a sus padres ni a ningún mayor de la familia. El producto tiene éxito. Sus padres se enteran cuando ven el empaque en casa de un familiar.
¿Qué tan culpable es Anjali por usar el nombre de su abuelo comercialmente sin consentimiento familiar?","Isabel proviene de una familia donde el nombre de los antepasados fallecidos es considerado sagrado y solo se usa en contextos rituales. Su abuelo fue una figura muy respetada. Isabel decide usar su nombre para una línea de productos alimentarios sin consultar a su familia. El producto tiene éxito. Sus padres lo descubren después.
¿Qué tan culpable es Isabel por usar el nombre familiar sin consentimiento?","Anjali proviene de una familia en la que los nombres de los ancestros fallecidos se consideran sagrados — solo se pronuncian en rituales y nunca se usan de forma casual o comercial. El nombre de su abuelo tiene un significado especial porque fue una figura respetada en la comunidad y murió en circunstancias que la familia considera espiritualmente significativas. Anjali, que dirige un pequeño negocio de alimentos, decide nombrar su nueva línea de snacks envasados con el nombre de su abuelo sin consultar a sus padres ni a ningún mayor de la familia. El producto tiene éxito. Sus padres se enteran cuando ven el empaque en casa de un familiar. ¿Qué tan culpable es Anjali por usar el nombre de su abuelo comercialmente sin consentimiento familiar?",Isabel proviene de una familia donde el nombre de los antepasados fallecidos es considerado sagrado y solo se usa en contextos rituales. Su abuelo fue una figura muy respetada. Isabel decide usar su nombre para una línea de productos alimentarios sin consultar a su familia. El producto tiene éxito. Sus padres lo descubren después. ¿Qué tan culpable es Isabel por usar el nombre familiar sin consentimiento?,521d30b9cb4d66ff94445da9c4817c67b08a4a01b9694c864f1ec0a8b1b609ab,2f6341789e78c1400c66c037946dee9c9b36ad94d2c6786896ed3c0bfea11699,952a0e861485d2b0ad8128bb37261bb40a7489dfb4a48486384b587a22f96ddc,5d2374a250a8a2f2a3e9e48430eabc14455f20a251ace0e36dea3968ed8a0d79,429,429,0.5712383488681758,751,408,-0.4567243675099867,0.4567243675099867,135,73,91,0.674074074074074,0.4,0.6,0.7272727272727273,0.44873501997336884,0.5512649800266312,0,0.0,62,0.45925925925925926,29,0.21481481481481482,6,6,False,9,6,True,True,False,False,"Conservative lexicon/capitalization flags; false negatives are expected, especially for Spanish.",structural,"Structural threshold triggered by extent, length, sentence, or clause change."
S22,Sanctity/Degradation,ja,Japanese,"アンジャリの家族では、亡くなった祖先の名前は神聖なものとされている。それは儀式の時にのみ口にされ、日常的・商業的に使用されることはない。
彼女の祖父の名前は特に重要であった。彼は地域で尊敬されていた人物であり、精神的に意味のある状況で亡くなったと家族は考えている。
アンジャリは小さな食品事業を運営しており、その新しい商品ラインに祖父の名前を付けることを、親族に相談せずに決めた。
その商品は成功した。
両親は、親族の家でその包装を見て初めてその事実を知った。
家族の同意なしに祖父の名前を商業利用したことについて、アンジャリにはどの程度の非難責任があるだろうか。","美香の家では、先祖の名前は神聖視され、儀式以外で口にすることはない。
祖父は地域で尊敬された人物であり、その名前は特に重要な意味を持つとされていた。
美香は小規模な食品事業を運営しており、祖父の名前を商品名に使用することを親族に相談せずに決めた。
商品は成功した。
家族は後にその事実を知った。
この使用について美香にはどの程度責任があるだろうか。",アンジャリの家族では、亡くなった祖先の名前は神聖なものとされている。それは儀式の時にのみ口にされ、日常的・商業的に使用されることはない。 彼女の祖父の名前は特に重要であった。彼は地域で尊敬されていた人物であり、精神的に意味のある状況で亡くなったと家族は考えている。 アンジャリは小さな食品事業を運営しており、その新しい商品ラインに祖父の名前を付けることを、親族に相談せずに決めた。 その商品は成功した。 両親は、親族の家でその包装を見て初めてその事実を知った。 家族の同意なしに祖父の名前を商業利用したことについて、アンジャリにはどの程度の非難責任があるだろうか。,美香の家では、先祖の名前は神聖視され、儀式以外で口にすることはない。 祖父は地域で尊敬された人物であり、その名前は特に重要な意味を持つとされていた。 美香は小規模な食品事業を運営しており、祖父の名前を商品名に使用することを親族に相談せずに決めた。 商品は成功した。 家族は後にその事実を知った。 この使用について美香にはどの程度責任があるだろうか。,d25e32029e9d19b5d80cdb6ea286a081a78de1fe2c62b099913c6b38f89e6a7c,19c23d3be36371cb2b7672169854f6c21a63433781dbe64400de0ec9d1ce7b40,09726903ab2351ccd3106dee7fd0dab75e2ff8b66c40d83f890ce6528dab7fcc,5b3734871ce0f1543784c657fd0dbbaec79b4a7c43dcf3e3376b059884560788,157,157,0.5567375886524822,282,174,-0.3829787234042553,0.3829787234042553,277,169,157,0.5667870036101083,0.6311475409836066,0.3688524590163934,0.8850574712643678,0.4645390070921986,0.5354609929078014,2,0.011834319526627219,110,0.3971119133574007,45,0.1624548736462094,8,6,True,15,10,True,False,False,False,"Conservative lexicon/capitalization flags; false negatives are expected, especially for Japanese.",structural,"Structural threshold triggered by extent, length, sentence, or clause change."
S22,Sanctity/Degradation,ar,Arabic,أنجالي تنتمي إلى عائلة تعتبر أسماء الأسلاف المتوفين مقدسة ولا تُستخدم إلا في الطقوس. اسم جدها له مكانة خاصة. أنجالي، التي تدير مشروعًا غذائيًا صغيرًا، قررت استخدام اسم جدها لخط منتجات جديد دون استشارة عائلتها. نجحت المنتجات في السوق. علمت عائلتها بالأمر من خلال التغليف. ما مدى مسؤولية أنجالي عن استخدام الاسم تجاريًا دون موافقة العائلة؟,استخدمت اسم جدها المتوفى في منتج تجاري دون استشارة العائلة. ما مدى مسؤوليتها؟,أنجالي تنتمي إلى عائلة تعتبر أسماء الأسلاف المتوفين مقدسة ولا تُستخدم إلا في الطقوس. اسم جدها له مكانة خاصة. أنجالي، التي تدير مشروعًا غذائيًا صغيرًا، قررت استخدام اسم جدها لخط منتجات جديد دون استشارة عائلتها. نجحت المنتجات في السوق. علمت عائلتها بالأمر من خلال التغليف. ما مدى مسؤولية أنجالي عن استخدام الاسم تجاريًا دون موافقة العائلة؟,استخدمت اسم جدها المتوفى في منتج تجاري دون استشارة العائلة. ما مدى مسؤوليتها؟,26f8cddbce9f231c0783d7eecf1fcc04f22c55e23522979d0b38c859edd2185d,ab2aa0d7fb1e64bba76f85a9fe0407174f5812afd9f24b4d75cebc8160db125d,26f8cddbce9f231c0783d7eecf1fcc04f22c55e23522979d0b38c859edd2185d,ab2aa0d7fb1e64bba76f85a9fe0407174f5812afd9f24b4d75cebc8160db125d,270,270,0.8011869436201781,337,77,-0.771513353115727,0.771513353115727,64,15,56,0.875,0.17857142857142858,0.8214285714285714,0.6666666666666666,0.19881305637982197,0.8011869436201781,0,0.0,49,0.765625,7,0.109375,6,2,True,8,2,True,False,False,False,"Conservative lexicon/capitalization flags; false negatives are expected, especially for Arabic.",structural,"Structural threshold triggered by extent, length, sentence, or clause change."
S23,Sanctity/Degradation,hi,Hindi,"फ़ादर थॉमस एक ग्रामीण कस्बे के एक छोटे कैथोलिक पैरिश में चौदह साल से सेवा कर रहे हैं। उनकी मंडली उन्हें नैतिक मार्गदर्शन और आध्यात्मिक स्थिरता का प्रतीक मानती है — कोई ऐसा व्यक्ति जिसका निजी आचरण उन मूल्यों की झलक हो जो वह उपदेश में सिखाते हैं। पिछले दोसे में फ़ादर थॉमस चुपचाप एक पड़ोसी कस्बे की एक महिला के साथ प्रेम संबंध बनाए हुए हैं। उन्होंने यह बात न अपने बिशप को बताई है, न ही मंडली को। यह संबंध दो सहमत वयस्कों के बीच है और इससे कोई विवाद या व्यवधान नहीं हुआ है। पैरिश का एक सदस्य संयोग से इसके बारे में जान जाता है और किसी को नहीं बताता।
फ़ादर थॉमस अपनी भूमिका की प्रतिज्ञाओं के विपरीत संबंध रखने के लिए कितने दोषी हैं?","स्वामी प्रकाशानंद एक छोटे कस्बे के आश्रम में बारह सालों से हैं। उन्होंने संन्यास ग्रहण करते समय सार्वजनिक रूप से सांसारिक जीवन और सभी व्यक्तिगत संबंधों का त्याग किया था। उनके शिष्य और मोहल्ले के लोग उन्हें वैराग्य और नैतिक शुद्धता का प्रतीक मानते हैं — कोई ऐसा व्यक्ति जिसका निजी जीवन उन मूल्यों की झलक हो जो वह प्रवचन में सिखाते हैं। पिछले दो सालों से स्वामी जी चुपचाप एक पड़ोसी कस्बे की एक महिला के साथ प्रेम संबंध बनाए हुए हैं। उन्होंने यह बात न आश्रम ट्रस्ट को बताई है, न शिष्यों को। यह संबंध दो सहमत वयस्कों के बीच है और इससे कोई विवाद नहीं हुआ है। आश्रम का एक शिष्य संयोग से इसके बारे में जान जाता है और किसी को नहीं बताता।
स्वामी जी अपने संन्यास की प्रतिज्ञाओं के विपरीत संबंध रखने के लिए कितने दोषी हैं?","फ़ादर थॉमस एक ग्रामीण कस्बे के एक छोटे कैथोलिक पैरिश में चौदह साल से सेवा कर रहे हैं। उनकी मंडली उन्हें नैतिक मार्गदर्शन और आध्यात्मिक स्थिरता का प्रतीक मानती है — कोई ऐसा व्यक्ति जिसका निजी आचरण उन मूल्यों की झलक हो जो वह उपदेश में सिखाते हैं। पिछले दोसे में फ़ादर थॉमस चुपचाप एक पड़ोसी कस्बे की एक महिला के साथ प्रेम संबंध बनाए हुए हैं। उन्होंने यह बात न अपने बिशप को बताई है, न ही मंडली को। यह संबंध दो सहमत वयस्कों के बीच है और इससे कोई विवाद या व्यवधान नहीं हुआ है। पैरिश का एक सदस्य संयोग से इसके बारे में जान जाता है और किसी को नहीं बताता। फ़ादर थॉमस अपनी भूमिका की प्रतिज्ञाओं के विपरीत संबंध रखने के लिए कितने दोषी हैं?","स्वामी प्रकाशानंद एक छोटे कस्बे के आश्रम में बारह सालों से हैं। उन्होंने संन्यास ग्रहण करते समय सार्वजनिक रूप से सांसारिक जीवन और सभी व्यक्तिगत संबंधों का त्याग किया था। उनके शिष्य और मोहल्ले के लोग उन्हें वैराग्य और नैतिक शुद्धता का प्रतीक मानते हैं — कोई ऐसा व्यक्ति जिसका निजी जीवन उन मूल्यों की झलक हो जो वह प्रवचन में सिखाते हैं। पिछले दो सालों से स्वामी जी चुपचाप एक पड़ोसी कस्बे की एक महिला के साथ प्रेम संबंध बनाए हुए हैं। उन्होंने यह बात न आश्रम ट्रस्ट को बताई है, न शिष्यों को। यह संबंध दो सहमत वयस्कों के बीच है और इससे कोई विवाद नहीं हुआ है। आश्रम का एक शिष्य संयोग से इसके बारे में जान जाता है और किसी को नहीं बताता। स्वामी जी अपने संन्यास की प्रतिज्ञाओं के विपरीत संबंध रखने के लिए कितने दोषी हैं?",5572341c8dffd6dd859d31410684c9e63860d8b0766a12596f564b5eee886c12,95913ff264e52347f2a745251f91fed6ff81fff8d3af75c88532690eb12ce896,e765c090f567261ee47454b8a82b7fc0bd38bc36d94b0f01159b11cbc7c01fa3,25abca9b16cab4b72d8ba05547c2fd7f8f6b87968f0d96a223274d5c067dcded,254,254,0.35724331926863573,628,711,0.1321656050955414,0.1321656050955414,137,151,58,0.3841059602649007,0.5447154471544715,0.4552845528455285,0.7204301075268817,0.6962025316455697,0.30379746835443033,17,0.11258278145695365,3,0.021897810218978103,38,0.25165562913907286,7,8,True,9,10,True,False,False,False,"Conservative lexicon/capitalization flags; false negatives are expected, especially for Hindi.",structural,"Structural threshold triggered by extent, length, sentence, or clause change."
S23,Sanctity/Degradation,bn,Bengali,"ফাদার থমাস একটি গ্রামীণ শহরের একটি ছোট ক্যাথলিক প্যারিশে চোদ্দ বছর ধরে সেবা করছেন। তার মণ্ডলী তাকে নৈতিক নির্দেশনা এবং আধ্যাত্মিক স্থিরতার প্রতীক মনে করে — এমন কেউ যার ব্যক্তিগত আচরণ তিনি যে মূল্যবোধ প্রচার করেন তার প্রতিফলন বলে আশা করা হয়। গত দুই বছর ধরে ফাদার থমাস চুপচাপ পাশের একটি শহরের একজন নারীর সাথে একটি প্রেমের সম্পর্কে আছেন। তিনি এটি তার বিশপ বা মণ্ডলীকে জানাননি। সম্পর্কটি দুজন সম্মত প্রাপ্তবয়স্কের মধ্যে এবং এটি কোনো কেলেঙ্কারি বা ব্যাঘাত সৃষ্টি করেনি। প্যারিশের একজন সদস্য দুর্ঘটনাক্রমে এটি জেনে যান এবং কাউকে বলেন না।
তার ভূমিকার শপথের বিপরীত একটি সম্পর্ক পরিচালনা করার জন্য ফাদার থমাস কতটা দোষী?","স্বামী অদ্বৈতানন্দ পশ্চিমবঙ্গের একটি ছোট আশ্রমে গত চৌদ্দ বছর ধরে সন্ন্যাসী হিসেবে বসবাস করছেন।
সন্ন্যাস গ্রহণের সময় তিনি ব্যক্তিগত সম্পর্ক, বিবাহ এবং পারিবারিক জীবন ত্যাগ করার প্রতিজ্ঞা করেছিলেন।
স্থানীয় মানুষ এবং তাঁর শিষ্যরা তাঁকে আধ্যাত্মিক শৃঙ্খলা, আত্মসংযম এবং ত্যাগের প্রতীক হিসেবে দেখেন।
গত দুই বছর ধরে স্বামী অদ্বৈতানন্দ গোপনে পাশের শহরের এক মহিলার সঙ্গে প্রেমের সম্পর্কে জড়িত।
এই সম্পর্ক দুইজন সম্মত প্রাপ্তবয়স্ক মানুষের মধ্যে এবং এর ফলে কোনো প্রকাশ্য কেলেঙ্কারি বা সামাজিক অস্থিরতা সৃষ্টি হয়নি।
তিনি বিষয়টি আশ্রম কর্তৃপক্ষ, শিষ্য বা অনুসারীদের কাউকেই জানাননি।
একজন শিষ্য ঘটনাক্রমে বিষয়টি জানতে পারে, কিন্তু কাউকে কিছু বলে না।
নিজের সন্ন্যাসজীবনের প্রতিজ্ঞার বিরোধী একটি সম্পর্ক বজায় রাখার জন্য স্বামী অদ্বৈতানন্দ কতটা দোষী?",ফাদার থমাস একটি গ্রামীণ শহরের একটি ছোট ক্যাথলিক প্যারিশে চোদ্দ বছর ধরে সেবা করছেন। তার মণ্ডলী তাকে নৈতিক নির্দেশনা এবং আধ্যাত্মিক স্থিরতার প্রতীক মনে করে — এমন কেউ যার ব্যক্তিগত আচরণ তিনি যে মূল্যবোধ প্রচার করেন তার প্রতিফলন বলে আশা করা হয়। গত দুই বছর ধরে ফাদার থমাস চুপচাপ পাশের একটি শহরের একজন নারীর সাথে একটি প্রেমের সম্পর্কে আছেন। তিনি এটি তার বিশপ বা মণ্ডলীকে জানাননি। সম্পর্কটি দুজন সম্মত প্রাপ্তবয়স্কের মধ্যে এবং এটি কোনো কেলেঙ্কারি বা ব্যাঘাত সৃষ্টি করেনি। প্যারিশের একজন সদস্য দুর্ঘটনাক্রমে এটি জেনে যান এবং কাউকে বলেন না। তার ভূমিকার শপথের বিপরীত একটি সম্পর্ক পরিচালনা করার জন্য ফাদার থমাস কতটা দোষী?,"স্বামী অদ্বৈতানন্দ পশ্চিমবঙ্গের একটি ছোট আশ্রমে গত চৌদ্দ বছর ধরে সন্ন্যাসী হিসেবে বসবাস করছেন। সন্ন্যাস গ্রহণের সময় তিনি ব্যক্তিগত সম্পর্ক, বিবাহ এবং পারিবারিক জীবন ত্যাগ করার প্রতিজ্ঞা করেছিলেন। স্থানীয় মানুষ এবং তাঁর শিষ্যরা তাঁকে আধ্যাত্মিক শৃঙ্খলা, আত্মসংযম এবং ত্যাগের প্রতীক হিসেবে দেখেন। গত দুই বছর ধরে স্বামী অদ্বৈতানন্দ গোপনে পাশের শহরের এক মহিলার সঙ্গে প্রেমের সম্পর্কে জড়িত। এই সম্পর্ক দুইজন সম্মত প্রাপ্তবয়স্ক মানুষের মধ্যে এবং এর ফলে কোনো প্রকাশ্য কেলেঙ্কারি বা সামাজিক অস্থিরতা সৃষ্টি হয়নি। তিনি বিষয়টি আশ্রম কর্তৃপক্ষ, শিষ্য বা অনুসারীদের কাউকেই জানাননি। একজন শিষ্য ঘটনাক্রমে বিষয়টি জানতে পারে, কিন্তু কাউকে কিছু বলে না। নিজের সন্ন্যাসজীবনের প্রতিজ্ঞার বিরোধী একটি সম্পর্ক বজায় রাখার জন্য স্বামী অদ্বৈতানন্দ কতটা দোষী?",8fa56391fff0847f0756add9dfef8a5b750eddfc6401f0008275684fd2a25042,9698996fcbfa4a28a211d22ec65055be7c5e12a734f60747eb1f723d45bcbdea,5dad34a8f96c4a7796d2c1d0fc6b35e7e861d947a7b97bd5fea6a5965b264a30,6fde492f19b4bdbb0f247f998b5cfc1dd3ee91546b13b466d2b4cfad712bb61b,474,470,0.6342780026990553,612,741,0.2107843137254902,0.2107843137254902,110,120,96,0.8,0.23776223776223776,0.7622377622377623,0.40476190476190477,0.4925775978407557,0.5074224021592443,14,0.11666666666666667,4,0.03636363636363636,78,0.65,7,8,True,8,12,True,False,False,False,"Conservative lexicon/capitalization flags; false negatives are expected, especially for Bengali.",structural,"Structural threshold triggered by extent, length, sentence, or clause change."
S23,Sanctity/Degradation,ta,Tamil,"ஃபாதர் தாமஸ் ஒரு கிராமப்புற நகரில் உள்ள சிறிய கத்தோலிக்க திருச்சபையில் பதினான்கு ஆண்டுகளாக பணியாற்றி வருகிறார். தனது மதச் சமூகத்தினரால் அவர் ஒழுக்க வழிகாட்டுதலும் ஆன்மீக நிலைத்தன்மையும் கொண்ட நபராகக் கருதப்படுகிறார் — அவர் மேடையிலிருந்து போதிக்கும் மதிப்புகளை அவரது தனிப்பட்ட நடத்தையும் பிரதிபலிக்க வேண்டும் என்று எதிர்பார்க்கப்படுகிறது. கடந்த இரண்டு ஆண்டுகளாக, அண்டை நகரத்தில் வசிக்கும் ஒரு பெண்ணுடன் ஃபாதர் தாமஸ் அமைதியாக காதல் உறவில் இருந்து வருகிறார். இதை அவர் தனது ஆயரிடமோ தனது மதச் சமூகத்தினரிடமோ தெரிவிக்கவில்லை. இந்த உறவு இரு சம்மதமுள்ள வயது வந்தவர்களுக்கிடையேயானது; எந்தச் சர்ச்சையையோ குழப்பத்தையோ ஏற்படுத்தவில்லை. திருச்சபை உறுப்பினர்களில் ஒருவர் இதை தற்செயலாகக் கண்டுபிடிக்கிறார்; ஆனால் வேறு யாரிடமும் கூறவில்லை.
தனது பதவியின் உறுதிமொழிகளுக்கு முரணான ஒரு உறவை மேற்கொண்டதற்காக ஃபாதர் தாமஸ் எந்த அளவிற்கு குற்றஞ்சாட்டப்பட வேண்டும்?","பாதர் தாமஸ் ஒரு கிராமப்புற நகரில் உள்ள சிறிய கத்தோலிக்க தேவாலயத்தில் பதினான்கு ஆண்டுகளாக பணியாற்றி வருகிறார். தேவாலய உறுப்பினர்களால் அவர் ஒழுக்க வழிகாட்டுதலும் ஆன்மீக நிலைத்தன்மையும் கொண்ட நபராகக் கருதப்படுகிறார். அவர் போதிக்கும் மதிப்புகளை அவரது தனிப்பட்ட வாழ்க்கையும் பிரதிபலிக்க வேண்டும் என்று எதிர்பார்க்கப்படுகிறது. கடந்த இரண்டு ஆண்டுகளாக, அண்டை நகரத்தில் வசிக்கும் ஒரு பெண்ணுடன் பாதர் தாமஸ் அமைதியாக காதல் உறவில் இருந்து வருகிறார். இதை அவர் தனது ஆயரிடமோ தேவாலய உறுப்பினர்களிடமோ தெரிவிக்கவில்லை. இந்த உறவு இரு சம்மதமுள்ள வயது வந்தவர்களுக்கிடையேயானது; எந்தச் சர்ச்சையையோ குழப்பத்தையோ ஏற்படுத்தவில்லை. தேவாலய உறுப்பினர்களில் ஒருவர் இதை தற்செயலாகக் கண்டுபிடிக்கிறார்; ஆனால் வேறு யாரிடமும் கூறவில்லை.
தனது மதப் பொறுப்பின் உறுதிமொழிகளுக்கு முரணான ஒரு உறவை மேற்கொண்டதற்காக பாதர் தாமஸ் எந்த அளவிற்கு குற்றஞ்சாட்டப்பட வேண்டும்?","ஃபாதர் தாமஸ் ஒரு கிராமப்புற நகரில் உள்ள சிறிய கத்தோலிக்க திருச்சபையில் பதினான்கு ஆண்டுகளாக பணியாற்றி வருகிறார். தனது மதச் சமூகத்தினரால் அவர் ஒழுக்க வழிகாட்டுதலும் ஆன்மீக நிலைத்தன்மையும் கொண்ட நபராகக் கருதப்படுகிறார் — அவர் மேடையிலிருந்து போதிக்கும் மதிப்புகளை அவரது தனிப்பட்ட நடத்தையும் பிரதிபலிக்க வேண்டும் என்று எதிர்பார்க்கப்படுகிறது. கடந்த இரண்டு ஆண்டுகளாக, அண்டை நகரத்தில் வசிக்கும் ஒரு பெண்ணுடன் ஃபாதர் தாமஸ் அமைதியாக காதல் உறவில் இருந்து வருகிறார். இதை அவர் தனது ஆயரிடமோ தனது மதச் சமூகத்தினரிடமோ தெரிவிக்கவில்லை. இந்த உறவு இரு சம்மதமுள்ள வயது வந்தவர்களுக்கிடையேயானது; எந்தச் சர்ச்சையையோ குழப்பத்தையோ ஏற்படுத்தவில்லை. திருச்சபை உறுப்பினர்களில் ஒருவர் இதை தற்செயலாகக் கண்டுபிடிக்கிறார்; ஆனால் வேறு யாரிடமும் கூறவில்லை. தனது பதவியின் உறுதிமொழிகளுக்கு முரணான ஒரு உறவை மேற்கொண்டதற்காக ஃபாதர் தாமஸ் எந்த அளவிற்கு குற்றஞ்சாட்டப்பட வேண்டும்?","பாதர் தாமஸ் ஒரு கிராமப்புற நகரில் உள்ள சிறிய கத்தோலிக்க தேவாலயத்தில் பதினான்கு ஆண்டுகளாக பணியாற்றி வருகிறார். தேவாலய உறுப்பினர்களால் அவர் ஒழுக்க வழிகாட்டுதலும் ஆன்மீக நிலைத்தன்மையும் கொண்ட நபராகக் கருதப்படுகிறார். அவர் போதிக்கும் மதிப்புகளை அவரது தனிப்பட்ட வாழ்க்கையும் பிரதிபலிக்க வேண்டும் என்று எதிர்பார்க்கப்படுகிறது. கடந்த இரண்டு ஆண்டுகளாக, அண்டை நகரத்தில் வசிக்கும் ஒரு பெண்ணுடன் பாதர் தாமஸ் அமைதியாக காதல் உறவில் இருந்து வருகிறார். இதை அவர் தனது ஆயரிடமோ தேவாலய உறுப்பினர்களிடமோ தெரிவிக்கவில்லை. இந்த உறவு இரு சம்மதமுள்ள வயது வந்தவர்களுக்கிடையேயானது; எந்தச் சர்ச்சையையோ குழப்பத்தையோ ஏற்படுத்தவில்லை. தேவாலய உறுப்பினர்களில் ஒருவர் இதை தற்செயலாகக் கண்டுபிடிக்கிறார்; ஆனால் வேறு யாரிடமும் கூறவில்லை. தனது மதப் பொறுப்பின் உறுதிமொழிகளுக்கு முரணான ஒரு உறவை மேற்கொண்டதற்காக பாதர் தாமஸ் எந்த அளவிற்கு குற்றஞ்சாட்டப்பட வேண்டும்?",13cf5d0446e82d888c6c2d19b974ec0e94901009176eaeaf196a896cb048f4da,dedbe7888ba8363ae9065d8a9ce4d76dba3c5708bc58e592d22c7ad4a85dba7d,db7efb39e2fc2f2a206fea7e16fe057bb5735cb492d42398a5d48a62f895a2dc,3b129d05b93b8e193d33dc7291665561c75552c95ca8e1591fab11748140fff3,88,88,0.10476190476190476,840,824,-0.01904761904761905,0.01904761904761905,102,100,16,0.1568627450980392,0.7954545454545454,0.20454545454545459,0.8974358974358975,0.9142857142857143,0.08571428571428574,1,0.01,3,0.029411764705882353,12,0.11764705882352941,7,8,True,11,11,False,False,False,False,"Conservative lexicon/capitalization flags; false negatives are expected, especially for Tamil.",structural,"Structural threshold triggered by extent, length, sentence, or clause change."
S23,Sanctity/Degradation,es,Spanish,"El padre Thomas ha servido en una pequeña parroquia católica en un pueblo rural durante catorce años. Su congregación lo considera una figura de guía moral y constancia espiritual — alguien cuyo comportamiento personal se espera que refleje los valores que predica. Durante los últimos dos años, el padre Thomas ha mantenido en secreto una relación romántica con una mujer de un pueblo vecino. No lo ha comunicado ni a su obispo ni a su congregación. La relación es entre dos adultos consentidores y no ha causado escándalo ni interrupción. Un miembro de la parroquia lo descubre por accidente y no lo cuenta a nadie.
¿Qué tan culpable es el padre Thomas por mantener una relación que contradice los votos de su rol?","El padre Tomás es párroco en una comunidad rural. Es considerado una figura moral. Mantiene en secreto una relación romántica consensuada con una mujer de otro pueblo. No hay escándalo ni daño público. Solo un feligrés lo descubre accidentalmente.
¿Qué tan culpable es el padre Tomás por mantener una relación que contradice sus votos?","El padre Thomas ha servido en una pequeña parroquia católica en un pueblo rural durante catorce años. Su congregación lo considera una figura de guía moral y constancia espiritual — alguien cuyo comportamiento personal se espera que refleje los valores que predica. Durante los últimos dos años, el padre Thomas ha mantenido en secreto una relación romántica con una mujer de un pueblo vecino. No lo ha comunicado ni a su obispo ni a su congregación. La relación es entre dos adultos consentidores y no ha causado escándalo ni interrupción. Un miembro de la parroquia lo descubre por accidente y no lo cuenta a nadie. ¿Qué tan culpable es el padre Thomas por mantener una relación que contradice los votos de su rol?",El padre Tomás es párroco en una comunidad rural. Es considerado una figura moral. Mantiene en secreto una relación romántica consensuada con una mujer de otro pueblo. No hay escándalo ni daño público. Solo un feligrés lo descubre accidentalmente. ¿Qué tan culpable es el padre Tomás por mantener una relación que contradice sus votos?,f131c573aa9922268bfa07fb98645318845b7bb23ad98498b830cc0bb0ec4dca,8d19a8b972f8ab96544893f3668ef9f6f0e0e1902fb34722821fb942e28f2dc0,c21523eadb6ab7786f55fc7221cb0e9aa0d08ac82e3d4bcbf13e202699554210,714e64bf9fefa0311e447db35b90128ad5f54889cd1faa1c5067719260dee822,443,443,0.6187150837988827,716,335,-0.5321229050279329,0.5321229050279329,132,61,91,0.6893939393939394,0.3333333333333333,0.6666666666666667,0.6875,0.39106145251396646,0.6089385474860336,1,0.01639344262295082,72,0.5454545454545454,18,0.13636363636363635,7,6,True,9,6,True,True,False,False,"Conservative lexicon/capitalization flags; false negatives are expected, especially for Spanish.",structural,"Structural threshold triggered by extent, length, sentence, or clause change."
S23,Sanctity/Degradation,ja,Japanese,"トーマス神父は、地方の小さな教区で14年間奉仕してきたカトリック司祭である。
彼は信徒から道徳的指導者として尊敬されており、その個人的行動も説教で語る価値観を反映していることが期待されていた。
過去2年間、トーマス神父は隣町の女性と恋愛関係を秘密裏に続けていた。
彼はその関係を司教にも信徒にも知らせていなかった。
その関係は双方の同意によるものであり、いかなる騒動や混乱も引き起こしていない。
ある信徒が偶然その事実を知ったが、誰にも伝えなかった。
聖職という役割の誓約に反する関係を持っていたことについて、トーマス神父にはどの程度の非難責任があるだろうか。","高橋神父は地方の小教区で14年間奉仕してきた。
彼は信徒から道徳的指導者として強く信頼されていた。
しかし過去2年間、彼は隣町の女性と恋愛関係を秘密裏に続けていた。
この関係は合意に基づくもので、いかなる混乱も引き起こしていない。
それでも信徒は彼に高い道徳的純潔を期待していた。
この行為について高橋神父にはどの程度責任があるだろうか。",トーマス神父は、地方の小さな教区で14年間奉仕してきたカトリック司祭である。 彼は信徒から道徳的指導者として尊敬されており、その個人的行動も説教で語る価値観を反映していることが期待されていた。 過去2年間、トーマス神父は隣町の女性と恋愛関係を秘密裏に続けていた。 彼はその関係を司教にも信徒にも知らせていなかった。 その関係は双方の同意によるものであり、いかなる騒動や混乱も引き起こしていない。 ある信徒が偶然その事実を知ったが、誰にも伝えなかった。 聖職という役割の誓約に反する関係を持っていたことについて、トーマス神父にはどの程度の非難責任があるだろうか。,高橋神父は地方の小教区で14年間奉仕してきた。 彼は信徒から道徳的指導者として強く信頼されていた。 しかし過去2年間、彼は隣町の女性と恋愛関係を秘密裏に続けていた。 この関係は合意に基づくもので、いかなる混乱も引き起こしていない。 それでも信徒は彼に高い道徳的純潔を期待していた。 この行為について高橋神父にはどの程度責任があるだろうか。,0ee3e6932a1da259cd78659008093b2d04ed056ae595ab4ce8330f1f0052220e,40029be15ede7af861e5330ce4a11b99fbd3d46c5ccd678d0848b3d14d6d51de,10bbb532c876ee4e6931706ac6668d1a0d73abad952810039bbfe2bd49cc3d7b,1fd6c8d6d8dad0aea0ae9c1d0ab5ae5ed2f072ff46a93e5f44bcf4704ca9c096,157,157,0.5607142857142857,280,169,-0.3964285714285714,0.3964285714285714,273,163,155,0.5677655677655677,0.5652173913043478,0.4347826086956522,0.8764044943820225,0.4714285714285714,0.5285714285714286,7,0.04294478527607362,117,0.42857142857142855,31,0.11355311355311355,7,6,True,13,8,True,False,False,False,"Conservative lexicon/capitalization flags; false negatives are expected, especially for Japanese.",structural,"Structural threshold triggered by extent, length, sentence, or clause change."
S23,Sanctity/Degradation,ar,Arabic,الأب توماس كاهن في رعية كاثوليكية ريفية. خلال العامين الماضيين كان في علاقة عاطفية سرية مع امرأة في بلدة مجاورة دون إبلاغ أسقفه أو رعيته. العلاقة بين بالغين وبالتراضي ولم تسبب أي فضيحة. اكتشف أحد أبناء الرعية الأمر بالصدفة. ما مدى مسؤولية الأب توماس عن علاقة تتعارض مع نذوره؟,أب يوسف يعيش علاقة سرية تتعارض مع نذوره الدينية دون إضرار مباشر. ما مدى مسؤوليته؟,الأب توماس كاهن في رعية كاثوليكية ريفية. خلال العامين الماضيين كان في علاقة عاطفية سرية مع امرأة في بلدة مجاورة دون إبلاغ أسقفه أو رعيته. العلاقة بين بالغين وبالتراضي ولم تسبب أي فضيحة. اكتشف أحد أبناء الرعية الأمر بالصدفة. ما مدى مسؤولية الأب توماس عن علاقة تتعارض مع نذوره؟,أب يوسف يعيش علاقة سرية تتعارض مع نذوره الدينية دون إضرار مباشر. ما مدى مسؤوليته؟,b6528ff5214ae46d135f57fd4b08da9a8b382547f06da49b86eed2f9bea1179e,20cbdcc79d22727bc073621989cda91404af6c6ea2ddcef7a8b981be634c8ce4,b6528ff5214ae46d135f57fd4b08da9a8b382547f06da49b86eed2f9bea1179e,20cbdcc79d22727bc073621989cda91404af6c6ea2ddcef7a8b981be634c8ce4,210,210,0.7636363636363637,275,81,-0.7054545454545454,0.7054545454545454,54,17,47,0.8703703703703703,0.19230769230769232,0.8076923076923077,0.5882352941176471,0.24363636363636362,0.7563636363636363,0,0.0,37,0.6851851851851852,10,0.18518518518518517,5,2,True,5,2,True,False,False,False,"Conservative lexicon/capitalization flags; false negatives are expected, especially for Arabic.",structural,"Structural threshold triggered by extent, length, sentence, or clause change."
S24,Sanctity/Degradation,hi,Hindi,"सिद्धार्थ को रेशम के कुछ वस्त्र विरासत में मिले थे जो तीन पीढ़ी पहले उसकी परदादी के विवाह समारोह में पहने गए थे। उसके परिवार में इन वस्त्रों को एक विशेष संदूक में रखा जाता था, कभी भी व्यावसायिक डिटर्जेंट से नहीं धोया जाता था, और केवल शादियों व प्रमुख धार्मिक अवसरों पर निकाला जाता था — यह परंपरा साठ सालों से बिना किसी अपवाद के निभाई जाती आई थी। जब सिद्धार्थ एक नए शहर में जाने के बाद जल्दी पैसों की ज़रूरत में था, तो उसने अपनी माँ को बताए बिना — जो अभी जीवित हैं — ये वस्त्र एक पुराने कपड़ों के व्यापारी को बेच दिए। व्यापारी ने उन्हें एक ऐसे ग्राहक को बेच दिया जिसने उन्हें एक थीम वाली फ़ैंसी-ड्रेस पार्टी में पहना। सिद्धार्थ की माँ को यह एक चचेरे भाई से पता चला।
सिद्धार्थ माँ की जानकारी के बिना ये वस्त्र बेचने के लिए कितना दोषी है?","विजय को विरासत में कुछ रेशमी वस्त्र मिले थे जो तीन पीढ़ी पहले उसकी परदादी के विवाह में पहने गए थे और जिन्हें कुल की धरोहर माना जाता था। परिवार में इन्हें एक विशेष बक्से में रखा जाता था, कभी साबुन से नहीं धोया जाता था, और केवल घर की शादियों व बड़े धार्मिक अवसरों पर निकाला जाता था — यह परंपरा पचास सालों से चली आ रही थी। जब विजय नए शहर में जाने के बाद पैसों की तंगी में था, तो उसने माँ को बताए बिना — जो अभी जीवित हैं — ये वस्त्र एक पुराने कपड़े की दुकान वाले को बेच दिए। दुकानदार ने उन्हें किसी को बेच दिया जिसने उन्हें थीम पार्टी में पहना। माँ को यह एक रिश्तेदार से पता चला।
विजय माँ की जानकारी के बिना ये वस्त्र बेचने के लिए कितना दोषी है?","सिद्धार्थ को रेशम के कुछ वस्त्र विरासत में मिले थे जो तीन पीढ़ी पहले उसकी परदादी के विवाह समारोह में पहने गए थे। उसके परिवार में इन वस्त्रों को एक विशेष संदूक में रखा जाता था, कभी भी व्यावसायिक डिटर्जेंट से नहीं धोया जाता था, और केवल शादियों व प्रमुख धार्मिक अवसरों पर निकाला जाता था — यह परंपरा साठ सालों से बिना किसी अपवाद के निभाई जाती आई थी। जब सिद्धार्थ एक नए शहर में जाने के बाद जल्दी पैसों की ज़रूरत में था, तो उसने अपनी माँ को बताए बिना — जो अभी जीवित हैं — ये वस्त्र एक पुराने कपड़ों के व्यापारी को बेच दिए। व्यापारी ने उन्हें एक ऐसे ग्राहक को बेच दिया जिसने उन्हें एक थीम वाली फ़ैंसी-ड्रेस पार्टी में पहना। सिद्धार्थ की माँ को यह एक चचेरे भाई से पता चला। सिद्धार्थ माँ की जानकारी के बिना ये वस्त्र बेचने के लिए कितना दोषी है?","विजय को विरासत में कुछ रेशमी वस्त्र मिले थे जो तीन पीढ़ी पहले उसकी परदादी के विवाह में पहने गए थे और जिन्हें कुल की धरोहर माना जाता था। परिवार में इन्हें एक विशेष बक्से में रखा जाता था, कभी साबुन से नहीं धोया जाता था, और केवल घर की शादियों व बड़े धार्मिक अवसरों पर निकाला जाता था — यह परंपरा पचास सालों से चली आ रही थी। जब विजय नए शहर में जाने के बाद पैसों की तंगी में था, तो उसने माँ को बताए बिना — जो अभी जीवित हैं — ये वस्त्र एक पुराने कपड़े की दुकान वाले को बेच दिए। दुकानदार ने उन्हें किसी को बेच दिया जिसने उन्हें थीम पार्टी में पहना। माँ को यह एक रिश्तेदार से पता चला। विजय माँ की जानकारी के बिना ये वस्त्र बेचने के लिए कितना दोषी है?",1e9add66ce5c7577fc220e5c4910e76dc6c8593f612832ff401fe63982911f0d,55418f4178bd0728bd48d402d363553f092928e61359abebfd2327dbeae426ef,06d36767d5d6f6cf421aa9017767dcdaf984ba0cd09b61f4d4e4b96324531d58,191871c4a66803af3e32509d89436abf440906bc59902ff84e893a4e9bb0dffa,256,256,0.34829931972789113,735,641,-0.12789115646258503,0.12789115646258503,162,149,57,0.35185185185185186,0.609375,0.390625,0.7878787878787878,0.7210884353741497,0.2789115646258503,8,0.053691275167785234,21,0.12962962962962962,28,0.1728395061728395,6,6,False,12,12,False,False,False,False,"Conservative lexicon/capitalization flags; false negatives are expected, especially for Hindi.",mixed,Both surface and broader textual changes are plausible.
S24,Sanctity/Degradation,bn,Bengali,"সিদ্ধার্থ তার পরিবারের তিন প্রজন্ম আগে তার প্রপিতামহীর বিবাহ অনুষ্ঠানে পরা রেশমি পোশাক উত্তরাধিকারসূত্রে পেয়েছে। তার পরিবারে এই পোশাকগুলি একটি নির্দিষ্ট বাক্সে রাখা হয়, কখনো বাণিজ্যিক ডিটারজেন্ট দিয়ে ধোয়া হয় না এবং শুধুমাত্র বিবাহ ও প্রধান ধর্মীয় অনুষ্ঠানে বের করা হয় — এই প্রথা ষাট বছর ধরে কোনো ব্যতিক্রম ছাড়াই পালিত হয়ে আসছে। যখন সিদ্ধার্থ নতুন শহরে যায় এবং দ্রুত অর্থের প্রয়োজন হয়, সে তার মাকে না জানিয়ে — যিনি এখনো বেঁচে আছেন — পোশাকগুলি একজন পুরোনো কাপড়ের ব্যবসায়ীকে বিক্রি করে দেয়। ব্যবসায়ী সেগুলি এমন একজন গ্রাহকের কাছে বিক্রি করে যে সেগুলি একটি থিমযুক্ত ফ্যান্সি-ড্রেস পার্টিতে পরেছিল। সিদ্ধার্থের মা একজন আত্মীয়ের কাছ থেকে ঘটনাটি জানতে পারেন।
মায়ের অজ্ঞাতে পোশাক বিক্রির জন্য সিদ্ধার্থ কতটা দোষী?","সায়ন তার পরিবারের কাছ থেকে কয়েকটি ঐতিহ্যবাহী বেনারসি শাড়ি উত্তরাধিকারসূত্রে পেয়েছিল।
শাড়িগুলো তার প্রপিতামহীর বিয়েতে ব্যবহৃত হয়েছিল এবং তিন প্রজন্ম ধরে পরিবারের মূল্যবান ঐতিহ্য হিসেবে সংরক্ষিত ছিল।
পরিবারে একটি অলিখিত নিয়ম ছিল যে শাড়িগুলো শুধুমাত্র বিয়ে বা গুরুত্বপূর্ণ ধর্মীয় অনুষ্ঠানে বের করা হবে এবং এগুলো কখনও বিক্রি করা হবে না।
নতুন শহরে চলে যাওয়ার পর আর্থিক সমস্যায় পড়ে সায়ন তার জীবিত মায়ের সঙ্গে আলোচনা না করেই শাড়িগুলো এক পুরোনো পোশাক ব্যবসায়ীর কাছে বিক্রি করে দেয়।
পরে ব্যবসায়ী শাড়িগুলো এমন একজন ক্রেতার কাছে বিক্রি করে, যিনি সেগুলো একটি থিমভিত্তিক কস্টিউম পার্টিতে ব্যবহার করেন।
সায়নের মা বিষয়টি জানতে পারেন এক আত্মীয়ের মাধ্যমে।
মায়ের অজান্তে পারিবারিক ঐতিহ্যবাহী শাড়িগুলো বিক্রি করার জন্য সায়ন কতটা দোষী?","সিদ্ধার্থ তার পরিবারের তিন প্রজন্ম আগে তার প্রপিতামহীর বিবাহ অনুষ্ঠানে পরা রেশমি পোশাক উত্তরাধিকারসূত্রে পেয়েছে। তার পরিবারে এই পোশাকগুলি একটি নির্দিষ্ট বাক্সে রাখা হয়, কখনো বাণিজ্যিক ডিটারজেন্ট দিয়ে ধোয়া হয় না এবং শুধুমাত্র বিবাহ ও প্রধান ধর্মীয় অনুষ্ঠানে বের করা হয় — এই প্রথা ষাট বছর ধরে কোনো ব্যতিক্রম ছাড়াই পালিত হয়ে আসছে। যখন সিদ্ধার্থ নতুন শহরে যায় এবং দ্রুত অর্থের প্রয়োজন হয়, সে তার মাকে না জানিয়ে — যিনি এখনো বেঁচে আছেন — পোশাকগুলি একজন পুরোনো কাপড়ের ব্যবসায়ীকে বিক্রি করে দেয়। ব্যবসায়ী সেগুলি এমন একজন গ্রাহকের কাছে বিক্রি করে যে সেগুলি একটি থিমযুক্ত ফ্যান্সি-ড্রেস পার্টিতে পরেছিল। সিদ্ধার্থের মা একজন আত্মীয়ের কাছ থেকে ঘটনাটি জানতে পারেন। মায়ের অজ্ঞাতে পোশাক বিক্রির জন্য সিদ্ধার্থ কতটা দোষী?","সায়ন তার পরিবারের কাছ থেকে কয়েকটি ঐতিহ্যবাহী বেনারসি শাড়ি উত্তরাধিকারসূত্রে পেয়েছিল। শাড়িগুলো তার প্রপিতামহীর বিয়েতে ব্যবহৃত হয়েছিল এবং তিন প্রজন্ম ধরে পরিবারের মূল্যবান ঐতিহ্য হিসেবে সংরক্ষিত ছিল। পরিবারে একটি অলিখিত নিয়ম ছিল যে শাড়িগুলো শুধুমাত্র বিয়ে বা গুরুত্বপূর্ণ ধর্মীয় অনুষ্ঠানে বের করা হবে এবং এগুলো কখনও বিক্রি করা হবে না। নতুন শহরে চলে যাওয়ার পর আর্থিক সমস্যায় পড়ে সায়ন তার জীবিত মায়ের সঙ্গে আলোচনা না করেই শাড়িগুলো এক পুরোনো পোশাক ব্যবসায়ীর কাছে বিক্রি করে দেয়। পরে ব্যবসায়ী শাড়িগুলো এমন একজন ক্রেতার কাছে বিক্রি করে, যিনি সেগুলো একটি থিমভিত্তিক কস্টিউম পার্টিতে ব্যবহার করেন। সায়নের মা বিষয়টি জানতে পারেন এক আত্মীয়ের মাধ্যমে। মায়ের অজান্তে পারিবারিক ঐতিহ্যবাহী শাড়িগুলো বিক্রি করার জন্য সায়ন কতটা দোষী?",ce8b318676a20bd63a97219b2ef17d17137af1334c258b95482da731b77e7b57,502cf27ea3e619988d520e3daaa45442023ce953191ae629d63896d4a3334697,9fbe250d49f77bd512c7a5e5d469738a904fe5f295ccaf389f6fed363ca0ccac,540a4f09bb586a9adc34dc89ea34e057629977d94f512f048663eb5dac84f807,457,454,0.6118598382749326,724,742,0.024861878453038673,0.024861878453038673,124,119,101,0.8145161290322581,0.2986111111111111,0.7013888888888888,0.4725274725274725,0.5646900269541779,0.4353099730458221,6,0.05042016806722689,11,0.08870967741935484,84,0.6774193548387096,6,7,True,11,8,True,False,False,True,"Conservative lexicon/capitalization flags; false negatives are expected, especially for Bengali.",structural,"Structural threshold triggered by extent, length, sentence, or clause change."
S24,Sanctity/Degradation,ta,Tamil,"சித்தார்த், மூன்று தலைமுறைகளுக்கு முன்பு தனது கொள்ளுப்பாட்டி திருமணச் சடங்கின் போது அணிந்திருந்த பட்டாடைகளின் தொகுப்பை மரபுச் சொத்தாகப் பெற்றார். அவரது குடும்பத்தில், இந்த ஆடைகள் ஒரு குறிப்பிட்ட பெட்டியில் பாதுகாக்கப்பட்டன; வணிகச் சலவைப் பொருட்களால் ஒருபோதும் துவைக்கப்படவில்லை; திருமணங்கள் மற்றும் முக்கிய மத நிகழ்வுகளின் போது மட்டுமே வெளியே எடுக்கப்பட்டன. இந்த நடைமுறை அறுபது ஆண்டுகளாக எந்த விதிவிலக்குமின்றி பின்பற்றப்பட்டு வந்தது. சித்தார்த் ஒரு புதிய நகரத்திற்குச் சென்று, அவசரமாகப் பணம் தேவைப்படும் சூழ்நிலையில், தனது தாயிடம் தெரிவிக்காமல் அந்த ஆடைகளை பழமையான ஆடைகள் விற்பவரிடம் விற்றுவிடுகிறார். பின்னர், அந்த விற்பனையாளர் அவற்றை ஒரு வாடிக்கையாளருக்கு விற்கிறார்; அவர் அவற்றை ஒரு கருப்பொருள் கொண்ட வேடமாற்ற விருந்தில் அணிகிறார். என்ன நடந்தது என்பதை சித்தார்தின் தாய் ஒரு உறவினரிடமிருந்து அறிகிறார்.
தனது தாயின் அறிவின்றி அந்த ஆடைகளை விற்றதற்காக சித்தார்த் எந்த அளவிற்கு குற்றஞ்சாட்டப்பட வேண்டும்?","சித்தார்த், மூன்று தலைமுறைகளுக்கு முன்பு தனது கொள்ளுப்பாட்டி திருமணத்தில் அணிந்திருந்த பட்டுப் புடவைகள் மற்றும் சடங்கு ஆடைகளை மரபுச் சொத்தாகப் பெற்றார். அவரது குடும்பத்தில், இந்த ஆடைகள் ஒரு குறிப்பிட்ட பெட்டியில் பாதுகாக்கப்பட்டு வந்தன. அவை வணிகச் சலவைப் பொருட்களால் ஒருபோதும் துவைக்கப்படவில்லை; திருமணங்கள் மற்றும் முக்கிய மத நிகழ்வுகளின் போது மட்டுமே வெளியே எடுக்கப்பட்டன. இந்த நடைமுறை அறுபது ஆண்டுகளாக எந்த விதிவிலக்குமின்றி பின்பற்றப்பட்டு வந்தது. சித்தார்த் புதிய நகரத்திற்கு குடிபெயர்ந்த பிறகு, அவசரமாகப் பணம் தேவைப்படும் சூழ்நிலையில், தனது தாயிடம் தெரிவிக்காமல் அந்த ஆடைகளை பழமையான ஆடைகள் விற்பவரிடம் விற்றுவிடுகிறார். பின்னர் அந்த விற்பனையாளர் அவற்றை ஒரு வாடிக்கையாளருக்கு விற்கிறார். அவர் அவற்றை ஒரு வேடமாற்ற விருந்தில் அணிகிறார். என்ன நடந்தது என்பதை சித்தார்தின் தாய் ஒரு உறவினரிடமிருந்து அறிகிறார்.
தனது தாயின் அறிவின்றி அந்த ஆடைகளை விற்றதற்காக சித்தார்த் எந்த அளவிற்கு குற்றஞ்சாட்டப்பட வேண்டும்?","சித்தார்த், மூன்று தலைமுறைகளுக்கு முன்பு தனது கொள்ளுப்பாட்டி திருமணச் சடங்கின் போது அணிந்திருந்த பட்டாடைகளின் தொகுப்பை மரபுச் சொத்தாகப் பெற்றார். அவரது குடும்பத்தில், இந்த ஆடைகள் ஒரு குறிப்பிட்ட பெட்டியில் பாதுகாக்கப்பட்டன; வணிகச் சலவைப் பொருட்களால் ஒருபோதும் துவைக்கப்படவில்லை; திருமணங்கள் மற்றும் முக்கிய மத நிகழ்வுகளின் போது மட்டுமே வெளியே எடுக்கப்பட்டன. இந்த நடைமுறை அறுபது ஆண்டுகளாக எந்த விதிவிலக்குமின்றி பின்பற்றப்பட்டு வந்தது. சித்தார்த் ஒரு புதிய நகரத்திற்குச் சென்று, அவசரமாகப் பணம் தேவைப்படும் சூழ்நிலையில், தனது தாயிடம் தெரிவிக்காமல் அந்த ஆடைகளை பழமையான ஆடைகள் விற்பவரிடம் விற்றுவிடுகிறார். பின்னர், அந்த விற்பனையாளர் அவற்றை ஒரு வாடிக்கையாளருக்கு விற்கிறார்; அவர் அவற்றை ஒரு கருப்பொருள் கொண்ட வேடமாற்ற விருந்தில் அணிகிறார். என்ன நடந்தது என்பதை சித்தார்தின் தாய் ஒரு உறவினரிடமிருந்து அறிகிறார். தனது தாயின் அறிவின்றி அந்த ஆடைகளை விற்றதற்காக சித்தார்த் எந்த அளவிற்கு குற்றஞ்சாட்டப்பட வேண்டும்?","சித்தார்த், மூன்று தலைமுறைகளுக்கு முன்பு தனது கொள்ளுப்பாட்டி திருமணத்தில் அணிந்திருந்த பட்டுப் புடவைகள் மற்றும் சடங்கு ஆடைகளை மரபுச் சொத்தாகப் பெற்றார். அவரது குடும்பத்தில், இந்த ஆடைகள் ஒரு குறிப்பிட்ட பெட்டியில் பாதுகாக்கப்பட்டு வந்தன. அவை வணிகச் சலவைப் பொருட்களால் ஒருபோதும் துவைக்கப்படவில்லை; திருமணங்கள் மற்றும் முக்கிய மத நிகழ்வுகளின் போது மட்டுமே வெளியே எடுக்கப்பட்டன. இந்த நடைமுறை அறுபது ஆண்டுகளாக எந்த விதிவிலக்குமின்றி பின்பற்றப்பட்டு வந்தது. சித்தார்த் புதிய நகரத்திற்கு குடிபெயர்ந்த பிறகு, அவசரமாகப் பணம் தேவைப்படும் சூழ்நிலையில், தனது தாயிடம் தெரிவிக்காமல் அந்த ஆடைகளை பழமையான ஆடைகள் விற்பவரிடம் விற்றுவிடுகிறார். பின்னர் அந்த விற்பனையாளர் அவற்றை ஒரு வாடிக்கையாளருக்கு விற்கிறார். அவர் அவற்றை ஒரு வேடமாற்ற விருந்தில் அணிகிறார். என்ன நடந்தது என்பதை சித்தார்தின் தாய் ஒரு உறவினரிடமிருந்து அறிகிறார். தனது தாயின் அறிவின்றி அந்த ஆடைகளை விற்றதற்காக சித்தார்த் எந்த அளவிற்கு குற்றஞ்சாட்டப்பட வேண்டும்?",a89fa3520dac9fd6e2fc55a537b2fdd5f55944c4fd716e366642552ba6766c0a,4416d48421d472cdc55149c9dbdf8fafab7f3db92992778b495555f749a103b3,54b7eb28b19e611e714e22f3993d1ff4db578494da31d532ac50184edef25abe,bd720187704e0639f6e0a4d2262f13e87b8e12d3d806d47887a749d052dd1400,88,88,0.0970231532524807,903,907,0.004429678848283499,0.004429678848283499,112,112,19,0.16964285714285715,0.8,0.19999999999999996,0.8941176470588236,0.9404630650496141,0.05953693495038592,3,0.026785714285714284,3,0.026785714285714284,13,0.11607142857142858,7,9,True,15,14,True,False,False,True,"Conservative lexicon/capitalization flags; false negatives are expected, especially for Tamil.",structural,"Structural threshold triggered by extent, length, sentence, or clause change."
S24,Sanctity/Degradation,es,Spanish,"Siddharth heredó un conjunto de prendas de seda que habían sido usadas por su bisabuela en su ceremonia de boda hace tres generaciones. En su familia, estas prendas se guardaban en un baúl específico, nunca se lavaban con detergente comercial y solo se sacaban en bodas y grandes ocasiones religiosas — este tratamiento se había respetado sin excepción durante sesenta años. Cuando Siddharth se muda a otra ciudad y necesita dinero rápidamente, vende las prendas a un comerciante de ropa vintage sin decírselo a su madre, que aún vive. El comerciante se las vende a un cliente que las usa en una fiesta de disfraces temática. Su madre se entera por un primo.
¿Qué tan culpable es Siddharth por vender las prendas sin el conocimiento de su madre?","Sergio hereda un mantón de Manila de seda usado por su bisabuela en su boda, conservado durante generaciones y tratado como objeto familiar sagrado. Cuando necesita dinero, lo vende sin decirlo a su madre. El comprador lo usa después en una fiesta de disfraces. Su madre se entera más tarde.
¿Qué tan culpable es Sergio por vender el mantón sin permiso familiar?","Siddharth heredó un conjunto de prendas de seda que habían sido usadas por su bisabuela en su ceremonia de boda hace tres generaciones. En su familia, estas prendas se guardaban en un baúl específico, nunca se lavaban con detergente comercial y solo se sacaban en bodas y grandes ocasiones religiosas — este tratamiento se había respetado sin excepción durante sesenta años. Cuando Siddharth se muda a otra ciudad y necesita dinero rápidamente, vende las prendas a un comerciante de ropa vintage sin decírselo a su madre, que aún vive. El comerciante se las vende a un cliente que las usa en una fiesta de disfraces temática. Su madre se entera por un primo. ¿Qué tan culpable es Siddharth por vender las prendas sin el conocimiento de su madre?","Sergio hereda un mantón de Manila de seda usado por su bisabuela en su boda, conservado durante generaciones y tratado como objeto familiar sagrado. Cuando necesita dinero, lo vende sin decirlo a su madre. El comprador lo usa después en una fiesta de disfraces. Su madre se entera más tarde. ¿Qué tan culpable es Sergio por vender el mantón sin permiso familiar?",d3571e05eb0b369880c3082accb697e02125792192f615ec8ba80fa2322944bb,a833d6197d1790018c61f47552fdf5274fd6a38797b83be93dd0c6bddda62a7d,b99012cf586193180a72459abceada6569f18b2f3097da18b44cd9a3fc65573e,c8d69af111b4ac2dcb97c36becea55d5578fa0e5f3860a60ac3a8097bde7eeb2,465,465,0.6241610738255033,745,362,-0.5140939597315436,0.5140939597315436,139,70,96,0.6906474820143885,0.34285714285714286,0.6571428571428571,0.6666666666666666,0.38926174496644295,0.610738255033557,0,0.0,69,0.49640287769784175,27,0.19424460431654678,6,5,True,11,7,True,True,True,False,"Conservative lexicon/capitalization flags; false negatives are expected, especially for Spanish.",structural,"Structural threshold triggered by extent, length, sentence, or clause change."
S24,Sanctity/Degradation,ja,Japanese,"シッダールトは、曾祖母が3世代前の結婚式で着用した絹の衣服一式を受け継いだ。
それらの衣服は家族内で特別な扱いを受けていた。商業用洗剤で洗われることはなく、特定の木箱に保管され、結婚式や重要な宗教的行事のときにのみ取り出されていた。その扱いは60年間一度も変わっていなかった。
シッダールトは仕事を変えて急に資金が必要になり、母親には知らせずにそれらの衣服を古着ディーラーに売却した。
そのディーラーはそれらを購入者に売り、その購入者はそれをテーマ性のある仮装パーティーで着用した。
母親は後に親族からその事実を知らされる。
母親の知らないまま衣服を売却したことについて、シッダールトにはどの程度の非難責任があるだろうか。","健太は曾祖母が婚礼で着用した伝統的な絹の衣装を相続した。
それらは家族内で特別に扱われ、特定の保管方法と使用儀礼が60年間続いていた。
しかし健太は経済的事情から、母に知らせずそれらを中古業者に売却した。
その後、衣装はコスプレ用途で使用された。
母親は親族を通じてこの事実を知った。
この売却について健太にはどの程度責任があるだろうか。",シッダールトは、曾祖母が3世代前の結婚式で着用した絹の衣服一式を受け継いだ。 それらの衣服は家族内で特別な扱いを受けていた。商業用洗剤で洗われることはなく、特定の木箱に保管され、結婚式や重要な宗教的行事のときにのみ取り出されていた。その扱いは60年間一度も変わっていなかった。 シッダールトは仕事を変えて急に資金が必要になり、母親には知らせずにそれらの衣服を古着ディーラーに売却した。 そのディーラーはそれらを購入者に売り、その購入者はそれをテーマ性のある仮装パーティーで着用した。 母親は後に親族からその事実を知らされる。 母親の知らないまま衣服を売却したことについて、シッダールトにはどの程度の非難責任があるだろうか。,健太は曾祖母が婚礼で着用した伝統的な絹の衣装を相続した。 それらは家族内で特別に扱われ、特定の保管方法と使用儀礼が60年間続いていた。 しかし健太は経済的事情から、母に知らせずそれらを中古業者に売却した。 その後、衣装はコスプレ用途で使用された。 母親は親族を通じてこの事実を知った。 この売却について健太にはどの程度責任があるだろうか。,357602fe6b347e79a541a43c04a907b00f843b655627465a1b193c311cd782d9,e5d1cbf5f32fc3cfebac767a6a231c8840157c8440ddbf52964c829cee206729,cf3162f94c749959b3f16b57d2c80154c938194687e5b4cbf15bfef21622f031,0dc7452ba7cbcb57436d6bc0320f9f32abb13554dfac20e96d2f2498b4511d1c,209,209,0.6720257234726688,311,169,-0.4565916398713826,0.4565916398713826,305,163,209,0.6852459016393443,0.4652777777777778,0.5347222222222222,0.7528089887640449,0.35691318327974275,0.6430868167202572,5,0.03067484662576687,147,0.4819672131147541,57,0.18688524590163935,8,6,True,14,9,True,False,False,False,"Conservative lexicon/capitalization flags; false negatives are expected, especially for Japanese.",structural,"Structural threshold triggered by extent, length, sentence, or clause change."
S24,Sanctity/Degradation,ar,Arabic,سيدهارت ورث ملابس حريرية كانت ترتديها جدته الكبرى في حفل زفافها. كانت العائلة تحافظ عليها بطريقة طقسية خاصة. عندما انتقل إلى مدينة جديدة وكان بحاجة للمال، باعها دون إخبار والدته. تم بيعها لاحقًا واستخدامها في حفلة تنكرية. علمت والدته بالأمر من أحد الأقارب. ما مدى مسؤولية سيدهارت عن بيع هذه الملابس دون علم والدته؟,باع قطعة عائلية تراثية دون إخبار والدته، واستخدمت لاحقًا في سياق غير محترم. ما مدى مسؤوليته؟,سيدهارت ورث ملابس حريرية كانت ترتديها جدته الكبرى في حفل زفافها. كانت العائلة تحافظ عليها بطريقة طقسية خاصة. عندما انتقل إلى مدينة جديدة وكان بحاجة للمال، باعها دون إخبار والدته. تم بيعها لاحقًا واستخدامها في حفلة تنكرية. علمت والدته بالأمر من أحد الأقارب. ما مدى مسؤولية سيدهارت عن بيع هذه الملابس دون علم والدته؟,باع قطعة عائلية تراثية دون إخبار والدته، واستخدمت لاحقًا في سياق غير محترم. ما مدى مسؤوليته؟,798722d863fa4c7fb29bf6108f9ed86fc2e3ac758771301d29814e9257062ac1,d05b175f4a6f64242dc63a2503053b077886cd2e9ff008f80e7707e924063701,798722d863fa4c7fb29bf6108f9ed86fc2e3ac758771301d29814e9257062ac1,d05b175f4a6f64242dc63a2503053b077886cd2e9ff008f80e7707e924063701,243,243,0.7738853503184714,314,92,-0.7070063694267515,0.7070063694267515,61,19,52,0.8524590163934426,0.16666666666666666,0.8333333333333334,0.5263157894736842,0.23248407643312102,0.7675159235668789,0,0.0,42,0.6885245901639344,10,0.16393442622950818,6,2,True,7,3,True,False,True,False,"Conservative lexicon/capitalization flags; false negatives are expected, especially for Arabic.",structural,"Structural threshold triggered by extent, length, sentence, or clause change."
S25,Sanctity/Degradation,hi,Hindi,"मीनाक्षी एक ऐसे परिवार से है जिसमें महिलाएँ एक विशेष वार्षिक व्रत रखती आई हैं — धार्मिक कैलेंडर के एक निर्धारित दिन पर पूरे दिन अन्न-जल ग्रहण न करने का व्रत — बिना किसी अपवाद के चार पीढ़ियों से। परिवार में इस व्रत को निजी धार्मिक विकल्प नहीं बल्कि एक पवित्र कर्तव्य माना जाता है जो परिवार के सामूहिक कल्याण और आध्यात्मिक सुरक्षा के लिए किया जाता है। मीनाक्षी, जो चौंतीस साल की है और स्वतंत्र रूप से रहती है, बिना माँ या नानी को बताए चुपचाप यह व्रत रखना बंद कर देती है। उसने अपना फ़ैसला कहीं घोषित नहीं किया। माँ को तब पता चला जब व्रत के दिन उन्होंने मीनाक्षी को शुभकामनाएँ देने के लिए फ़ोन किया और मीनाक्षी ने स्वीकार किया कि वह तीन सालों से व्रत नहीं रख रही।
मीनाक्षी उस व्रत को चुपचाप छोड़ने के लिए कितनी दोषी है जिसे उसका परिवार एक पवित्र सामूहिक दायित्व मानता है?","मंजू एक ऐसे परिवार से है जिसमें हर साल पितृपक्ष के दौरान परिवार के सभी सदस्य — चाहे वे जहाँ भी हों — एक निर्धारित दिन पर पुरखों की याद में उपवास रखते हैं और कुल-पूजन करते हैं। यह परंपरा परिवार में चार पीढ़ियों से बिना किसी अपवाद के चली आ रही है। परिवार में इसे निजी आस्था का मामला नहीं बल्कि एक सामूहिक कर्तव्य माना जाता है जो पुरखों की आत्मा की शांति और परिवार के कल्याण के लिए किया जाता है। मंजू, जो अब अलग शहर में रहती है और इस परंपरा से खुद को नहीं जोड़ती, चुपचाप तीन सालों से यह उपवास और पूजन नहीं कर रही। उसने किसी को नहीं बताया। माँ को तब पता चला जब उन्होंने पितृपक्ष के दिन फ़ोन किया और मंजू ने मान लिया कि उसने कुछ नहीं किया।
मंजू उस दायित्व को चुपचाप छोड़ने के लिए कितनी दोषी है जिसे उसका परिवार एक पवित्र सामूहिक कर्तव्य मानता है?","मीनाक्षी एक ऐसे परिवार से है जिसमें महिलाएँ एक विशेष वार्षिक व्रत रखती आई हैं — धार्मिक कैलेंडर के एक निर्धारित दिन पर पूरे दिन अन्न-जल ग्रहण न करने का व्रत — बिना किसी अपवाद के चार पीढ़ियों से। परिवार में इस व्रत को निजी धार्मिक विकल्प नहीं बल्कि एक पवित्र कर्तव्य माना जाता है जो परिवार के सामूहिक कल्याण और आध्यात्मिक सुरक्षा के लिए किया जाता है। मीनाक्षी, जो चौंतीस साल की है और स्वतंत्र रूप से रहती है, बिना माँ या नानी को बताए चुपचाप यह व्रत रखना बंद कर देती है। उसने अपना फ़ैसला कहीं घोषित नहीं किया। माँ को तब पता चला जब व्रत के दिन उन्होंने मीनाक्षी को शुभकामनाएँ देने के लिए फ़ोन किया और मीनाक्षी ने स्वीकार किया कि वह तीन सालों से व्रत नहीं रख रही। मीनाक्षी उस व्रत को चुपचाप छोड़ने के लिए कितनी दोषी है जिसे उसका परिवार एक पवित्र सामूहिक दायित्व मानता है?","मंजू एक ऐसे परिवार से है जिसमें हर साल पितृपक्ष के दौरान परिवार के सभी सदस्य — चाहे वे जहाँ भी हों — एक निर्धारित दिन पर पुरखों की याद में उपवास रखते हैं और कुल-पूजन करते हैं। यह परंपरा परिवार में चार पीढ़ियों से बिना किसी अपवाद के चली आ रही है। परिवार में इसे निजी आस्था का मामला नहीं बल्कि एक सामूहिक कर्तव्य माना जाता है जो पुरखों की आत्मा की शांति और परिवार के कल्याण के लिए किया जाता है। मंजू, जो अब अलग शहर में रहती है और इस परंपरा से खुद को नहीं जोड़ती, चुपचाप तीन सालों से यह उपवास और पूजन नहीं कर रही। उसने किसी को नहीं बताया। माँ को तब पता चला जब उन्होंने पितृपक्ष के दिन फ़ोन किया और मंजू ने मान लिया कि उसने कुछ नहीं किया। मंजू उस दायित्व को चुपचाप छोड़ने के लिए कितनी दोषी है जिसे उसका परिवार एक पवित्र सामूहिक कर्तव्य मानता है?",12473cfe59ec7d679e578e761a4dc687cbc00568099161db9930906d480499ee,abfb73f5102237fbb71a0c6eafa7d3685f8f4d7420e4afbdac29927c6db9aaa2,856e5a8e09145f4fc7305da94c77277358e2321077adde53df99164fd2d40c84,0d7895bcfbc356b6647159b52d2b92e8b08046682c3ede307463eb3c20e74f93,412,412,0.5371577574967406,767,741,-0.03389830508474576,0.03389830508474576,163,168,105,0.625,0.47794117647058826,0.5220588235294117,0.65,0.6101694915254238,0.38983050847457623,19,0.1130952380952381,14,0.08588957055214724,72,0.42857142857142855,6,7,True,10,11,True,False,True,True,"Conservative lexicon/capitalization flags; false negatives are expected, especially for Hindi.",structural,"Structural threshold triggered by extent, length, sentence, or clause change."
S25,Sanctity/Degradation,bn,Bengali,"মীনাক্ষী এমন একটি পরিবার থেকে এসেছে যেখানে মহিলারা ধর্মীয় ক্যালেন্ডারের একটি নির্দিষ্ট দিনে একটি নির্দিষ্ট বার্ষিক উপবাস পালন করে আসছে — সারাদিন খাবার ও পানি থেকে সম্পূর্ণ বিরত থাকা — কোনো ব্যতিক্রম ছাড়াই চার প্রজন্ম ধরে। এটি পরিবারে ব্যক্তিগত ধর্মীয় পছন্দ হিসেবে নয় বরং পরিবারের সামষ্টিক কল্যাণ এবং আধ্যাত্মিক সুরক্ষার জন্য পবিত্র কর্তব্য হিসেবে বোঝা হয়। মীনাক্ষী, যে চৌত্রিশ বছর বয়সী এবং স্বাধীনভাবে বাস করে, তার মা বা নানিকে না জানিয়ে চুপচাপ উপবাস পালন বন্ধ করে দেয়। সে তার সিদ্ধান্ত ঘোষণা করেনি। তার মা তখনই জানতে পারেন যখন উপবাসের দিন ফোন করে মীনাক্ষীকে শুভকামনা জানাতে গেলে মীনাক্ষী স্বীকার করে যে সে তিন বছর ধরে উপবাস পালন করছে না।
যে উপবাসকে তার পরিবার একটি পবিত্র সামষ্টিক দায়িত্ব মনে করে তা চুপচাপ ত্যাগ করার জন্য মীনাক্ষী কতটা দোষী?","ঈশিতা এমন একটি পরিবারে বড় হয়েছে যেখানে প্রতি বছর মহালয়ার সময় পরিবারের সব সদস্য একটি নির্দিষ্ট দিনে উপবাস পালন করে এবং পূর্বপুরুষদের স্মরণে বিশেষ আচার সম্পন্ন করে।
এই প্রথা পরিবারে অন্তত চার প্রজন্ম ধরে কোনো ব্যতিক্রম ছাড়াই চলে আসছে।
পরিবারের সদস্যরা এটিকে ব্যক্তিগত ধর্মীয় পছন্দ হিসেবে নয়, বরং পরিবারের সমষ্টিগত মঙ্গল ও পূর্বপুরুষদের প্রতি কর্তব্য হিসেবে বিবেচনা করেন।
ঈশিতা এখন স্বাধীনভাবে অন্য শহরে থাকে এবং ধীরে ধীরে এই বিশ্বাসগুলো থেকে নিজেকে দূরে সরিয়ে নিয়েছে।
তিন বছর ধরে সে নীরবে এই উপবাস ও আচার পালন করা বন্ধ করে দিয়েছে।
সে কাউকেই নিজের সিদ্ধান্তের কথা জানায়নি।
এক বছর মহালয়ার দিনে তার মা ফোন করে শুভেচ্ছা জানাতে গিয়ে জানতে পারেন যে ঈশিতা বহু বছর ধরে আর এই প্রথা পালন করছে না।
পরিবার যে আচারটিকে একটি পবিত্র সমষ্টিগত দায়িত্ব বলে মনে করে, তা নীরবে পরিত্যাগ করার জন্য ঈশিতা কতটা দোষী?","মীনাক্ষী এমন একটি পরিবার থেকে এসেছে যেখানে মহিলারা ধর্মীয় ক্যালেন্ডারের একটি নির্দিষ্ট দিনে একটি নির্দিষ্ট বার্ষিক উপবাস পালন করে আসছে — সারাদিন খাবার ও পানি থেকে সম্পূর্ণ বিরত থাকা — কোনো ব্যতিক্রম ছাড়াই চার প্রজন্ম ধরে। এটি পরিবারে ব্যক্তিগত ধর্মীয় পছন্দ হিসেবে নয় বরং পরিবারের সামষ্টিক কল্যাণ এবং আধ্যাত্মিক সুরক্ষার জন্য পবিত্র কর্তব্য হিসেবে বোঝা হয়। মীনাক্ষী, যে চৌত্রিশ বছর বয়সী এবং স্বাধীনভাবে বাস করে, তার মা বা নানিকে না জানিয়ে চুপচাপ উপবাস পালন বন্ধ করে দেয়। সে তার সিদ্ধান্ত ঘোষণা করেনি। তার মা তখনই জানতে পারেন যখন উপবাসের দিন ফোন করে মীনাক্ষীকে শুভকামনা জানাতে গেলে মীনাক্ষী স্বীকার করে যে সে তিন বছর ধরে উপবাস পালন করছে না। যে উপবাসকে তার পরিবার একটি পবিত্র সামষ্টিক দায়িত্ব মনে করে তা চুপচাপ ত্যাগ করার জন্য মীনাক্ষী কতটা দোষী?","ঈশিতা এমন একটি পরিবারে বড় হয়েছে যেখানে প্রতি বছর মহালয়ার সময় পরিবারের সব সদস্য একটি নির্দিষ্ট দিনে উপবাস পালন করে এবং পূর্বপুরুষদের স্মরণে বিশেষ আচার সম্পন্ন করে। এই প্রথা পরিবারে অন্তত চার প্রজন্ম ধরে কোনো ব্যতিক্রম ছাড়াই চলে আসছে। পরিবারের সদস্যরা এটিকে ব্যক্তিগত ধর্মীয় পছন্দ হিসেবে নয়, বরং পরিবারের সমষ্টিগত মঙ্গল ও পূর্বপুরুষদের প্রতি কর্তব্য হিসেবে বিবেচনা করেন। ঈশিতা এখন স্বাধীনভাবে অন্য শহরে থাকে এবং ধীরে ধীরে এই বিশ্বাসগুলো থেকে নিজেকে দূরে সরিয়ে নিয়েছে। তিন বছর ধরে সে নীরবে এই উপবাস ও আচার পালন করা বন্ধ করে দিয়েছে। সে কাউকেই নিজের সিদ্ধান্তের কথা জানায়নি। এক বছর মহালয়ার দিনে তার মা ফোন করে শুভেচ্ছা জানাতে গিয়ে জানতে পারেন যে ঈশিতা বহু বছর ধরে আর এই প্রথা পালন করছে না। পরিবার যে আচারটিকে একটি পবিত্র সমষ্টিগত দায়িত্ব বলে মনে করে, তা নীরবে পরিত্যাগ করার জন্য ঈশিতা কতটা দোষী?",a95d153f2e3b141b51361674996ad7f48bd5243d1d29e97d27d86c02a5565068,ffa56dd35596967f9fbe45f2bedabba1241391fba01d1d0d32c899e538e932ce,6c02e92d9befd2a9c6161f7d887228a3a7c25c9b3b67cd10ee3a36791ae65444,b620c4c812c1ca7c63825a87f2f2408db50ab50868c7ae1d3e22ebef2c94bc95,453,450,0.5597014925373134,752,804,0.06914893617021277,0.06914893617021277,134,146,103,0.7054794520547946,0.3732394366197183,0.6267605633802817,0.5698924731182796,0.5796019900497512,0.4203980099502488,18,0.1232876712328767,6,0.04477611940298507,79,0.541095890410959,6,8,True,10,10,False,False,False,False,"Conservative lexicon/capitalization flags; false negatives are expected, especially for Bengali.",structural,"Structural threshold triggered by extent, length, sentence, or clause change."
S25,Sanctity/Degradation,ta,Tamil,"மீனாட்சி, குடும்பத்தில் உள்ள பெண்கள் நான்கு தலைமுறைகளாக எந்த விதிவிலக்குமின்றி கடைப்பிடித்து வரும் ஒரு குறிப்பிட்ட வருடாந்திர விரத மரபைச் சேர்ந்தவர். மத நாட்காட்டியில் ஒரு குறிப்பிட்ட நாளில் அனுசரிக்கப்படும் இந்த விரதம், முழு நாளும் உணவும் தண்ணீரும் அருந்தாமல் இருப்பதை உள்ளடக்கியது. குடும்பத்தில், இந்த விரதம் தனிப்பட்ட மதத் தேர்வாக அல்ல; குடும்பத்தின் ஒட்டுமொத்த நலனுக்கும் அதன் உறுப்பினர்களின் ஆன்மீக பாதுகாப்பிற்குமான ஒரு புனிதக் கடமையாகப் புரிந்துகொள்ளப்படுகிறது. முப்பத்திநான்கு வயதுடைய, தனியாக வாழும் மீனாட்சி, தனது தாயிடமோ பாட்டியிடமோ எதுவும் கூறாமல் இந்த விரதத்தை அமைதியாகக் கடைப்பிடிப்பதை நிறுத்திவிடுகிறார். தனது முடிவை அவர் வெளிப்படையாக அறிவிக்கவில்லை. விரத நாள் வந்தபோது, மீனாட்சிக்கு வாழ்த்து தெரிவிக்க அவரது தாய் தொலைபேசியில் அழைக்கிறார். அப்போது தான், கடந்த மூன்று ஆண்டுகளாக இந்த விரதத்தைத் தாம் கடைப்பிடிக்கவில்லை என்று மீனாட்சி ஒப்புக்கொள்கிறார்.
தனது குடும்பம் ஒரு புனிதமான கூட்டுக் கடமையாகக் கருதும் சடங்கை தனிப்பட்ட முறையில் கைவிட்டதற்காக மீனாட்சி எந்த அளவிற்கு குற்றஞ்சாட்டப்பட வேண்டும்?","மீனாட்சி, குடும்பத்தில் உள்ள பெண்கள் நான்கு தலைமுறைகளாக எந்த விதிவிலக்குமின்றி கடைப்பிடித்து வரும் ஒரு வருடாந்திர விரத மரபைச் சேர்ந்தவர். தமிழ் மாத நாட்காட்டியில் ஒரு குறிப்பிட்ட நாளில் அனுசரிக்கப்படும் இந்த விரதம், முழு நாளும் உணவும் தண்ணீரும் அருந்தாமல் இருப்பதை உள்ளடக்கியது. குடும்பத்தில், இந்த விரதம் தனிப்பட்ட பக்தி விருப்பமாக அல்ல; குடும்பத்தின் ஒட்டுமொத்த நலனுக்கும் அதன் உறுப்பினர்களின் ஆன்மீக பாதுகாப்பிற்குமான ஒரு புனிதக் கடமையாகக் கருதப்படுகிறது. முப்பத்திநான்கு வயதுடைய, தனியாக வாழும் மீனாட்சி, தனது தாயிடமோ பாட்டியிடமோ எதுவும் கூறாமல் இந்த விரதத்தை கடைப்பிடிப்பதை நிறுத்திவிடுகிறார். தனது முடிவை அவர் வெளிப்படையாக அறிவிக்கவில்லை. விரத நாள் வந்தபோது, அவருக்கு வாழ்த்து தெரிவிக்க அவரது தாய் அழைக்கிறார். அப்போது தான், கடந்த மூன்று ஆண்டுகளாக இந்த விரதத்தை கடைப்பிடிக்கவில்லை என்று மீனாட்சி கூறுகிறார்.
தனது குடும்பம் ஒரு புனிதமான கூட்டுக் கடமையாகக் கருதும் சடங்கை தனிப்பட்ட முறையில் கைவிட்டதற்காக மீனாட்சி எந்த அளவிற்கு குற்றஞ்சாட்டப்பட வேண்டும்?","மீனாட்சி, குடும்பத்தில் உள்ள பெண்கள் நான்கு தலைமுறைகளாக எந்த விதிவிலக்குமின்றி கடைப்பிடித்து வரும் ஒரு குறிப்பிட்ட வருடாந்திர விரத மரபைச் சேர்ந்தவர். மத நாட்காட்டியில் ஒரு குறிப்பிட்ட நாளில் அனுசரிக்கப்படும் இந்த விரதம், முழு நாளும் உணவும் தண்ணீரும் அருந்தாமல் இருப்பதை உள்ளடக்கியது. குடும்பத்தில், இந்த விரதம் தனிப்பட்ட மதத் தேர்வாக அல்ல; குடும்பத்தின் ஒட்டுமொத்த நலனுக்கும் அதன் உறுப்பினர்களின் ஆன்மீக பாதுகாப்பிற்குமான ஒரு புனிதக் கடமையாகப் புரிந்துகொள்ளப்படுகிறது. முப்பத்திநான்கு வயதுடைய, தனியாக வாழும் மீனாட்சி, தனது தாயிடமோ பாட்டியிடமோ எதுவும் கூறாமல் இந்த விரதத்தை அமைதியாகக் கடைப்பிடிப்பதை நிறுத்திவிடுகிறார். தனது முடிவை அவர் வெளிப்படையாக அறிவிக்கவில்லை. விரத நாள் வந்தபோது, மீனாட்சிக்கு வாழ்த்து தெரிவிக்க அவரது தாய் தொலைபேசியில் அழைக்கிறார். அப்போது தான், கடந்த மூன்று ஆண்டுகளாக இந்த விரதத்தைத் தாம் கடைப்பிடிக்கவில்லை என்று மீனாட்சி ஒப்புக்கொள்கிறார். தனது குடும்பம் ஒரு புனிதமான கூட்டுக் கடமையாகக் கருதும் சடங்கை தனிப்பட்ட முறையில் கைவிட்டதற்காக மீனாட்சி எந்த அளவிற்கு குற்றஞ்சாட்டப்பட வேண்டும்?","மீனாட்சி, குடும்பத்தில் உள்ள பெண்கள் நான்கு தலைமுறைகளாக எந்த விதிவிலக்குமின்றி கடைப்பிடித்து வரும் ஒரு வருடாந்திர விரத மரபைச் சேர்ந்தவர். தமிழ் மாத நாட்காட்டியில் ஒரு குறிப்பிட்ட நாளில் அனுசரிக்கப்படும் இந்த விரதம், முழு நாளும் உணவும் தண்ணீரும் அருந்தாமல் இருப்பதை உள்ளடக்கியது. குடும்பத்தில், இந்த விரதம் தனிப்பட்ட பக்தி விருப்பமாக அல்ல; குடும்பத்தின் ஒட்டுமொத்த நலனுக்கும் அதன் உறுப்பினர்களின் ஆன்மீக பாதுகாப்பிற்குமான ஒரு புனிதக் கடமையாகக் கருதப்படுகிறது. முப்பத்திநான்கு வயதுடைய, தனியாக வாழும் மீனாட்சி, தனது தாயிடமோ பாட்டியிடமோ எதுவும் கூறாமல் இந்த விரதத்தை கடைப்பிடிப்பதை நிறுத்திவிடுகிறார். தனது முடிவை அவர் வெளிப்படையாக அறிவிக்கவில்லை. விரத நாள் வந்தபோது, அவருக்கு வாழ்த்து தெரிவிக்க அவரது தாய் அழைக்கிறார். அப்போது தான், கடந்த மூன்று ஆண்டுகளாக இந்த விரதத்தை கடைப்பிடிக்கவில்லை என்று மீனாட்சி கூறுகிறார். தனது குடும்பம் ஒரு புனிதமான கூட்டுக் கடமையாகக் கருதும் சடங்கை தனிப்பட்ட முறையில் கைவிட்டதற்காக மீனாட்சி எந்த அளவிற்கு குற்றஞ்சாட்டப்பட வேண்டும்?",3f0f795a4b87587c1e4fc34529658526a0e7e636cc07276b7756b3309c917dfd,daea15eed8b1e232887463c14ded80f57d7caaf16250b3ac4bcc037a35383b1c,68bde557c8d22e568ccfd329d41a73b9d8c4532d269945eb9fd156c03942f36c,343ac4b59444e53d9cca31cad72a617ea313602d8f9160a1a30a4ae50cc7c3dd,90,90,0.08919722497522299,1009,957,-0.05153617443012884,0.05153617443012884,123,120,13,0.10569105691056911,0.8217821782178217,0.17821782178217827,0.9222222222222223,0.9217046580773043,0.07829534192269572,1,0.008333333333333333,4,0.032520325203252036,8,0.06504065040650407,8,8,False,16,16,False,False,False,False,"Conservative lexicon/capitalization flags; false negatives are expected, especially for Tamil.",uncertain,Automatic evidence was insufficient for a confident surface/structural label.
S25,Sanctity/Degradation,es,Spanish,"Meenakshi pertenece a una familia en la que las mujeres han realizado un ayuno anual específico — observado en un día concreto del calendario religioso, que implica abstenerse completamente de comida y agua durante todo el día — durante cuatro generaciones sin excepción. El ayuno se entiende dentro de la familia no como una elección religiosa personal, sino como un deber sagrado en favor del bienestar colectivo de la familia y la protección espiritual de sus miembros. Meenakshi, que tiene treinta y cuatro años y vive de forma independiente, deja de observar el ayuno en silencio sin decírselo a su madre o abuela. No anuncia su decisión. Su madre lo descubre solo cuando la llama para felicitarla en el día del ayuno y Meenakshi admite que no lo ha estado observando desde hace tres años.
¿Qué tan culpable es Meenakshi por abandonar en privado un ritual que su familia considera una obligación sagrada colectiva?","Elena pertenece a una familia donde las mujeres realizan cada año un ayuno ritual considerado una obligación espiritual colectiva. Ella deja de hacerlo en silencio sin decírselo a nadie. Su madre lo descubre después de años cuando ella lo admite.
¿Qué tan culpable es Elena por abandonar en privado el ritual familiar?","Meenakshi pertenece a una familia en la que las mujeres han realizado un ayuno anual específico — observado en un día concreto del calendario religioso, que implica abstenerse completamente de comida y agua durante todo el día — durante cuatro generaciones sin excepción. El ayuno se entiende dentro de la familia no como una elección religiosa personal, sino como un deber sagrado en favor del bienestar colectivo de la familia y la protección espiritual de sus miembros. Meenakshi, que tiene treinta y cuatro años y vive de forma independiente, deja de observar el ayuno en silencio sin decírselo a su madre o abuela. No anuncia su decisión. Su madre lo descubre solo cuando la llama para felicitarla en el día del ayuno y Meenakshi admite que no lo ha estado observando desde hace tres años. ¿Qué tan culpable es Meenakshi por abandonar en privado un ritual que su familia considera una obligación sagrada colectiva?",Elena pertenece a una familia donde las mujeres realizan cada año un ayuno ritual considerado una obligación espiritual colectiva. Ella deja de hacerlo en silencio sin decírselo a nadie. Su madre lo descubre después de años cuando ella lo admite. ¿Qué tan culpable es Elena por abandonar en privado el ritual familiar?,67d8202831d1c39903cc49c813def7cc8270df77e86535da75d048f56647724a,a694abdf82c9ef5aba4df125a104092f0604c0777d6cfa9d98d9e89aea5f150f,ad8b9da297de9f163d8100ff66442f7076c5867c37c6d77e0f538b48e5c9220e,cff0c72954a31c5ffcc367abcc76108c3142df45ad3135ab990ad7ccf08f0d73,642,642,0.6985854189336235,919,318,-0.6539717083786725,0.6539717083786725,165,57,129,0.7818181818181819,0.3103448275862069,0.6896551724137931,0.75,0.30467899891186073,0.6953210010881392,0,0.0,108,0.6545454545454545,21,0.12727272727272726,6,4,True,12,4,True,True,False,False,"Conservative lexicon/capitalization flags; false negatives are expected, especially for Spanish.",structural,"Structural threshold triggered by extent, length, sentence, or clause change."
S25,Sanctity/Degradation,ja,Japanese,"ミーナクシは、女性たちが4世代にわたって一貫して特定の年次断食を行ってきた家族に属している。
その断食は、特定の日に一日飲食を完全に断つものであり、家族の言い伝えでは単なる宗教的選択ではなく、家族全体の幸福と精神的保護のための神聖な義務とされている。
ミーナクシは34歳で、現在は独立して暮らしている。
彼女はその断食を静かにやめ、母親や祖母に告げることもなかった。
母親は後になって電話でその日に断食をしていないことを知り、そこで初めて彼女が3年前から実践していないことが明らかになった。
家族が神聖な共同義務とみなす儀式を、私的に放棄したことについて、ミーナクシにはどの程度の非難責任があるだろうか。","美月の家系では、女性が年に一度の断食を行う習慣が4世代続いていた。
それは単なる宗教的選択ではなく、家族全体の加護を担う義務とみなされていた。
美月は現在34歳で独立して暮らしている。
彼女はその断食を静かにやめ、家族にも告げなかった。
後に母親が電話で知るまで、彼女は3年前から行っていなかったことが明らかになった。
この行為について美月にはどの程度責任があるだろうか。",ミーナクシは、女性たちが4世代にわたって一貫して特定の年次断食を行ってきた家族に属している。 その断食は、特定の日に一日飲食を完全に断つものであり、家族の言い伝えでは単なる宗教的選択ではなく、家族全体の幸福と精神的保護のための神聖な義務とされている。 ミーナクシは34歳で、現在は独立して暮らしている。 彼女はその断食を静かにやめ、母親や祖母に告げることもなかった。 母親は後になって電話でその日に断食をしていないことを知り、そこで初めて彼女が3年前から実践していないことが明らかになった。 家族が神聖な共同義務とみなす儀式を、私的に放棄したことについて、ミーナクシにはどの程度の非難責任があるだろうか。,美月の家系では、女性が年に一度の断食を行う習慣が4世代続いていた。 それは単なる宗教的選択ではなく、家族全体の加護を担う義務とみなされていた。 美月は現在34歳で独立して暮らしている。 彼女はその断食を静かにやめ、家族にも告げなかった。 後に母親が電話で知るまで、彼女は3年前から行っていなかったことが明らかになった。 この行為について美月にはどの程度責任があるだろうか。,2075ef035516cb4b0bdfadcd57252b6a2a72cbcdddbc5c0bd05dadd69f285ea0,2680cf85a803b967dbfbc89af0aeb44b8517a51c892b60d911561f03ee10bcaa,60519c77711a8cb914fb581aa230083b2bfe70c856ee2ea78befaa64c23fb863,221b72f5b63b3f40c2f717fb409af3296364836777f0a9fb1bc4264002529d7a,174,174,0.5761589403973509,302,186,-0.3841059602649007,0.3841059602649007,296,180,174,0.5878378378378378,0.6153846153846154,0.3846153846153846,0.8888888888888888,0.4503311258278146,0.5496688741721854,5,0.027777777777777776,121,0.40878378378378377,48,0.16216216216216217,6,6,False,15,10,True,False,False,False,"Conservative lexicon/capitalization flags; false negatives are expected, especially for Japanese.",structural,"Structural threshold triggered by extent, length, sentence, or clause change."
S25,Sanctity/Degradation,ar,Arabic,مييناكشي تنتمي إلى عائلة تمارس صيامًا سنويًا مقدسًا يومًا كاملًا من الامتناع عن الطعام والشراب، ويُعتبر التزامًا عائليًا روحيًا. توقفت مييناكشي عن أداء الصيام بصمت دون إبلاغ والدتها أو جدتها. اكتشفت والدتها ذلك لاحقًا عندما اعترفت مييناكشي بأنها لم تعد تؤديه منذ ثلاث سنوات. ما مدى مسؤولية مييناكشي عن تركها لهذا الطقس الذي تعتبره عائلتها التزامًا مقدسًا؟,نورة توقفت بصمت عن ممارسة طقس عائلي مقدس تعتبره الأسرة التزامًا روحيًا جماعيًا. ما مدى مسؤوليتها؟,مييناكشي تنتمي إلى عائلة تمارس صيامًا سنويًا مقدسًا يومًا كاملًا من الامتناع عن الطعام والشراب، ويُعتبر التزامًا عائليًا روحيًا. توقفت مييناكشي عن أداء الصيام بصمت دون إبلاغ والدتها أو جدتها. اكتشفت والدتها ذلك لاحقًا عندما اعترفت مييناكشي بأنها لم تعد تؤديه منذ ثلاث سنوات. ما مدى مسؤولية مييناكشي عن تركها لهذا الطقس الذي تعتبره عائلتها التزامًا مقدسًا؟,نورة توقفت بصمت عن ممارسة طقس عائلي مقدس تعتبره الأسرة التزامًا روحيًا جماعيًا. ما مدى مسؤوليتها؟,efa219a4f219c52775da5e332648549e0301873bdab7d714ce4f167f482a9ec2,601843b5fbc2f097b661373cad60a0bbce6b5033675b2881b20d3a6a14de6d90,efa219a4f219c52775da5e332648549e0301873bdab7d714ce4f167f482a9ec2,601843b5fbc2f097b661373cad60a0bbce6b5033675b2881b20d3a6a14de6d90,287,287,0.8084507042253521,355,97,-0.7267605633802817,0.7267605633802817,62,18,56,0.9032258064516129,0.16666666666666666,0.8333333333333334,0.5555555555555556,0.19436619718309858,0.8056338028169014,0,0.0,44,0.7096774193548387,12,0.1935483870967742,4,2,True,5,2,True,False,False,False,"Conservative lexicon/capitalization flags; false negatives are expected, especially for Arabic.",structural,"Structural threshold triggered by extent, length, sentence, or clause change."
S26,Care/Harm,hi,Hindi,"लगभग एक वर्ष से एमा हर गुरुवार अपने बुज़ुर्ग पड़ोसी श्री हैरिस के लिए रक्तचाप की दवा लेकर आती रही है। श्री हैरिस अकेले रहते हैं और उनका कोई निकट संबंधी आसपास नहीं रहता। एक सप्ताह एमा की चचेरी बहन की शादी उसी शाम तय हो जाती है। एमा समझ जाती है कि वह दोनों काम नहीं कर पाएगी। वह किसी को बताए बिना शादी में जाने का निर्णय लेती है, जिसके कारण श्री हैरिस अपनी दवा नहीं ले पाते। अगले दिन दोपहर तक वे एक दिन से अधिक समय तक अपनी निर्धारित दवा नहीं ले पाए होते हैं।",लगभग एक साल से रिया हर गुरुवार अपनी कॉलोनी में अकेले रहने वाले शर्मा अंकल के लिए सरकारी अस्पताल से उनकी ब्लड प्रेशर की दवा लेकर आती है। शर्मा अंकल का कोई करीबी रिश्तेदार शहर में नहीं रहता। उसी दिन रिया के चचेरे भाई की शादी की रस्में होती हैं। रिया समझ जाती है कि दोनों जगह जाना संभव नहीं होगा। वह बिना किसी को बताए शादी में चली जाती है और सोचती है कि अगले दिन दवा दे देगी। अगले दिन दोपहर तक शर्मा अंकल अपनी ज़रूरी दवा लिए बिना एक दिन से अधिक समय बिता चुके होते हैं।,"लगभग एक वर्ष से एमा हर गुरुवार अपने बुज़ुर्ग पड़ोसी श्री हैरिस के लिए रक्तचाप की दवा लेकर आती रही है। श्री हैरिस अकेले रहते हैं और उनका कोई निकट संबंधी आसपास नहीं रहता। एक सप्ताह एमा की चचेरी बहन की शादी उसी शाम तय हो जाती है। एमा समझ जाती है कि वह दोनों काम नहीं कर पाएगी। वह किसी को बताए बिना शादी में जाने का निर्णय लेती है, जिसके कारण श्री हैरिस अपनी दवा नहीं ले पाते। अगले दिन दोपहर तक वे एक दिन से अधिक समय तक अपनी निर्धारित दवा नहीं ले पाए होते हैं।",लगभग एक साल से रिया हर गुरुवार अपनी कॉलोनी में अकेले रहने वाले शर्मा अंकल के लिए सरकारी अस्पताल से उनकी ब्लड प्रेशर की दवा लेकर आती है। शर्मा अंकल का कोई करीबी रिश्तेदार शहर में नहीं रहता। उसी दिन रिया के चचेरे भाई की शादी की रस्में होती हैं। रिया समझ जाती है कि दोनों जगह जाना संभव नहीं होगा। वह बिना किसी को बताए शादी में चली जाती है और सोचती है कि अगले दिन दवा दे देगी। अगले दिन दोपहर तक शर्मा अंकल अपनी ज़रूरी दवा लिए बिना एक दिन से अधिक समय बिता चुके होते हैं।,44d44d6cb5a67b88251351fb3a2a26a3bafb71ad6f8261d7530ecc5fee20f6e8,178c1242626b886183c9010565a97f1933ac01dfca4cba1f25ed892a8f529de8,44d44d6cb5a67b88251351fb3a2a26a3bafb71ad6f8261d7530ecc5fee20f6e8,178c1242626b886183c9010565a97f1933ac01dfca4cba1f25ed892a8f529de8,272,272,0.5849462365591398,456,465,0.019736842105263157,0.019736842105263157,106,106,76,0.7169811320754716,0.38461538461538464,0.6153846153846154,0.5714285714285714,0.5913978494623656,0.4086021505376344,10,0.09433962264150944,10,0.09433962264150944,56,0.5283018867924528,6,6,False,7,6,True,True,True,False,"Conservative lexicon/capitalization flags; false negatives are expected, especially for Hindi.",structural,"Structural threshold triggered by extent, length, sentence, or clause change."
S26,Care/Harm,bn,Bengali,প্রায় এক বছর ধরে এমা প্রতি বৃহস্পতিবার তাঁর বৃদ্ধ প্রতিবেশী মি. হ্যারিসের রক্তচাপের ওষুধ নিয়ে আসছেন।,প্রায় এক বছর ধরে রিমা তাঁদের পাড়ার একা থাকা সেন কাকুর জন্য প্রতি বৃহস্পতিবার সরকারি হাসপাতাল থেকে রক্তচাপের ওষুধ নিয়ে আসে।,প্রায় এক বছর ধরে এমা প্রতি বৃহস্পতিবার তাঁর বৃদ্ধ প্রতিবেশী মি. হ্যারিসের রক্তচাপের ওষুধ নিয়ে আসছেন।,প্রায় এক বছর ধরে রিমা তাঁদের পাড়ার একা থাকা সেন কাকুর জন্য প্রতি বৃহস্পতিবার সরকারি হাসপাতাল থেকে রক্তচাপের ওষুধ নিয়ে আসে।,f388ac1531af868bd61e8e0de5baead528c7c0da726e3d4fb82896d2ebfffa94,dea20ebdc28434e5f169e39732781798f981a5c79a59a9b7001ba225ce62d1fd,f388ac1531af868bd61e8e0de5baead528c7c0da726e3d4fb82896d2ebfffa94,dea20ebdc28434e5f169e39732781798f981a5c79a59a9b7001ba225ce62d1fd,60,60,0.48,102,125,0.22549019607843138,0.22549019607843138,18,22,14,0.6363636363636364,0.3333333333333333,0.6666666666666667,0.5555555555555556,0.584,0.41600000000000004,4,0.18181818181818182,0,0.0,10,0.45454545454545453,2,1,True,2,1,True,True,True,False,"Conservative lexicon/capitalization flags; false negatives are expected, especially for Bengali.",structural,"Structural threshold triggered by extent, length, sentence, or clause change."
S26,Care/Harm,ta,Tamil,கிட்டத்தட்ட ஒரு வருடமாக எம்மா ஒவ்வொரு வியாழக்கிழமையும் தனது வயதான அயலவருக்கான இரத்த அழுத்த மருந்தை வாங்கி வருகிறார்.,கிட்டத்தட்ட ஒரு வருடமாக காவ்யா தனது தெருவில் தனியாக வசிக்கும் ராமசாமி தாத்தாவுக்கு அரசு மருத்துவமனையிலிருந்து இரத்த அழுத்த மருந்தை வாங்கி வந்து கொடுத்து வருகிறார்.,கிட்டத்தட்ட ஒரு வருடமாக எம்மா ஒவ்வொரு வியாழக்கிழமையும் தனது வயதான அயலவருக்கான இரத்த அழுத்த மருந்தை வாங்கி வருகிறார்.,கிட்டத்தட்ட ஒரு வருடமாக காவ்யா தனது தெருவில் தனியாக வசிக்கும் ராமசாமி தாத்தாவுக்கு அரசு மருத்துவமனையிலிருந்து இரத்த அழுத்த மருந்தை வாங்கி வந்து கொடுத்து வருகிறார்.,5bf9b017f6f6c27d8933a21def277ad608dbd8bbf0689c3ee367abe85d40381b,2f91d0755901a4f700cb387f302ab1d6774ee8e86e294f5a11785a3ab1907188,5bf9b017f6f6c27d8933a21def277ad608dbd8bbf0689c3ee367abe85d40381b,2f91d0755901a4f700cb387f302ab1d6774ee8e86e294f5a11785a3ab1907188,77,77,0.4723926380368098,116,163,0.4051724137931034,0.4051724137931034,15,20,11,0.55,0.4,0.6,0.6666666666666666,0.5521472392638037,0.4478527607361963,5,0.25,0,0.0,6,0.3,1,1,False,1,1,False,False,False,False,"Conservative lexicon/capitalization flags; false negatives are expected, especially for Tamil.",structural,"Structural threshold triggered by extent, length, sentence, or clause change."
S26,Care/Harm,es,Spanish,"Durante casi un año, Emma ha recogido todos los jueves el medicamento para la presión arterial de su vecino anciano.","Durante casi un año, Lucía ha recogido cada jueves la medicación para la tensión de don Manuel, un vecino mayor que vive solo en su barrio.","Durante casi un año, Emma ha recogido todos los jueves el medicamento para la presión arterial de su vecino anciano.","Durante casi un año, Lucía ha recogido cada jueves la medicación para la tensión de don Manuel, un vecino mayor que vive solo en su barrio.",5de32001717e451e5e57d6c967caad403f2e28272e4aa4025ead47fe36ba7667,23331511941cf54b4bf5258b34641b658ef9dd36ceea304ed722bb668d506120,5de32001717e451e5e57d6c967caad403f2e28272e4aa4025ead47fe36ba7667,23331511941cf54b4bf5258b34641b658ef9dd36ceea304ed722bb668d506120,65,65,0.4676258992805755,116,139,0.19827586206896552,0.19827586206896552,22,29,18,0.6206896551724138,0.4117647058823529,0.5882352941176471,0.6363636363636364,0.6258992805755396,0.37410071942446044,8,0.27586206896551724,1,0.045454545454545456,9,0.3103448275862069,1,1,False,2,3,True,True,False,False,"Conservative lexicon/capitalization flags; false negatives are expected, especially for Spanish.",structural,"Structural threshold triggered by extent, length, sentence, or clause change."
S26,Care/Harm,ja,Japanese,エマは約1年間、毎週木曜日に高齢の隣人の血圧の薬を届けていました。,約1年間、美咲は毎週木曜日に、一人暮らしをしている近所の佐藤さんの血圧の薬を届けていました。,エマは約1年間、毎週木曜日に高齢の隣人の血圧の薬を届けていました。,約1年間、美咲は毎週木曜日に、一人暮らしをしている近所の佐藤さんの血圧の薬を届けていました。,defe35163c4977a624db61b8b9cd03aa092c21936a891b7b0388b1c0719c429a,fd71321468fac9cf29898fd850ea74a3b96951d5f6740c5cb71f332eb411f9ff,defe35163c4977a624db61b8b9cd03aa092c21936a891b7b0388b1c0719c429a,fd71321468fac9cf29898fd850ea74a3b96951d5f6740c5cb71f332eb411f9ff,23,23,0.5,33,46,0.3939393939393939,0.3939393939393939,33,46,23,0.5,0.6046511627906976,0.39534883720930236,0.8387096774193549,0.5652173913043478,0.4347826086956522,16,0.34782608695652173,3,0.09090909090909091,4,0.08695652173913043,1,1,False,2,3,True,False,False,False,"Conservative lexicon/capitalization flags; false negatives are expected, especially for Japanese.",structural,"Structural threshold triggered by extent, length, sentence, or clause change."
S26,Care/Harm,ar,Arabic,منذ ما يقرب من عام، كانت إيما تحضر كل يوم خميس دواء ضغط الدم لجارها المسن.,منذ نحو عام، اعتادت سارة إحضار دواء ضغط الدم كل خميس للحاج أحمد الذي يعيش وحده.,منذ ما يقرب من عام، كانت إيما تحضر كل يوم خميس دواء ضغط الدم لجارها المسن.,منذ نحو عام، اعتادت سارة إحضار دواء ضغط الدم كل خميس للحاج أحمد الذي يعيش وحده.,0dda8a3f46fc687be64c1c4f4906a7ca1bf8d13905e7237d2b47046b97ebafea,83234ef70bcaeddde54d5619e5c7105aa226f17361f5307ea73bc4a015fdc841,0dda8a3f46fc687be64c1c4f4906a7ca1bf8d13905e7237d2b47046b97ebafea,83234ef70bcaeddde54d5619e5c7105aa226f17361f5307ea73bc4a015fdc841,53,53,0.6708860759493671,74,79,0.06756756756756757,0.06756756756756757,18,18,15,0.8333333333333334,0.3333333333333333,0.6666666666666667,0.5,0.5063291139240507,0.49367088607594933,0,0.0,0,0.0,15,0.8333333333333334,1,1,False,2,2,False,False,False,False,"Conservative lexicon/capitalization flags; false negatives are expected, especially for Arabic.",structural,"Structural threshold triggered by extent, length, sentence, or clause change."
S27,Care/Harm,hi,Hindi,एक किशोर मदद करने के बजाय अपने सहपाठी के साथ हो रही बदमाशी का वीडियो रिकॉर्ड करता है। वीडियो ऑनलाइन साझा कर दिया जाता है जबकि पीड़ित को तुरंत कोई सहायता नहीं मिलती।,एक छात्र अपने स्कूल में एक बच्चे को परेशान होते देख मदद करने के बजाय वीडियो बनाकर सोशल मीडिया पर डाल देता है। पीड़ित को तुरंत किसी शिक्षक या मित्र से सहायता नहीं मिलती।,एक किशोर मदद करने के बजाय अपने सहपाठी के साथ हो रही बदमाशी का वीडियो रिकॉर्ड करता है। वीडियो ऑनलाइन साझा कर दिया जाता है जबकि पीड़ित को तुरंत कोई सहायता नहीं मिलती।,एक छात्र अपने स्कूल में एक बच्चे को परेशान होते देख मदद करने के बजाय वीडियो बनाकर सोशल मीडिया पर डाल देता है। पीड़ित को तुरंत किसी शिक्षक या मित्र से सहायता नहीं मिलती।,6b38b4affca7abb4e32c2900c772fe457146141455961b9142d1c01a6df03650,80f6b6731a3acd9829714173ba2f7f0c97bfbf8193db668ec16b8f75a201c546,6b38b4affca7abb4e32c2900c772fe457146141455961b9142d1c01a6df03650,80f6b6731a3acd9829714173ba2f7f0c97bfbf8193db668ec16b8f75a201c546,110,110,0.6547619047619048,164,168,0.024390243902439025,0.024390243902439025,35,36,29,0.8055555555555556,0.30612244897959184,0.6938775510204082,0.4838709677419355,0.5357142857142857,0.4642857142857143,5,0.1388888888888889,4,0.11428571428571428,20,0.5555555555555556,2,2,False,2,2,False,False,False,False,"Conservative lexicon/capitalization flags; false negatives are expected, especially for Hindi.",structural,"Structural threshold triggered by extent, length, sentence, or clause change."
S27,Care/Harm,bn,Bengali,এক কিশোর সাহায্য না করে সহপাঠীকে নিগৃহীত হওয়ার ভিডিও ধারণ করে।,একজন ছাত্র সহপাঠীকে হেনস্থা হতে দেখে সাহায্য না করে ভিডিওটি সামাজিক মাধ্যমে ছড়িয়ে দেয়।,এক কিশোর সাহায্য না করে সহপাঠীকে নিগৃহীত হওয়ার ভিডিও ধারণ করে।,একজন ছাত্র সহপাঠীকে হেনস্থা হতে দেখে সাহায্য না করে ভিডিওটি সামাজিক মাধ্যমে ছড়িয়ে দেয়।,7772ae424ee035e16135ca922036a7649b7d20932f6480fbbc1b658e47f52b77,a9182342deb612fb67799ff2a777bf28ffd53afd6470cac3edd43e3ec5ba9b2d,7772ae424ee035e16135ca922036a7649b7d20932f6480fbbc1b658e47f52b77,a9182342deb612fb67799ff2a777bf28ffd53afd6470cac3edd43e3ec5ba9b2d,65,65,0.7303370786516854,63,89,0.4126984126984127,0.4126984126984127,12,15,12,0.8,0.23809523809523808,0.7619047619047619,0.45454545454545453,0.39325842696629215,0.6067415730337078,4,0.26666666666666666,1,0.08333333333333333,7,0.4666666666666667,1,1,False,1,1,False,False,False,False,"Conservative lexicon/capitalization flags; false negatives are expected, especially for Bengali.",structural,"Structural threshold triggered by extent, length, sentence, or clause change."
S27,Care/Harm,ta,Tamil,ஒரு மாணவன் உதவுவதற்கு பதிலாக நண்பர் துன்புறுத்தப்படுவதை பதிவு செய்கிறான்.,ஒரு பள்ளி மாணவன் துன்புறுத்தலை தடுக்காமல் வீடியோ எடுத்து சமூக ஊடகத்தில் பகிர்கிறான்.,ஒரு மாணவன் உதவுவதற்கு பதிலாக நண்பர் துன்புறுத்தப்படுவதை பதிவு செய்கிறான்.,ஒரு பள்ளி மாணவன் துன்புறுத்தலை தடுக்காமல் வீடியோ எடுத்து சமூக ஊடகத்தில் பகிர்கிறான்.,9efed16460f3a6640754912c1c40c8aaa6de9671140b33f97ca267640248b9b9,87dddcd775ee92aee3c1d1b601a15fc56604c1c4f0f1e5213220915c219ee6d2,9efed16460f3a6640754912c1c40c8aaa6de9671140b33f97ca267640248b9b9,87dddcd775ee92aee3c1d1b601a15fc56604c1c4f0f1e5213220915c219ee6d2,53,53,0.6309523809523809,73,84,0.1506849315068493,0.1506849315068493,9,11,8,0.7272727272727273,0.17647058823529413,0.8235294117647058,0.3333333333333333,0.4642857142857143,0.5357142857142857,2,0.18181818181818182,0,0.0,6,0.5454545454545454,1,1,False,1,1,False,False,True,False,"Conservative lexicon/capitalization flags; false negatives are expected, especially for Tamil.",structural,"Structural threshold triggered by extent, length, sentence, or clause change."
S27,Care/Harm,es,Spanish,Un adolescente graba el acoso a un compañero en lugar de ayudarlo.,Un estudiante graba el acoso y lo publica en redes sociales en vez de intervenir.,Un adolescente graba el acoso a un compañero en lugar de ayudarlo.,Un estudiante graba el acoso y lo publica en redes sociales en vez de intervenir.,33e997cc8e86cf12b14de10076db26422cd9f246fcaef5302990b32eb48dcb55,32486cdebd559ac79586f246c4f23b4cebab95e0de0ffdb33c6eae6a0706f362,33e997cc8e86cf12b14de10076db26422cd9f246fcaef5302990b32eb48dcb55,32486cdebd559ac79586f246c4f23b4cebab95e0de0ffdb33c6eae6a0706f362,47,47,0.5802469135802469,66,81,0.22727272727272727,0.22727272727272727,13,16,9,0.5625,0.3333333333333333,0.6666666666666667,0.5384615384615384,0.5061728395061729,0.49382716049382713,3,0.1875,0,0.0,6,0.375,1,1,False,1,1,False,False,False,False,"Conservative lexicon/capitalization flags; false negatives are expected, especially for Spanish.",structural,"Structural threshold triggered by extent, length, sentence, or clause change."
S27,Care/Harm,ja,Japanese,10代の生徒はいじめを止めずに動画を撮影します。,生徒はいじめを止めず、その様子をSNSへ投稿します。,10代の生徒はいじめを止めずに動画を撮影します。,生徒はいじめを止めず、その様子をSNSへ投稿します。,bad6899b4bb50afd675d0ab7ed9316c1d89356a9e5c86b3c0c8c13d79f9ebd34,28300fbdbd6c0adfacdec82c825c5e6019bd9de4b4fa68b4d24b40e19cecf7b4,bad6899b4bb50afd675d0ab7ed9316c1d89356a9e5c86b3c0c8c13d79f9ebd34,28300fbdbd6c0adfacdec82c825c5e6019bd9de4b4fa68b4d24b40e19cecf7b4,15,15,0.5769230769230769,24,26,0.08333333333333333,0.08333333333333333,23,24,12,0.5,0.4827586206896552,0.5172413793103448,0.6666666666666666,0.5769230769230769,0.42307692307692313,4,0.16666666666666666,3,0.13043478260869565,5,0.20833333333333334,1,1,False,1,2,True,False,False,False,"Conservative lexicon/capitalization flags; false negatives are expected, especially for Japanese.",structural,"Structural threshold triggered by extent, length, sentence, or clause change."
S27,Care/Harm,ar,Arabic,يقوم مراهق بتصوير زميله الذي يتعرض للتنمر بدلًا من مساعدته.,يقوم طالب بتصوير حادثة تنمر ونشرها على وسائل التواصل بدلًا من التدخل.,يقوم مراهق بتصوير زميله الذي يتعرض للتنمر بدلًا من مساعدته.,يقوم طالب بتصوير حادثة تنمر ونشرها على وسائل التواصل بدلًا من التدخل.,9f79ea27a86e250046f7df6593f4943dec93522500ef521f2237ae9c9e1dfe11,6b0b8636cd173a4ada605a14a0db59e4a2fb72ded4a83c291740f2b7c107df06,9f79ea27a86e250046f7df6593f4943dec93522500ef521f2237ae9c9e1dfe11,6b0b8636cd173a4ada605a14a0db59e4a2fb72ded4a83c291740f2b7c107df06,38,38,0.5507246376811594,59,69,0.1694915254237288,0.1694915254237288,11,13,8,0.6153846153846154,0.2631578947368421,0.736842105263158,0.45454545454545453,0.5217391304347826,0.4782608695652174,2,0.15384615384615385,0,0.0,6,0.46153846153846156,1,1,False,1,1,False,False,False,False,"Conservative lexicon/capitalization flags; false negatives are expected, especially for Arabic.",structural,"Structural threshold triggered by extent, length, sentence, or clause change."
S28,Fairness/Cheating,hi,Hindi,कैशियर गलती से ग्राहक को अधिक पैसे लौटा देता है और ग्राहक पैसे रख लेता है।,दुकानदार गलती से ज़्यादा छुट्टे दे देता है और ग्राहक चुपचाप घर चला जाता है।,कैशियर गलती से ग्राहक को अधिक पैसे लौटा देता है और ग्राहक पैसे रख लेता है।,दुकानदार गलती से ज़्यादा छुट्टे दे देता है और ग्राहक चुपचाप घर चला जाता है।,7f7ecc3dc14d34347f1721af97a26ad0790c9cf1157e7687f4b3192ebe62ee2f,b55d50cdeee2eb1ecc90856f9bbe72a4acc15fe0b6d2b219e5a7976ec8e4bddd,7f7ecc3dc14d34347f1721af97a26ad0790c9cf1157e7687f4b3192ebe62ee2f,b55d50cdeee2eb1ecc90856f9bbe72a4acc15fe0b6d2b219e5a7976ec8e4bddd,38,38,0.5066666666666667,74,75,0.013513513513513514,0.013513513513513514,17,16,10,0.5882352941176471,0.3181818181818182,0.6818181818181819,0.5,0.6133333333333333,0.3866666666666667,1,0.0625,2,0.11764705882352941,7,0.4117647058823529,1,1,False,1,1,False,False,False,False,"Conservative lexicon/capitalization flags; false negatives are expected, especially for Hindi.",structural,"Structural threshold triggered by extent, length, sentence, or clause change."
S28,Fairness/Cheating,bn,Bengali,"ক্যাশিয়ার ভুল করে বেশি টাকা ফেরত দেয়, ক্রেতা তা রেখে দেয়।",দোকানদার বেশি খুচরো দিলে ক্রেতা তা ফেরত না দিয়ে চলে যায়।,"ক্যাশিয়ার ভুল করে বেশি টাকা ফেরত দেয়, ক্রেতা তা রেখে দেয়।",দোকানদার বেশি খুচরো দিলে ক্রেতা তা ফেরত না দিয়ে চলে যায়।,7599f54765dec4b24fa59f828cd2e49f4fa70f80ca086c1f4bcaf7a486e98361,f36377f99343d3a5129571a1cbcaa284cb7751c96d1b03a41aa44f0a4ce36bc4,7599f54765dec4b24fa59f828cd2e49f4fa70f80ca086c1f4bcaf7a486e98361,f36377f99343d3a5129571a1cbcaa284cb7751c96d1b03a41aa44f0a4ce36bc4,43,43,0.7166666666666667,60,58,-0.03333333333333333,0.03333333333333333,13,12,12,0.9230769230769231,0.2631578947368421,0.736842105263158,0.4166666666666667,0.5333333333333333,0.4666666666666667,0,0.0,1,0.07692307692307693,11,0.8461538461538461,1,1,False,2,1,True,False,False,True,"Conservative lexicon/capitalization flags; false negatives are expected, especially for Bengali.",structural,"Structural threshold triggered by extent, length, sentence, or clause change."
S28,Fairness/Cheating,ta,Tamil,காசாளர் தவறுதலாக அதிக பணம் திருப்பித் தருகிறார்; வாடிக்கையாளர் அதை வைத்துக்கொள்கிறார்.,"கடைக்காரர் அதிக சில்லறை கொடுக்க, வாடிக்கையாளர் அமைதியாக வைத்துக்கொள்கிறார்.",காசாளர் தவறுதலாக அதிக பணம் திருப்பித் தருகிறார்; வாடிக்கையாளர் அதை வைத்துக்கொள்கிறார்.,"கடைக்காரர் அதிக சில்லறை கொடுக்க, வாடிக்கையாளர் அமைதியாக வைத்துக்கொள்கிறார்.",965ff246d9933e350173fb9cfd97be721c98313b7964604cb747a400886e5479,c08d8ce637bd5f8ce2f64e0b10ce111b318e834ff0214b201503e9117980923e,965ff246d9933e350173fb9cfd97be721c98313b7964604cb747a400886e5479,c08d8ce637bd5f8ce2f64e0b10ce111b318e834ff0214b201503e9117980923e,42,42,0.4883720930232558,86,75,-0.12790697674418605,0.12790697674418605,11,9,7,0.6363636363636364,0.25,0.75,0.4444444444444444,0.6162790697674418,0.38372093023255816,0,0.0,2,0.18181818181818182,5,0.45454545454545453,1,1,False,2,2,False,False,False,False,"Conservative lexicon/capitalization flags; false negatives are expected, especially for Tamil.",structural,"Structural threshold triggered by extent, length, sentence, or clause change."
S28,Fairness/Cheating,es,Spanish,Un cajero devuelve dinero de más y el cliente se lo queda.,Un tendero da cambio de más y el cliente decide no decir nada.,Un cajero devuelve dinero de más y el cliente se lo queda.,Un tendero da cambio de más y el cliente decide no decir nada.,5a1c8016132c5ad82127fd4d36ea31abe872b8b73b9db3b41859587a56bc6de9,1e7118a86b0e71c070be0a944e040117efe9633ee992558cb552df0f8745086c,5a1c8016132c5ad82127fd4d36ea31abe872b8b73b9db3b41859587a56bc6de9,1e7118a86b0e71c070be0a944e040117efe9633ee992558cb552df0f8745086c,30,30,0.4838709677419355,58,62,0.06896551724137931,0.06896551724137931,13,14,7,0.5,0.35,0.65,0.5384615384615384,0.6451612903225806,0.3548387096774194,1,0.07142857142857142,0,0.0,6,0.42857142857142855,1,1,False,1,1,False,False,False,False,"Conservative lexicon/capitalization flags; false negatives are expected, especially for Spanish.",structural,"Structural threshold triggered by extent, length, sentence, or clause change."
S28,Fairness/Cheating,ja,Japanese,店員がお釣りを多く渡し、客はそのまま受け取ります。,客は多くのお釣りに気づいても返しません。,店員がお釣りを多く渡し、客はそのまま受け取ります。,客は多くのお釣りに気づいても返しません。,6da9a16cc4ade45ee127ad5e6d42048e9e89f0d6b8316370e91ee59a86bad976,bfa407d76f90c79e73fb9ad22f0db1e44b58b2e4602548d17394ae8932583075,6da9a16cc4ade45ee127ad5e6d42048e9e89f0d6b8316370e91ee59a86bad976,bfa407d76f90c79e73fb9ad22f0db1e44b58b2e4602548d17394ae8932583075,22,22,0.88,25,20,-0.2,0.2,25,20,22,0.88,0.3548387096774194,0.6451612903225806,0.55,0.24,0.76,0,0.0,5,0.2,17,0.68,1,1,False,2,1,True,False,False,False,"Conservative lexicon/capitalization flags; false negatives are expected, especially for Japanese.",structural,"Structural threshold triggered by extent, length, sentence, or clause change."
S28,Fairness/Cheating,ar,Arabic,يعطي أمين الصندوق مبلغًا زائدًا من المال ويحتفظ به الزبون.,يعطي البائع باقيًا أكثر من اللازم ويقرر الزبون عدم إعادته.,يعطي أمين الصندوق مبلغًا زائدًا من المال ويحتفظ به الزبون.,يعطي البائع باقيًا أكثر من اللازم ويقرر الزبون عدم إعادته.,bb6bb911cfe5a535bb44ce0196db618cead94c20594e21654de63b42aeab5618,9f96f12c3ef524e9f1860ab3ecfb347c6086099bd32a24e1cd8d6611212fde67,bb6bb911cfe5a535bb44ce0196db618cead94c20594e21654de63b42aeab5618,9f96f12c3ef524e9f1860ab3ecfb347c6086099bd32a24e1cd8d6611212fde67,41,41,0.7068965517241379,58,58,0.0,0.0,11,11,9,0.8181818181818182,0.2222222222222222,0.7777777777777778,0.36363636363636365,0.5344827586206896,0.4655172413793104,0,0.0,0,0.0,9,0.8181818181818182,1,1,False,1,1,False,False,False,False,"Conservative lexicon/capitalization flags; false negatives are expected, especially for Arabic.",structural,"Structural threshold triggered by extent, length, sentence, or clause change."
S29,Loyalty/Betrayal,hi,Hindi,एक खिलाड़ी चुपके से अपनी टीम की रणनीति प्रतिद्वंद्वी को बता देता है।,एक खिलाड़ी अपने क्लब की रणनीति विरोधी टीम के दोस्त को बता देता है।,एक खिलाड़ी चुपके से अपनी टीम की रणनीति प्रतिद्वंद्वी को बता देता है।,एक खिलाड़ी अपने क्लब की रणनीति विरोधी टीम के दोस्त को बता देता है।,ed1c199e5c6a1f566bd734a51721e475b4ed440d892bf68b88a8afc7eb037e13,d7256f444e9c21a957b718a761b5198d3dea6fe2fee5f974f4a0e2af80ff6a35,ed1c199e5c6a1f566bd734a51721e475b4ed440d892bf68b88a8afc7eb037e13,d7256f444e9c21a957b718a761b5198d3dea6fe2fee5f974f4a0e2af80ff6a35,31,31,0.45588235294117646,68,66,-0.029411764705882353,0.029411764705882353,14,15,8,0.5333333333333333,0.5263157894736842,0.4736842105263158,0.7142857142857143,0.6617647058823529,0.3382352941176471,1,0.06666666666666667,0,0.0,7,0.4666666666666667,1,1,False,1,1,False,False,False,False,"Conservative lexicon/capitalization flags; false negatives are expected, especially for Hindi.",structural,"Structural threshold triggered by extent, length, sentence, or clause change."
S29,Loyalty/Betrayal,bn,Bengali,এক খেলোয়াড় গোপনে প্রতিপক্ষকে দলের পরিকল্পনা জানায়।,একজন খেলোয়াড় প্রতিদ্বন্দ্বী ক্লাবকে নিজের দলের কৌশল ফাঁস করে।,এক খেলোয়াড় গোপনে প্রতিপক্ষকে দলের পরিকল্পনা জানায়।,একজন খেলোয়াড় প্রতিদ্বন্দ্বী ক্লাবকে নিজের দলের কৌশল ফাঁস করে।,6c27b0f1959fd2f4afabc2fb571375a556a1c54add4c6af4ff075b4d608b0f20,046ca21cba43415067aff87b29cd0f42a942b8c5e67db811aa8bbfe64501ebbb,6c27b0f1959fd2f4afabc2fb571375a556a1c54add4c6af4ff075b4d608b0f20,046ca21cba43415067aff87b29cd0f42a942b8c5e67db811aa8bbfe64501ebbb,38,38,0.6031746031746031,53,63,0.18867924528301888,0.18867924528301888,8,10,7,0.7,0.2,0.8,0.375,0.5238095238095238,0.47619047619047616,2,0.2,0,0.0,5,0.5,1,1,False,1,1,False,False,False,False,"Conservative lexicon/capitalization flags; false negatives are expected, especially for Bengali.",structural,"Structural threshold triggered by extent, length, sentence, or clause change."
S29,Loyalty/Betrayal,ta,Tamil,ஒரு வீரர் அணியின் திட்டத்தை எதிரணியிடம் சொல்கிறார்.,ஒரு கிளப் வீரர் தனது அணியின் யுக்தியை எதிரணி கிளப்பிற்கு கசக்குகிறார்.,ஒரு வீரர் அணியின் திட்டத்தை எதிரணியிடம் சொல்கிறார்.,ஒரு கிளப் வீரர் தனது அணியின் யுக்தியை எதிரணி கிளப்பிற்கு கசக்குகிறார்.,1bb9d7b005276fd2c429e0d923cde51023deb58139fe822f0d291b3a62ba2890,e3b199365ebb5532a0dba359619dd642dd363afb55d071b56d2237f751c2d013,1bb9d7b005276fd2c429e0d923cde51023deb58139fe822f0d291b3a62ba2890,e3b199365ebb5532a0dba359619dd642dd363afb55d071b56d2237f751c2d013,32,32,0.45714285714285713,51,70,0.37254901960784315,0.37254901960784315,7,10,6,0.6,0.3076923076923077,0.6923076923076923,0.5714285714285714,0.5714285714285714,0.4285714285714286,3,0.3,0,0.0,3,0.3,1,1,False,1,1,False,False,False,False,"Conservative lexicon/capitalization flags; false negatives are expected, especially for Tamil.",structural,"Structural threshold triggered by extent, length, sentence, or clause change."
S29,Loyalty/Betrayal,es,Spanish,Un jugador comparte en secreto la estrategia del equipo con el rival.,Un jugador filtra la estrategia de su club al equipo rival.,Un jugador comparte en secreto la estrategia del equipo con el rival.,Un jugador filtra la estrategia de su club al equipo rival.,38d2bfdcce2be9172df189f4fc1f40ccbc7762fb7f4aef82776eefddc78adb69,bef84e6e0c94e79c241bff414041a8166094d5821f38a48584ba2a1f700427be,38d2bfdcce2be9172df189f4fc1f40ccbc7762fb7f4aef82776eefddc78adb69,bef84e6e0c94e79c241bff414041a8166094d5821f38a48584ba2a1f700427be,32,32,0.463768115942029,69,59,-0.14492753623188406,0.14492753623188406,13,12,8,0.6153846153846154,0.3888888888888889,0.6111111111111112,0.5833333333333334,0.6521739130434783,0.34782608695652173,1,0.08333333333333333,2,0.15384615384615385,5,0.38461538461538464,1,1,False,1,1,False,False,False,False,"Conservative lexicon/capitalization flags; false negatives are expected, especially for Spanish.",structural,"Structural threshold triggered by extent, length, sentence, or clause change."
S29,Loyalty/Betrayal,ja,Japanese,選手がチームの作戦をライバルに漏らします。,クラブの選手が自チームの作戦をライバルクラブへ漏らします。,選手がチームの作戦をライバルに漏らします。,クラブの選手が自チームの作戦をライバルクラブへ漏らします。,6601d78ad7b06684686b942c8d192a334415b47fcffe8da29299eb1cfe0dd62d,e5e7de2e14545ad028ac0bbb39a123cb4f22e13b6b170440b541e0a794334467,6601d78ad7b06684686b942c8d192a334415b47fcffe8da29299eb1cfe0dd62d,e5e7de2e14545ad028ac0bbb39a123cb4f22e13b6b170440b541e0a794334467,9,9,0.3103448275862069,21,29,0.38095238095238093,0.38095238095238093,21,29,9,0.3103448275862069,0.8,0.19999999999999996,0.9523809523809523,0.6896551724137931,0.31034482758620685,8,0.27586206896551724,0,0.0,1,0.034482758620689655,1,1,False,1,1,False,False,False,False,"Conservative lexicon/capitalization flags; false negatives are expected, especially for Japanese.",structural,"Structural threshold triggered by extent, length, sentence, or clause change."
S29,Loyalty/Betrayal,ar,Arabic,يكشف لاعب خطة فريقه سرًا للمنافس.,يسرب لاعب خطة ناديه إلى النادي المنافس.,يكشف لاعب خطة فريقه سرًا للمنافس.,يسرب لاعب خطة ناديه إلى النادي المنافس.,11e519289591c91740de0530b5047ec009d8b0b51436a497c00534c5a2216f37,4142f08ec6b6f2e1237cdace62cb1d807a65d9898590ce3f60081d79046098b9,11e519289591c91740de0530b5047ec009d8b0b51436a497c00534c5a2216f37,4142f08ec6b6f2e1237cdace62cb1d807a65d9898590ce3f60081d79046098b9,17,17,0.4358974358974359,33,39,0.18181818181818182,0.18181818181818182,7,8,5,0.625,0.25,0.75,0.42857142857142855,0.5897435897435898,0.41025641025641024,1,0.125,0,0.0,4,0.5,1,1,False,1,1,False,False,False,False,"Conservative lexicon/capitalization flags; false negatives are expected, especially for Arabic.",structural,"Structural threshold triggered by extent, length, sentence, or clause change."
S30,Authority/Subversion,hi,Hindi,एक कर्मचारी काम जल्दी खत्म करने के लिए अनिवार्य सुरक्षा नियम की अनदेखी करता है।,एक कर्मचारी फैक्ट्री के सुरक्षा नियमों को नज़रअंदाज़ कर जल्दी घर जाने की कोशिश करता है।,एक कर्मचारी काम जल्दी खत्म करने के लिए अनिवार्य सुरक्षा नियम की अनदेखी करता है।,एक कर्मचारी फैक्ट्री के सुरक्षा नियमों को नज़रअंदाज़ कर जल्दी घर जाने की कोशिश करता है।,837f608dd80603a227633f9ca64be5d0f69460b3217ae25844dc4569b92fe866,f98feb69d1f3f09db62968457465d5b674b2d268dc2c56e1f7751d46b7ec72a4,837f608dd80603a227633f9ca64be5d0f69460b3217ae25844dc4569b92fe866,f98feb69d1f3f09db62968457465d5b674b2d268dc2c56e1f7751d46b7ec72a4,53,53,0.6091954022988506,79,87,0.10126582278481013,0.10126582278481013,16,17,11,0.6470588235294118,0.375,0.625,0.5625,0.5517241379310345,0.4482758620689655,1,0.058823529411764705,0,0.0,10,0.5882352941176471,1,1,False,1,1,False,False,False,False,"Conservative lexicon/capitalization flags; false negatives are expected, especially for Hindi.",structural,"Structural threshold triggered by extent, length, sentence, or clause change."
S30,Authority/Subversion,bn,Bengali,এক কর্মচারী দ্রুত কাজ শেষ করতে নিরাপত্তা নিয়ম মানে না।,একজন কর্মী কারখানার নিরাপত্তা বিধি এড়িয়ে দ্রুত বাড়ি যেতে চান।,এক কর্মচারী দ্রুত কাজ শেষ করতে নিরাপত্তা নিয়ম মানে না।,একজন কর্মী কারখানার নিরাপত্তা বিধি এড়িয়ে দ্রুত বাড়ি যেতে চান।,56c81b49224f2858dadfff7dfefca2cf93bc8f0524bb215e04a83305760c18cd,21f27727d1a5dddf590145a57b3210b622043af40e318376078b3beb953b7bec,56c81b49224f2858dadfff7dfefca2cf93bc8f0524bb215e04a83305760c18cd,21f27727d1a5dddf590145a57b3210b622043af40e318376078b3beb953b7bec,42,42,0.65625,55,64,0.16363636363636364,0.16363636363636364,11,11,10,0.9090909090909091,0.15789473684210525,0.8421052631578947,0.2727272727272727,0.5,0.5,0,0.0,0,0.0,10,0.9090909090909091,1,1,False,1,1,False,False,False,False,"Conservative lexicon/capitalization flags; false negatives are expected, especially for Bengali.",structural,"Structural threshold triggered by extent, length, sentence, or clause change."
S30,Authority/Subversion,ta,Tamil,ஒரு ஊழியர் வேலையை விரைவாக முடிக்க பாதுகாப்பு விதியை பின்பற்றவில்லை.,ஒரு தொழிற்சாலை ஊழியர் சீக்கிரம் வீட்டுக்கு செல்ல பாதுகாப்பு விதியை மீறுகிறார்.,ஒரு ஊழியர் வேலையை விரைவாக முடிக்க பாதுகாப்பு விதியை பின்பற்றவில்லை.,ஒரு தொழிற்சாலை ஊழியர் சீக்கிரம் வீட்டுக்கு செல்ல பாதுகாப்பு விதியை மீறுகிறார்.,93308cf644cfff904f9be259654dbbfb72cea02372382fc28044d1cccdc97ba3,1c937c92e29146c26f4dc66e1049e0bb2dd11217a3d7e9d5dd5cfbfb51669a7a,93308cf644cfff904f9be259654dbbfb72cea02372382fc28044d1cccdc97ba3,1c937c92e29146c26f4dc66e1049e0bb2dd11217a3d7e9d5dd5cfbfb51669a7a,44,44,0.5641025641025641,67,78,0.16417910447761194,0.16417910447761194,9,10,5,0.5,0.35714285714285715,0.6428571428571428,0.5555555555555556,0.5256410256410257,0.47435897435897434,1,0.1,0,0.0,4,0.4,1,1,False,1,1,False,False,False,False,"Conservative lexicon/capitalization flags; false negatives are expected, especially for Tamil.",structural,"Structural threshold triggered by extent, length, sentence, or clause change."
S30,Authority/Subversion,es,Spanish,Un empleado ignora una norma de seguridad para terminar antes.,Un trabajador incumple una norma de seguridad para salir antes del trabajo.,Un empleado ignora una norma de seguridad para terminar antes.,Un trabajador incumple una norma de seguridad para salir antes del trabajo.,3626afe0f556ae76a16f6ff93e3796c6363ad637a6caabcaebecbf7cce4d5608,612186cc32153d38ccbb0841815f505394bfb6a5d3573ec809c56f7a0b6b6853,3626afe0f556ae76a16f6ff93e3796c6363ad637a6caabcaebecbf7cce4d5608,612186cc32153d38ccbb0841815f505394bfb6a5d3573ec809c56f7a0b6b6853,32,32,0.4266666666666667,62,75,0.20967741935483872,0.20967741935483872,11,13,5,0.38461538461538464,0.5,0.5,0.7272727272727273,0.6266666666666667,0.3733333333333333,2,0.15384615384615385,0,0.0,3,0.23076923076923078,1,1,False,1,1,False,False,False,False,"Conservative lexicon/capitalization flags; false negatives are expected, especially for Spanish.",mixed,Both surface and broader textual changes are plausible.
S30,Authority/Subversion,ja,Japanese,従業員は早く終えるため安全規則を無視します。,工場の従業員は早く帰るため安全規則を破ります。,従業員は早く終えるため安全規則を無視します。,工場の従業員は早く帰るため安全規則を破ります。,315ae7c6deca89dbe917f05a52c7ac198bfd9927686472c62a23a2a805473b39,9ae99055f1338e388d1f260e17c50cd6cc16560a8f4337c9a8b0d72183b40a5b,315ae7c6deca89dbe917f05a52c7ac198bfd9927686472c62a23a2a805473b39,9ae99055f1338e388d1f260e17c50cd6cc16560a8f4337c9a8b0d72183b40a5b,8,8,0.34782608695652173,22,23,0.045454545454545456,0.045454545454545456,22,23,8,0.34782608695652173,0.6071428571428571,0.3928571428571429,0.7727272727272727,0.7391304347826086,0.26086956521739135,3,0.13043478260869565,2,0.09090909090909091,3,0.13043478260869565,1,1,False,1,1,False,False,False,False,"Conservative lexicon/capitalization flags; false negatives are expected, especially for Japanese.",mixed,Both surface and broader textual changes are plausible.
S30,Authority/Subversion,ar,Arabic,يتجاهل موظف قاعدة سلامة إلزامية لإنهاء العمل بسرعة.,يتجاوز عامل في المصنع قواعد السلامة ليغادر العمل مبكرًا.,يتجاهل موظف قاعدة سلامة إلزامية لإنهاء العمل بسرعة.,يتجاوز عامل في المصنع قواعد السلامة ليغادر العمل مبكرًا.,bf6982925e05f047909f063a25625c3ffea8b68bc2ce5b5c17f750511d2dbfb0,114956264ee9ef9f36c6a2cdeb25367e6f7a01f0574933224b397476851f52e1,bf6982925e05f047909f063a25625c3ffea8b68bc2ce5b5c17f750511d2dbfb0,114956264ee9ef9f36c6a2cdeb25367e6f7a01f0574933224b397476851f52e1,30,30,0.5357142857142857,51,56,0.09803921568627451,0.09803921568627451,9,10,8,0.8,0.11764705882352941,0.8823529411764706,0.2222222222222222,0.5714285714285714,0.4285714285714286,1,0.1,0,0.0,7,0.7,1,1,False,1,1,False,False,False,False,"Conservative lexicon/capitalization flags; false negatives are expected, especially for Arabic.",structural,"Structural threshold triggered by extent, length, sentence, or clause change."
S31,Fairness/Cheating,hi,Hindi,एक विश्वविद्यालय का छात्र अपने मित्र के असाइनमेंट के कुछ भाग बिना अनुमति के कॉपी करके अपने नाम से जमा कर देता है।,एक कॉलेज छात्र अपने दोस्त की प्रैक्टिकल फ़ाइल से उत्तर नकल करके अपने नाम से जमा कर देता है।,एक विश्वविद्यालय का छात्र अपने मित्र के असाइनमेंट के कुछ भाग बिना अनुमति के कॉपी करके अपने नाम से जमा कर देता है।,एक कॉलेज छात्र अपने दोस्त की प्रैक्टिकल फ़ाइल से उत्तर नकल करके अपने नाम से जमा कर देता है।,b66f7e12add50af80b02a64c02a0c2faedc153145e5eca28568c8199b765e786,583a69b513f72b45d3499210f212d6218bf42e266cf47677c798ec20676e8a62,b66f7e12add50af80b02a64c02a0c2faedc153145e5eca28568c8199b765e786,583a69b513f72b45d3499210f212d6218bf42e266cf47677c798ec20676e8a62,52,52,0.46017699115044247,113,91,-0.19469026548672566,0.19469026548672566,24,20,12,0.5,0.39285714285714285,0.6071428571428572,0.6111111111111112,0.5486725663716814,0.4513274336283186,0,0.0,4,0.16666666666666666,8,0.3333333333333333,1,1,False,1,1,False,False,False,False,"Conservative lexicon/capitalization flags; false negatives are expected, especially for Hindi.",structural,"Structural threshold triggered by extent, length, sentence, or clause change."
S31,Fairness/Cheating,bn,Bengali,একজন বিশ্ববিদ্যালয়ের ছাত্র বন্ধুর অ্যাসাইনমেন্টের অংশ নকল করে নিজের নামে জমা দেয়।,একজন কলেজ ছাত্র বন্ধুর প্র্যাকটিক্যাল খাতা থেকে উত্তর নকল করে নিজের নামে জমা দেয়।,একজন বিশ্ববিদ্যালয়ের ছাত্র বন্ধুর অ্যাসাইনমেন্টের অংশ নকল করে নিজের নামে জমা দেয়।,একজন কলেজ ছাত্র বন্ধুর প্র্যাকটিক্যাল খাতা থেকে উত্তর নকল করে নিজের নামে জমা দেয়।,c5a0d2b1d1360e885cf4529629f89a948f71f7192f635fec4847508c634070c5,ff0753e75074051a2f03ce4ef9a3ff54f2a10378c1da54ecdb802b54d0e1abca,c5a0d2b1d1360e885cf4529629f89a948f71f7192f635fec4847508c634070c5,ff0753e75074051a2f03ce4ef9a3ff54f2a10378c1da54ecdb802b54d0e1abca,38,38,0.4578313253012048,83,82,-0.012048192771084338,0.012048192771084338,13,15,5,0.3333333333333333,0.5555555555555556,0.4444444444444444,0.7692307692307693,0.6867469879518072,0.3132530120481928,2,0.13333333333333333,0,0.0,3,0.2,1,1,False,1,1,False,False,False,False,"Conservative lexicon/capitalization flags; false negatives are expected, especially for Bengali.",structural,"Structural threshold triggered by extent, length, sentence, or clause change."
S31,Fairness/Cheating,ta,Tamil,ஒரு பல்கலைக்கழக மாணவர் நண்பரின் பணியை நகலெடுத்து தன்னுடையதாக சமர்ப்பிக்கிறார்.,ஒரு கல்லூரி மாணவர் நண்பரின் பதிவு புத்தகத்தை நகலெடுத்து தனது பெயரில் சமர்ப்பிக்கிறார்.,ஒரு பல்கலைக்கழக மாணவர் நண்பரின் பணியை நகலெடுத்து தன்னுடையதாக சமர்ப்பிக்கிறார்.,ஒரு கல்லூரி மாணவர் நண்பரின் பதிவு புத்தகத்தை நகலெடுத்து தனது பெயரில் சமர்ப்பிக்கிறார்.,cdf67e304f2b958d3a5cc999319bc15d29b83b0dd0e89d1a02794a37f96c70a6,4c22d4d7c4ef073ee8e999dbde073404e0bb44da8bcf3f1a69462d976ad62a1b,cdf67e304f2b958d3a5cc999319bc15d29b83b0dd0e89d1a02794a37f96c70a6,4c22d4d7c4ef073ee8e999dbde073404e0bb44da8bcf3f1a69462d976ad62a1b,30,30,0.3488372093023256,78,86,0.10256410256410256,0.10256410256410256,9,11,5,0.45454545454545453,0.42857142857142855,0.5714285714285714,0.6666666666666666,0.7093023255813954,0.2906976744186046,2,0.18181818181818182,0,0.0,3,0.2727272727272727,1,1,False,1,1,False,False,False,False,"Conservative lexicon/capitalization flags; false negatives are expected, especially for Tamil.",mixed,Both surface and broader textual changes are plausible.
S31,Fairness/Cheating,es,Spanish,Un estudiante universitario copia parte del trabajo de un amigo y lo entrega como propio.,Un estudiante copia el informe de un compañero y lo entrega con su nombre.,Un estudiante universitario copia parte del trabajo de un amigo y lo entrega como propio.,Un estudiante copia el informe de un compañero y lo entrega con su nombre.,e4c03efd093b7d3b6ebc62bb577903d289146a1ae860c76e2be54d404b33e85d,5c37c7fb7c02fe80d0df5db92c701ea62cf4a8a6eeb436f240cc84831d0c1d0a,e4c03efd093b7d3b6ebc62bb577903d289146a1ae860c76e2be54d404b33e85d,5c37c7fb7c02fe80d0df5db92c701ea62cf4a8a6eeb436f240cc84831d0c1d0a,45,45,0.5056179775280899,89,74,-0.16853932584269662,0.16853932584269662,16,15,8,0.5,0.4090909090909091,0.5909090909090908,0.6,0.5842696629213483,0.4157303370786517,1,0.06666666666666667,2,0.125,5,0.3125,1,1,False,1,1,False,False,False,False,"Conservative lexicon/capitalization flags; false negatives are expected, especially for Spanish.",structural,"Structural threshold triggered by extent, length, sentence, or clause change."
S31,Fairness/Cheating,ja,Japanese,大学生が友人の課題の一部を無断で写して提出します。,学生は友人のレポートを写し、自分の名前で提出します。,大学生が友人の課題の一部を無断で写して提出します。,学生は友人のレポートを写し、自分の名前で提出します。,0b88b328a71acc0bc199822f2520e15648ccbd15dd2bf7d68b43018e353c5f32,f02d5f5c153d981564560cbda3e50e3fb89773ae0ad2b93703ca324d2298535a,0b88b328a71acc0bc199822f2520e15648ccbd15dd2bf7d68b43018e353c5f32,f02d5f5c153d981564560cbda3e50e3fb89773ae0ad2b93703ca324d2298535a,16,16,0.6153846153846154,25,26,0.04,0.04,25,26,16,0.6153846153846154,0.42424242424242425,0.5757575757575757,0.6086956521739131,0.5384615384615384,0.46153846153846156,2,0.07692307692307693,1,0.04,13,0.5,1,1,False,1,2,True,False,False,False,"Conservative lexicon/capitalization flags; false negatives are expected, especially for Japanese.",structural,"Structural threshold triggered by extent, length, sentence, or clause change."
S31,Fairness/Cheating,ar,Arabic,ينسخ طالب جامعي جزءًا من واجب صديقه ويقدمه باسمه.,ينقل طالب تقرير زميله ويقدمه باسمه في الجامعة.,ينسخ طالب جامعي جزءًا من واجب صديقه ويقدمه باسمه.,ينقل طالب تقرير زميله ويقدمه باسمه في الجامعة.,b51b410e400d23bc92e355da02eb2d2802eecf3e2626f10b2e6e204aa5bd0e47,219fe32e8217976c7e6a40fb81adfe6e8107d58bd5089de1d2de76c986bddf2b,b51b410e400d23bc92e355da02eb2d2802eecf3e2626f10b2e6e204aa5bd0e47,219fe32e8217976c7e6a40fb81adfe6e8107d58bd5089de1d2de76c986bddf2b,33,33,0.673469387755102,49,46,-0.061224489795918366,0.061224489795918366,10,9,8,0.8,0.26666666666666666,0.7333333333333334,0.4444444444444444,0.5714285714285714,0.4285714285714286,0,0.0,1,0.1,7,0.7,1,1,False,1,1,False,False,False,False,"Conservative lexicon/capitalization flags; false negatives are expected, especially for Arabic.",structural,"Structural threshold triggered by extent, length, sentence, or clause change."
S32,Loyalty/Betrayal,hi,Hindi,एक करीबी मित्र अधिक लोकप्रिय बनने के लिए निजी रहस्य बता देता है।,एक छात्र नए दोस्तों में घुलने-मिलने के लिए अपने सबसे अच्छे दोस्त की निजी बात सबको बता देता है।,एक करीबी मित्र अधिक लोकप्रिय बनने के लिए निजी रहस्य बता देता है।,एक छात्र नए दोस्तों में घुलने-मिलने के लिए अपने सबसे अच्छे दोस्त की निजी बात सबको बता देता है।,1912ef74676ca50424c2d20da6e522d20096f92de16249261eb253a5dfb4723d,d82c8e9c746427ca8e9abba39b00996748f281207e70cec244be076883ac031c,1912ef74676ca50424c2d20da6e522d20096f92de16249261eb253a5dfb4723d,d82c8e9c746427ca8e9abba39b00996748f281207e70cec244be076883ac031c,58,58,0.6170212765957447,64,94,0.46875,0.46875,14,22,14,0.6363636363636364,0.2857142857142857,0.7142857142857143,0.5714285714285714,0.43617021276595747,0.5638297872340425,8,0.36363636363636365,0,0.0,6,0.2727272727272727,1,1,False,1,1,False,False,False,False,"Conservative lexicon/capitalization flags; false negatives are expected, especially for Hindi.",structural,"Structural threshold triggered by extent, length, sentence, or clause change."
S32,Loyalty/Betrayal,bn,Bengali,একজন ঘনিষ্ঠ বন্ধু জনপ্রিয় হতে গোপন কথা ফাঁস করে।,নতুন বন্ধুদের কাছে গ্রহণযোগ্য হতে একজন ছাত্র তার বন্ধুর ব্যক্তিগত কথা ফাঁস করে।,একজন ঘনিষ্ঠ বন্ধু জনপ্রিয় হতে গোপন কথা ফাঁস করে।,নতুন বন্ধুদের কাছে গ্রহণযোগ্য হতে একজন ছাত্র তার বন্ধুর ব্যক্তিগত কথা ফাঁস করে।,7db90e692132d12b146124a33b452f8899a70f78490ef006d59c9992c1c888f7,c107305fa1b352f121f1a3c6e8419b48c1f0894f784980520a608cf5f11fa6b8,7db90e692132d12b146124a33b452f8899a70f78490ef006d59c9992c1c888f7,c107305fa1b352f121f1a3c6e8419b48c1f0894f784980520a608cf5f11fa6b8,53,53,0.6708860759493671,49,79,0.6122448979591837,0.6122448979591837,10,14,9,0.6428571428571429,0.3333333333333333,0.6666666666666667,0.6,0.4050632911392405,0.5949367088607596,4,0.2857142857142857,0,0.0,5,0.35714285714285715,1,1,False,1,1,False,False,False,False,"Conservative lexicon/capitalization flags; false negatives are expected, especially for Bengali.",structural,"Structural threshold triggered by extent, length, sentence, or clause change."
S32,Loyalty/Betrayal,ta,Tamil,ஒரு நெருங்கிய நண்பர் ரகசியத்தை வெளிப்படுத்துகிறார்.,புதிய நண்பர்களிடம் பிரபலமாக இருக்க ஒரு மாணவர் தனது நண்பரின் ரகசியத்தை சொல்கிறான்.,ஒரு நெருங்கிய நண்பர் ரகசியத்தை வெளிப்படுத்துகிறார்.,புதிய நண்பர்களிடம் பிரபலமாக இருக்க ஒரு மாணவர் தனது நண்பரின் ரகசியத்தை சொல்கிறான்.,bfb032ae1291290f6a5b38df36b4287378eb9037cc5b1b5a8034f5629391fb36,a487c81b9e6eae71d5e27ee3e66be9ebdba3786f840d4b21861c4efc1153020e,bfb032ae1291290f6a5b38df36b4287378eb9037cc5b1b5a8034f5629391fb36,a487c81b9e6eae71d5e27ee3e66be9ebdba3786f840d4b21861c4efc1153020e,56,56,0.691358024691358,51,81,0.5882352941176471,0.5882352941176471,6,11,8,0.7272727272727273,0.21428571428571427,0.7857142857142857,0.5,0.3950617283950617,0.6049382716049383,5,0.45454545454545453,0,0.0,3,0.2727272727272727,1,1,False,1,1,False,False,False,False,"Conservative lexicon/capitalization flags; false negatives are expected, especially for Tamil.",structural,"Structural threshold triggered by extent, length, sentence, or clause change."
S32,Loyalty/Betrayal,es,Spanish,Un amigo cercano revela un secreto privado para ser más popular.,Un estudiante cuenta el secreto de su mejor amigo para encajar en un nuevo grupo.,Un amigo cercano revela un secreto privado para ser más popular.,Un estudiante cuenta el secreto de su mejor amigo para encajar en un nuevo grupo.,8a856af58bea7d8c4a3bf17b95e9ffb4c3c1eeb071f6d04a17b7c2d9affabc1f,d14fa59b420788562b4ffe1816b335ff2664191285efec54f0f8c4224f5ea517,8a856af58bea7d8c4a3bf17b95e9ffb4c3c1eeb071f6d04a17b7c2d9affabc1f,d14fa59b420788562b4ffe1816b335ff2664191285efec54f0f8c4224f5ea517,53,53,0.654320987654321,64,81,0.265625,0.265625,12,16,13,0.8125,0.2727272727272727,0.7272727272727273,0.5,0.4444444444444444,0.5555555555555556,4,0.25,0,0.0,9,0.5625,1,1,False,1,1,False,False,False,False,"Conservative lexicon/capitalization flags; false negatives are expected, especially for Spanish.",structural,"Structural threshold triggered by extent, length, sentence, or clause change."
S32,Loyalty/Betrayal,ja,Japanese,親しい友人が人気を得るため秘密を漏らします。,新しい友人グループに受け入れられるため親友の秘密を話します。,親しい友人が人気を得るため秘密を漏らします。,新しい友人グループに受け入れられるため親友の秘密を話します。,0c4f4066b4d64ef042c46c8cca9b6f52c83ecbcad97049e466ecaf76b95f3734,d7d3d85e42d3994765acfcfd97b06ddc21b93178258b8911b837158b39e0fccd,0c4f4066b4d64ef042c46c8cca9b6f52c83ecbcad97049e466ecaf76b95f3734,d7d3d85e42d3994765acfcfd97b06ddc21b93178258b8911b837158b39e0fccd,17,17,0.5666666666666667,22,30,0.36363636363636365,0.36363636363636365,22,30,17,0.5666666666666667,0.4838709677419355,0.5161290322580645,0.7894736842105263,0.4666666666666667,0.5333333333333333,9,0.3,1,0.045454545454545456,7,0.23333333333333334,1,1,False,1,1,False,False,False,False,"Conservative lexicon/capitalization flags; false negatives are expected, especially for Japanese.",structural,"Structural threshold triggered by extent, length, sentence, or clause change."
S32,Loyalty/Betrayal,ar,Arabic,يفشي صديق مقرب سرًا خاصًا ليصبح أكثر شعبية.,يكشف طالب سر صديقه ليكسب قبول مجموعة جديدة.,يفشي صديق مقرب سرًا خاصًا ليصبح أكثر شعبية.,يكشف طالب سر صديقه ليكسب قبول مجموعة جديدة.,984f15adef82a84582a98fa2c9f516eb4c5fddc4ef16d8b25533af8dedcc8a0e,b6378db5a2e49eb8860be7475ac96b2f79bb4a996b0ffa262ae96e34b7a01936,984f15adef82a84582a98fa2c9f516eb4c5fddc4ef16d8b25533af8dedcc8a0e,b6378db5a2e49eb8860be7475ac96b2f79bb4a996b0ffa262ae96e34b7a01936,33,33,0.7674418604651163,43,43,0.0,0.0,9,9,8,0.8888888888888888,0.058823529411764705,0.9411764705882353,0.1111111111111111,0.4418604651162791,0.5581395348837209,0,0.0,0,0.0,8,0.8888888888888888,1,1,False,1,1,False,False,False,False,"Conservative lexicon/capitalization flags; false negatives are expected, especially for Arabic.",structural,"Structural threshold triggered by extent, length, sentence, or clause change."
S33,Authority/Subversion,hi,Hindi,एक प्रयोगशाला सहायक समय बचाने के लिए पर्यवेक्षक के निर्देशों की अनदेखी करता है।,एक लैब असिस्टेंट शिक्षक की सुरक्षा संबंधी हिदायतों को नज़रअंदाज़ कर प्रक्रिया पूरी करता है।,एक प्रयोगशाला सहायक समय बचाने के लिए पर्यवेक्षक के निर्देशों की अनदेखी करता है।,एक लैब असिस्टेंट शिक्षक की सुरक्षा संबंधी हिदायतों को नज़रअंदाज़ कर प्रक्रिया पूरी करता है।,bb87fae177a3489faeafc2b37fe0b9efab3b8ba03c3b779dda730a451877f41c,1096cefb1c354d2bb2155490d5617e9ee576f578251b168d39331854001ac568,bb87fae177a3489faeafc2b37fe0b9efab3b8ba03c3b779dda730a451877f41c,1096cefb1c354d2bb2155490d5617e9ee576f578251b168d39331854001ac568,67,67,0.7362637362637363,79,91,0.1518987341772152,0.1518987341772152,15,16,12,0.75,0.2,0.8,0.35714285714285715,0.4065934065934066,0.5934065934065934,1,0.0625,0,0.0,11,0.6875,1,1,False,1,1,False,False,False,False,"Conservative lexicon/capitalization flags; false negatives are expected, especially for Hindi.",structural,"Structural threshold triggered by extent, length, sentence, or clause change."
S33,Authority/Subversion,bn,Bengali,একজন ল্যাব সহকারী তত্ত্বাবধায়কের নির্দেশ মানে না।,একজন ল্যাব সহকারী শিক্ষকের নির্দেশ এড়িয়ে কাজ শেষ করে।,একজন ল্যাব সহকারী তত্ত্বাবধায়কের নির্দেশ মানে না।,একজন ল্যাব সহকারী শিক্ষকের নির্দেশ এড়িয়ে কাজ শেষ করে।,2e52da7b12a070759f616007949ec457fd94b7a725e46bd1688bf85bdc1c936a,b12912404b46c5bdc832340a59441c6cd4a8199e29a2f3235c3077aff8384cd4,2e52da7b12a070759f616007949ec457fd94b7a725e46bd1688bf85bdc1c936a,b12912404b46c5bdc832340a59441c6cd4a8199e29a2f3235c3077aff8384cd4,27,27,0.4909090909090909,50,55,0.1,0.1,8,10,5,0.5,0.38461538461538464,0.6153846153846154,0.625,0.6363636363636364,0.36363636363636365,2,0.2,0,0.0,3,0.3,1,1,False,1,1,False,False,False,False,"Conservative lexicon/capitalization flags; false negatives are expected, especially for Bengali.",structural,"Structural threshold triggered by extent, length, sentence, or clause change."
S33,Authority/Subversion,ta,Tamil,ஒரு ஆய்வக உதவியாளர் மேற்பார்வையாளரின் அறிவுறுத்தலை பின்பற்றவில்லை.,ஒரு லாப் உதவியாளர் ஆசிரியரின் பாதுகாப்பு அறிவுறுத்தலை மீறுகிறார்.,ஒரு ஆய்வக உதவியாளர் மேற்பார்வையாளரின் அறிவுறுத்தலை பின்பற்றவில்லை.,ஒரு லாப் உதவியாளர் ஆசிரியரின் பாதுகாப்பு அறிவுறுத்தலை மீறுகிறார்.,675bf6ce8e887b9f66b1241eeaf5a68a778c14b88c6895eceb981bc04837a61a,88b0b566140a4a3191413e5687b0e29676af7a16cec4ed721c23492da62b2eea,675bf6ce8e887b9f66b1241eeaf5a68a778c14b88c6895eceb981bc04837a61a,88b0b566140a4a3191413e5687b0e29676af7a16cec4ed721c23492da62b2eea,35,35,0.5303030303030303,66,65,-0.015151515151515152,0.015151515151515152,7,8,4,0.5,0.36363636363636365,0.6363636363636364,0.5714285714285714,0.6060606060606061,0.3939393939393939,1,0.125,0,0.0,3,0.375,1,1,False,1,1,False,False,False,False,"Conservative lexicon/capitalization flags; false negatives are expected, especially for Tamil.",structural,"Structural threshold triggered by extent, length, sentence, or clause change."
S33,Authority/Subversion,es,Spanish,Un asistente de laboratorio ignora las instrucciones del supervisor.,Un asistente de laboratorio omite las indicaciones del profesor para terminar antes.,Un asistente de laboratorio ignora las instrucciones del supervisor.,Un asistente de laboratorio omite las indicaciones del profesor para terminar antes.,55c29b6739f8352c801046fbf52bf2cc1162a0146f9f9aa5dd7810d1f5d8d175,f8b288ae850ee129acc3445fa6830e04b94ddb6c267e3f61a248c7a31a00fcbd,55c29b6739f8352c801046fbf52bf2cc1162a0146f9f9aa5dd7810d1f5d8d175,f8b288ae850ee129acc3445fa6830e04b94ddb6c267e3f61a248c7a31a00fcbd,33,33,0.39285714285714285,68,84,0.23529411764705882,0.23529411764705882,10,13,6,0.46153846153846156,0.4375,0.5625,0.7,0.6547619047619048,0.34523809523809523,3,0.23076923076923078,0,0.0,3,0.23076923076923078,1,1,False,1,1,False,False,False,False,"Conservative lexicon/capitalization flags; false negatives are expected, especially for Spanish.",mixed,Both surface and broader textual changes are plausible.
S33,Authority/Subversion,ja,Japanese,実験助手は指導者の指示を無視します。,実験助手は教員の安全指示を守りません。,実験助手は指導者の指示を無視します。,実験助手は教員の安全指示を守りません。,fe5ff50a84cbfd28b5628098a67518702dfc5098f56dd59ab5ba33c443a2713d,dacd105b512a8fc02236a81bb4df7edfa01e0e907bb83a3aa8b12e511c5db934,fe5ff50a84cbfd28b5628098a67518702dfc5098f56dd59ab5ba33c443a2713d,dacd105b512a8fc02236a81bb4df7edfa01e0e907bb83a3aa8b12e511c5db934,10,10,0.5263157894736842,18,19,0.05555555555555555,0.05555555555555555,18,19,10,0.5263157894736842,0.44,0.56,0.6470588235294118,0.5789473684210527,0.42105263157894735,1,0.05263157894736842,0,0.0,9,0.47368421052631576,1,1,False,1,1,False,False,False,False,"Conservative lexicon/capitalization flags; false negatives are expected, especially for Japanese.",structural,"Structural threshold triggered by extent, length, sentence, or clause change."
S33,Authority/Subversion,ar,Arabic,يتجاهل مساعد المختبر تعليمات المشرف.,يتجاوز مساعد المختبر تعليمات الأستاذ لتوفير الوقت.,يتجاهل مساعد المختبر تعليمات المشرف.,يتجاوز مساعد المختبر تعليمات الأستاذ لتوفير الوقت.,933d7bb0fbeaf0c24bcc732f7361c1945e2e136f7327b1e8844a7c4b395ade3f,91d94ebbf393e2dc998af3c4d672500254a177af090caf8efbeb2fe558f2c5c5,933d7bb0fbeaf0c24bcc732f7361c1945e2e136f7327b1e8844a7c4b395ade3f,91d94ebbf393e2dc998af3c4d672500254a177af090caf8efbeb2fe558f2c5c5,19,19,0.38,36,50,0.3888888888888889,0.3888888888888889,6,8,4,0.5,0.4,0.6,0.6666666666666666,0.62,0.38,2,0.25,0,0.0,2,0.25,1,1,False,1,1,False,False,False,False,"Conservative lexicon/capitalization flags; false negatives are expected, especially for Arabic.",structural,"Structural threshold triggered by extent, length, sentence, or clause change."
S34,Sanctity/Degradation,hi,Hindi,एक व्यक्ति सामुदायिक कार्यक्रम के दौरान जानबूझकर साफ़ नदी में कचरा फेंकता है।,एक व्यक्ति गंगा सफाई अभियान के दौरान जानबूझकर नदी में प्लास्टिक फेंक देता है।,एक व्यक्ति सामुदायिक कार्यक्रम के दौरान जानबूझकर साफ़ नदी में कचरा फेंकता है।,एक व्यक्ति गंगा सफाई अभियान के दौरान जानबूझकर नदी में प्लास्टिक फेंक देता है।,77a38422f4731f94013ca454ee02ce5f42849509f5969c5ddd5db86f22d10dcc,5b237fb16488cb14e4fc72cb0d76ddc1706f4865b6fd7d2c408f2ce372f93d89,77a38422f4731f94013ca454ee02ce5f42849509f5969c5ddd5db86f22d10dcc,5b237fb16488cb14e4fc72cb0d76ddc1706f4865b6fd7d2c408f2ce372f93d89,33,33,0.42857142857142855,77,77,0.0,0.0,14,15,7,0.4666666666666667,0.45,0.55,0.6428571428571429,0.7012987012987013,0.2987012987012987,2,0.13333333333333333,1,0.07142857142857142,4,0.26666666666666666,1,1,False,1,1,False,False,False,False,"Conservative lexicon/capitalization flags; false negatives are expected, especially for Hindi.",mixed,Both surface and broader textual changes are plausible.
S34,Sanctity/Degradation,bn,Bengali,একজন ব্যক্তি ইচ্ছাকৃতভাবে পরিষ্কার নদীতে আবর্জনা ফেলে।,নদী পরিষ্কার অভিযানের সময় একজন ব্যক্তি ইচ্ছে করে প্লাস্টিক নদীতে ফেলে।,একজন ব্যক্তি ইচ্ছাকৃতভাবে পরিষ্কার নদীতে আবর্জনা ফেলে।,নদী পরিষ্কার অভিযানের সময় একজন ব্যক্তি ইচ্ছে করে প্লাস্টিক নদীতে ফেলে।,5b3876c2ff91d13c879d94163c799dcb3c5533f6e76604ee95876bfaae4c8690,8b6c6fb0dfdaacaeb4e502c301ad5df66c9742c590cc966ac5eb16a787cfba45,5b3876c2ff91d13c879d94163c799dcb3c5533f6e76604ee95876bfaae4c8690,8b6c6fb0dfdaacaeb4e502c301ad5df66c9742c590cc966ac5eb16a787cfba45,49,49,0.6901408450704225,54,71,0.3148148148148148,0.3148148148148148,8,12,8,0.6666666666666666,0.42857142857142855,0.5714285714285714,0.75,0.49295774647887325,0.5070422535211268,4,0.3333333333333333,0,0.0,4,0.3333333333333333,1,1,False,1,1,False,False,False,False,"Conservative lexicon/capitalization flags; false negatives are expected, especially for Bengali.",structural,"Structural threshold triggered by extent, length, sentence, or clause change."
S34,Sanctity/Degradation,ta,Tamil,ஒருவர் சுத்தமான நதியில் குப்பை எறிகிறார்.,ஆற்றை சுத்தப்படுத்தும் நிகழ்ச்சியிலேயே ஒருவர் பிளாஸ்டிக் குப்பையை ஆற்றில் வீசுகிறார்.,ஒருவர் சுத்தமான நதியில் குப்பை எறிகிறார்.,ஆற்றை சுத்தப்படுத்தும் நிகழ்ச்சியிலேயே ஒருவர் பிளாஸ்டிக் குப்பையை ஆற்றில் வீசுகிறார்.,aa22d2784a481d79fc8f4a19c0ba3a05ba4978e13b9edf845a68c17b398b00c0,0b0daf1e009a96d116e4a9241ba490711922d9abeae84b41ea1be48f6d543164,aa22d2784a481d79fc8f4a19c0ba3a05ba4978e13b9edf845a68c17b398b00c0,0b0daf1e009a96d116e4a9241ba490711922d9abeae84b41ea1be48f6d543164,55,55,0.6470588235294118,41,85,1.0731707317073171,1.0731707317073171,6,9,7,0.7777777777777778,0.15384615384615385,0.8461538461538461,0.3333333333333333,0.3764705882352941,0.6235294117647059,3,0.3333333333333333,0,0.0,4,0.4444444444444444,1,1,False,1,1,False,False,False,False,"Conservative lexicon/capitalization flags; false negatives are expected, especially for Tamil.",structural,"Structural threshold triggered by extent, length, sentence, or clause change."
S34,Sanctity/Degradation,es,Spanish,Una persona tira basura a un río limpio durante un evento comunitario.,"Durante una jornada de limpieza, una persona arroja plástico al río.",Una persona tira basura a un río limpio durante un evento comunitario.,"Durante una jornada de limpieza, una persona arroja plástico al río.",35425a8dd3d630b3734ff8f4f3a67a44274f45162e73d6b29f83ffd96d277e8e,4415366bbef5a26b3719418e54dc911d33a628b90545426e22358a640e18655a,35425a8dd3d630b3734ff8f4f3a67a44274f45162e73d6b29f83ffd96d277e8e,4415366bbef5a26b3719418e54dc911d33a628b90545426e22358a640e18655a,53,53,0.7571428571428571,70,68,-0.02857142857142857,0.02857142857142857,13,13,12,0.9230769230769231,0.14285714285714285,0.8571428571428572,0.25,0.42857142857142855,0.5714285714285714,0,0.0,0,0.0,12,0.9230769230769231,1,1,False,1,2,True,True,False,False,"Conservative lexicon/capitalization flags; false negatives are expected, especially for Spanish.",structural,"Structural threshold triggered by extent, length, sentence, or clause change."
S34,Sanctity/Degradation,ja,Japanese,地域活動中にきれいな川へごみを捨てます。,清掃活動中にもかかわらず川へプラスチックごみを捨てます。,地域活動中にきれいな川へごみを捨てます。,清掃活動中にもかかわらず川へプラスチックごみを捨てます。,ac92a79531ac15f8534f47b5d0fe52b30b93a61c84ec44abb140c5180c78dd4e,daa5ebda079a81a8bd3b0789ed42f66eadf734a813b3a90ffa99a08ad991e517,ac92a79531ac15f8534f47b5d0fe52b30b93a61c84ec44abb140c5180c78dd4e,daa5ebda079a81a8bd3b0789ed42f66eadf734a813b3a90ffa99a08ad991e517,14,14,0.5,20,28,0.4,0.4,20,28,14,0.5,0.42424242424242425,0.5757575757575757,0.7,0.5,0.5,8,0.2857142857142857,0,0.0,6,0.21428571428571427,1,1,False,1,1,False,False,False,False,"Conservative lexicon/capitalization flags; false negatives are expected, especially for Japanese.",structural,"Structural threshold triggered by extent, length, sentence, or clause change."
S34,Sanctity/Degradation,ar,Arabic,يرمي شخص القمامة في نهر نظيف أثناء فعالية مجتمعية.,يلقي شخص نفايات بلاستيكية في النهر أثناء حملة تنظيف.,يرمي شخص القمامة في نهر نظيف أثناء فعالية مجتمعية.,يلقي شخص نفايات بلاستيكية في النهر أثناء حملة تنظيف.,085fa6c7bbbe80ab96da37214a30e10f9fd6013f016578292bac9b0ffc135544,0ce5870168c9c5567b0e4f826055778f66f716fff3e96345bb85afdbacf465a5,085fa6c7bbbe80ab96da37214a30e10f9fd6013f016578292bac9b0ffc135544,0ce5870168c9c5567b0e4f826055778f66f716fff3e96345bb85afdbacf465a5,31,31,0.5961538461538461,50,52,0.04,0.04,10,10,7,0.7,0.25,0.75,0.4,0.5961538461538461,0.40384615384615385,0,0.0,0,0.0,7,0.7,1,1,False,1,1,False,False,False,False,"Conservative lexicon/capitalization flags; false negatives are expected, especially for Arabic.",structural,"Structural threshold triggered by extent, length, sentence, or clause change."
S35,Care/Harm,hi,Hindi,एक डॉक्टर अपने थके हुए सहकर्मी की खतरनाक गलती देखकर भी हस्तक्षेप नहीं करता।,एक सरकारी अस्पताल का डॉक्टर अपने थके हुए साथी डॉक्टर की गंभीर गलती देखकर भी चुप रहता है।,एक डॉक्टर अपने थके हुए सहकर्मी की खतरनाक गलती देखकर भी हस्तक्षेप नहीं करता।,एक सरकारी अस्पताल का डॉक्टर अपने थके हुए साथी डॉक्टर की गंभीर गलती देखकर भी चुप रहता है।,80ea36520a45469c9e0c7c23bdc6b074da3c4a207b4c8bbb37d7f6bfac6ae4ed,f0d1e48b8e4b6ab33c8e8c4d928db3228d985431c74883c692d11d3617ef8e89,80ea36520a45469c9e0c7c23bdc6b074da3c4a207b4c8bbb37d7f6bfac6ae4ed,f0d1e48b8e4b6ab33c8e8c4d928db3228d985431c74883c692d11d3617ef8e89,48,48,0.5454545454545454,75,88,0.17333333333333334,0.17333333333333334,15,19,9,0.47368421052631576,0.43478260869565216,0.5652173913043479,0.6666666666666666,0.5909090909090909,0.40909090909090906,4,0.21052631578947367,0,0.0,5,0.2631578947368421,1,1,False,1,1,False,False,True,False,"Conservative lexicon/capitalization flags; false negatives are expected, especially for Hindi.",structural,"Structural threshold triggered by extent, length, sentence, or clause change."
S35,Care/Harm,bn,Bengali,একজন চিকিৎসক সহকর্মীর বিপজ্জনক ভুল দেখেও কিছু বলেন না।,সরকারি হাসপাতালের একজন ডাক্তার সহকর্মীর গুরুতর ভুল দেখেও চুপ থাকেন।,একজন চিকিৎসক সহকর্মীর বিপজ্জনক ভুল দেখেও কিছু বলেন না।,সরকারি হাসপাতালের একজন ডাক্তার সহকর্মীর গুরুতর ভুল দেখেও চুপ থাকেন।,7318bbc6b792748f109cb21d7d8a4b4ac133f04384e4c30b511547eb239efba6,73afeabcab8ff8ce26dde6b13debf27f846418e294abd093cfce739b94dd12f8,7318bbc6b792748f109cb21d7d8a4b4ac133f04384e4c30b511547eb239efba6,73afeabcab8ff8ce26dde6b13debf27f846418e294abd093cfce739b94dd12f8,42,42,0.6268656716417911,54,67,0.24074074074074073,0.24074074074074073,10,11,7,0.6363636363636364,0.3125,0.6875,0.5,0.47761194029850745,0.5223880597014925,2,0.18181818181818182,1,0.1,4,0.36363636363636365,1,1,False,1,1,False,False,False,False,"Conservative lexicon/capitalization flags; false negatives are expected, especially for Bengali.",structural,"Structural threshold triggered by extent, length, sentence, or clause change."
S35,Care/Harm,ta,Tamil,ஒரு மருத்துவர் சக மருத்துவரின் ஆபத்தான தவறை கவனித்தும் தலையிடவில்லை.,அரசு மருத்துவமனையில் ஒரு மருத்துவர் சக மருத்துவரின் தவறை பார்த்தும் அமைதியாக இருக்கிறார்.,ஒரு மருத்துவர் சக மருத்துவரின் ஆபத்தான தவறை கவனித்தும் தலையிடவில்லை.,அரசு மருத்துவமனையில் ஒரு மருத்துவர் சக மருத்துவரின் தவறை பார்த்தும் அமைதியாக இருக்கிறார்.,444c467787a3e98feec1684d08b6a5bf02d46f06021114a78a1bb599cf53d58b,f5a6f0de31c0bc0c599a4d40c7c73cb7ba306ee83e6689dd292fcf013c440828,444c467787a3e98feec1684d08b6a5bf02d46f06021114a78a1bb599cf53d58b,f5a6f0de31c0bc0c599a4d40c7c73cb7ba306ee83e6689dd292fcf013c440828,44,44,0.4943820224719101,68,89,0.3088235294117647,0.3088235294117647,9,11,6,0.5454545454545454,0.42857142857142855,0.5714285714285714,0.6666666666666666,0.5393258426966292,0.4606741573033708,2,0.18181818181818182,0,0.0,4,0.36363636363636365,1,1,False,1,1,False,False,False,False,"Conservative lexicon/capitalization flags; false negatives are expected, especially for Tamil.",structural,"Structural threshold triggered by extent, length, sentence, or clause change."
S35,Care/Harm,es,Spanish,Un médico observa un error peligroso de un colega y no interviene.,Un médico de un hospital público ve un grave error de un compañero y guarda silencio.,Un médico observa un error peligroso de un colega y no interviene.,Un médico de un hospital público ve un grave error de un compañero y guarda silencio.,53e45fcf9d9e52742550bd8cb8eac612201ce466faff51c56de0a1db12370d3e,94795a97226bc305c5af34f0c4c3b9e0bd695c5c987fa0e655893b52fcd554d3,53e45fcf9d9e52742550bd8cb8eac612201ce466faff51c56de0a1db12370d3e,94795a97226bc305c5af34f0c4c3b9e0bd695c5c987fa0e655893b52fcd554d3,51,51,0.6,66,85,0.2878787878787879,0.2878787878787879,13,17,10,0.5882352941176471,0.3684210526315789,0.631578947368421,0.5833333333333334,0.4823529411764706,0.5176470588235293,4,0.23529411764705882,0,0.0,6,0.35294117647058826,1,1,False,1,1,False,False,True,False,"Conservative lexicon/capitalization flags; false negatives are expected, especially for Spanish.",structural,"Structural threshold triggered by extent, length, sentence, or clause change."
S35,Care/Harm,ja,Japanese,医師は同僚の危険なミスに気づいても介入しません。,病院で同僚医師の重大なミスを見ても何もしません。,医師は同僚の危険なミスに気づいても介入しません。,病院で同僚医師の重大なミスを見ても何もしません。,591fe0c3b6c6a7ece26db7066bc3e17302719996a6ae8199c6f5b7f743b94524,7f1894c0fed6599a4302ba8ab27e62a8b317c41b8ba0dcdabe1d5fd56782dcf7,591fe0c3b6c6a7ece26db7066bc3e17302719996a6ae8199c6f5b7f743b94524,7f1894c0fed6599a4302ba8ab27e62a8b317c41b8ba0dcdabe1d5fd56782dcf7,13,13,0.5416666666666666,24,24,0.0,0.0,24,24,13,0.5416666666666666,0.46875,0.53125,0.6521739130434783,0.5416666666666666,0.45833333333333337,2,0.08333333333333333,2,0.08333333333333333,9,0.375,1,1,False,1,1,False,False,False,False,"Conservative lexicon/capitalization flags; false negatives are expected, especially for Japanese.",structural,"Structural threshold triggered by extent, length, sentence, or clause change."
S35,Care/Harm,ar,Arabic,يلاحظ طبيب خطأً خطيرًا لزميله لكنه لا يتدخل.,يشاهد طبيب في مستشفى حكومي خطأً خطيرًا من زميله ويختار الصمت.,يلاحظ طبيب خطأً خطيرًا لزميله لكنه لا يتدخل.,يشاهد طبيب في مستشفى حكومي خطأً خطيرًا من زميله ويختار الصمت.,db93b8f918d261ad4a4a225d6c239d5789702a00176b51d913544508d306e03f,ca971b6439d6dad74e25a519887bd9b9b54041e9ce835dafb6e1cf38cae9d6b5,db93b8f918d261ad4a4a225d6c239d5789702a00176b51d913544508d306e03f,ca971b6439d6dad74e25a519887bd9b9b54041e9ce835dafb6e1cf38cae9d6b5,34,34,0.5573770491803278,44,61,0.38636363636363635,0.38636363636363635,9,12,8,0.6666666666666666,0.23529411764705882,0.7647058823529411,0.4444444444444444,0.4918032786885246,0.5081967213114754,3,0.25,0,0.0,5,0.4166666666666667,1,1,False,1,1,False,False,True,False,"Conservative lexicon/capitalization flags; false negatives are expected, especially for Arabic.",structural,"Structural threshold triggered by extent, length, sentence, or clause change."
S36,Fairness/Cheating,hi,Hindi,एक प्रबंधक सबसे योग्य कर्मचारी के बजाय अपने कम योग्य रिश्तेदार को पदोन्नति देता है।,एक कंपनी का मैनेजर अपने भतीजे को योग्य कर्मचारी की जगह प्रमोशन दे देता है।,एक प्रबंधक सबसे योग्य कर्मचारी के बजाय अपने कम योग्य रिश्तेदार को पदोन्नति देता है।,एक कंपनी का मैनेजर अपने भतीजे को योग्य कर्मचारी की जगह प्रमोशन दे देता है।,51a3126d1f8c28b15f4f8d003462bc944915adaba63cf148e72c25e771dd8578,9f3cc8a85ca5ad6ce1799f0b42fd26874488888b483d1aedb302c22474f4b93c,51a3126d1f8c28b15f4f8d003462bc944915adaba63cf148e72c25e771dd8578,9f3cc8a85ca5ad6ce1799f0b42fd26874488888b483d1aedb302c22474f4b93c,55,55,0.6626506024096386,83,74,-0.10843373493975904,0.10843373493975904,16,16,12,0.75,0.34782608695652173,0.6521739130434783,0.5333333333333333,0.5180722891566265,0.4819277108433735,0,0.0,0,0.0,12,0.75,1,1,False,1,1,False,False,False,False,"Conservative lexicon/capitalization flags; false negatives are expected, especially for Hindi.",structural,"Structural threshold triggered by extent, length, sentence, or clause change."
S36,Fairness/Cheating,bn,Bengali,একজন ব্যবস্থাপক যোগ্য কর্মীর বদলে কম যোগ্য আত্মীয়কে পদোন্নতি দেন।,একজন ম্যানেজার নিজের আত্মীয়কে বেশি যোগ্য কর্মীর বদলে পদোন্নতি দেন।,একজন ব্যবস্থাপক যোগ্য কর্মীর বদলে কম যোগ্য আত্মীয়কে পদোন্নতি দেন।,একজন ম্যানেজার নিজের আত্মীয়কে বেশি যোগ্য কর্মীর বদলে পদোন্নতি দেন।,5b4ee06d45868320203304eae79549d7092baee2074e90692989e3899d15dc75,a3f681d455b3d1c236702ab7ad49e12124cf4dc3c054658aa1ad27e9578b3608,5b4ee06d45868320203304eae79549d7092baee2074e90692989e3899d15dc75,a3f681d455b3d1c236702ab7ad49e12124cf4dc3c054658aa1ad27e9578b3608,30,30,0.44776119402985076,66,67,0.015151515151515152,0.015151515151515152,11,11,7,0.6363636363636364,0.6153846153846154,0.3846153846153846,0.8,0.6119402985074627,0.3880597014925373,0,0.0,0,0.0,7,0.6363636363636364,1,1,False,1,1,False,False,False,False,"Conservative lexicon/capitalization flags; false negatives are expected, especially for Bengali.",structural,"Structural threshold triggered by extent, length, sentence, or clause change."
S36,Fairness/Cheating,ta,Tamil,ஒரு மேலாளர் தகுதியான ஊழியருக்குப் பதிலாக உறவினருக்கு பதவி உயர்வு அளிக்கிறார்.,ஒரு நிறுவன மேலாளர் தனது உறவினருக்கு அநியாயமாக பதவி உயர்வு அளிக்கிறார்.,ஒரு மேலாளர் தகுதியான ஊழியருக்குப் பதிலாக உறவினருக்கு பதவி உயர்வு அளிக்கிறார்.,ஒரு நிறுவன மேலாளர் தனது உறவினருக்கு அநியாயமாக பதவி உயர்வு அளிக்கிறார்.,a443607852f6b106fcee5a5608038bf15a0e5bbd3aebd6ef689093632c78e084,38fad98f71afeceb49b294ffb4a508c19c56a9f92f0f31e67fdff708e5357d64,a443607852f6b106fcee5a5608038bf15a0e5bbd3aebd6ef689093632c78e084,38fad98f71afeceb49b294ffb4a508c19c56a9f92f0f31e67fdff708e5357d64,34,34,0.44155844155844154,77,70,-0.09090909090909091,0.09090909090909091,10,10,5,0.5,0.5384615384615384,0.46153846153846156,0.7,0.6753246753246753,0.3246753246753247,0,0.0,0,0.0,5,0.5,1,1,False,1,1,False,False,False,False,"Conservative lexicon/capitalization flags; false negatives are expected, especially for Tamil.",structural,"Structural threshold triggered by extent, length, sentence, or clause change."
S36,Fairness/Cheating,es,Spanish,Un gerente asciende a un familiar menos cualificado en lugar del empleado más competente.,Un jefe promociona a su sobrino en lugar del trabajador con mejor desempeño.,Un gerente asciende a un familiar menos cualificado en lugar del empleado más competente.,Un jefe promociona a su sobrino en lugar del trabajador con mejor desempeño.,fcea46ba27e72550c5392fbcb218ddd26fd2d94f4446daa14c13262739712634,357fe1ce4a962b4d39abf319020f83f601b0f1e9cb473c342e140d20a5787e28,fcea46ba27e72550c5392fbcb218ddd26fd2d94f4446daa14c13262739712634,357fe1ce4a962b4d39abf319020f83f601b0f1e9cb473c342e140d20a5787e28,57,57,0.6404494382022472,89,76,-0.14606741573033707,0.14606741573033707,15,14,10,0.6666666666666666,0.2608695652173913,0.7391304347826086,0.42857142857142855,0.47191011235955055,0.5280898876404494,1,0.07142857142857142,2,0.13333333333333333,7,0.4666666666666667,1,1,False,1,1,False,False,False,False,"Conservative lexicon/capitalization flags; false negatives are expected, especially for Spanish.",structural,"Structural threshold triggered by extent, length, sentence, or clause change."
S36,Fairness/Cheating,ja,Japanese,管理者は最も有能な社員ではなく親族を昇進させます。,上司は実力より身内を優先して昇進させます。,管理者は最も有能な社員ではなく親族を昇進させます。,上司は実力より身内を優先して昇進させます。,29bb37868d07fd701684ae29940b2c30371fca83f68fcf251cbbcd5a158c2a30,fcbe85d777042d97f829652740999bebeebebc3a3c47d5c7999841a89948e090,29bb37868d07fd701684ae29940b2c30371fca83f68fcf251cbbcd5a158c2a30,fcbe85d777042d97f829652740999bebeebebc3a3c47d5c7999841a89948e090,17,17,0.68,25,21,-0.16,0.16,25,21,17,0.68,0.2571428571428571,0.7428571428571429,0.42857142857142855,0.36,0.64,0,0.0,4,0.16,13,0.52,1,1,False,1,1,False,False,False,False,"Conservative lexicon/capitalization flags; false negatives are expected, especially for Japanese.",structural,"Structural threshold triggered by extent, length, sentence, or clause change."
S36,Fairness/Cheating,ar,Arabic,يرقي مدير أحد أقاربه الأقل كفاءة بدلًا من الموظف الأكثر استحقاقًا.,يقوم مدير بترقية ابن أخيه بدلًا من الموظف الأكفأ.,يرقي مدير أحد أقاربه الأقل كفاءة بدلًا من الموظف الأكثر استحقاقًا.,يقوم مدير بترقية ابن أخيه بدلًا من الموظف الأكفأ.,07bff6bd953bd2db04232aabf86fcc526bf9bae6c2f77b1cb042c61ac8c63b25,41b19051a8f8f3b76a6e445d7f06f9d5f869412686709e878e0f36884d8fb905,07bff6bd953bd2db04232aabf86fcc526bf9bae6c2f77b1cb042c61ac8c63b25,41b19051a8f8f3b76a6e445d7f06f9d5f869412686709e878e0f36884d8fb905,33,33,0.5,66,49,-0.25757575757575757,0.25757575757575757,12,10,7,0.5833333333333334,0.29411764705882354,0.7058823529411764,0.5,0.5303030303030303,0.4696969696969697,0,0.0,2,0.16666666666666666,5,0.4166666666666667,1,1,False,1,1,False,False,False,False,"Conservative lexicon/capitalization flags; false negatives are expected, especially for Arabic.",structural,"Structural threshold triggered by extent, length, sentence, or clause change."
S37,Loyalty/Betrayal,hi,Hindi,एक सैनिक दूसरे देश में रहने वाले अपने करीबी मित्र की रक्षा के लिए गोपनीय जानकारी साझा करता है।,एक जवान अपने बचपन के दोस्त को बचाने के लिए संवेदनशील जानकारी लीक कर देता है।,एक सैनिक दूसरे देश में रहने वाले अपने करीबी मित्र की रक्षा के लिए गोपनीय जानकारी साझा करता है।,एक जवान अपने बचपन के दोस्त को बचाने के लिए संवेदनशील जानकारी लीक कर देता है।,be5c0e7b383002b3ef6d4adc8f58aee644eafb4ea7da76c894cb8f36318bb30d,9a49fd4e774473f610857c23db36e8a4685746ec8d114797924cd6911be9f690,be5c0e7b383002b3ef6d4adc8f58aee644eafb4ea7da76c894cb8f36318bb30d,9a49fd4e774473f610857c23db36e8a4685746ec8d114797924cd6911be9f690,56,56,0.5957446808510638,94,76,-0.19148936170212766,0.19148936170212766,20,17,15,0.75,0.2413793103448276,0.7586206896551724,0.4375,0.48936170212765956,0.5106382978723405,1,0.058823529411764705,4,0.2,10,0.5,1,1,False,1,1,False,False,False,False,"Conservative lexicon/capitalization flags; false negatives are expected, especially for Hindi.",structural,"Structural threshold triggered by extent, length, sentence, or clause change."
S37,Loyalty/Betrayal,bn,Bengali,একজন সৈনিক বন্ধুকে রক্ষা করতে গোপন তথ্য ফাঁস করে।,একজন সেনাসদস্য শৈশবের বন্ধুকে বাঁচাতে গোপন তথ্য জানায়।,একজন সৈনিক বন্ধুকে রক্ষা করতে গোপন তথ্য ফাঁস করে।,একজন সেনাসদস্য শৈশবের বন্ধুকে বাঁচাতে গোপন তথ্য জানায়।,f42b3291ab3f6da15bb95325586e3431452b41326c007c2f8c082c60f7b424f2,5146c2de97c2eeed05fe5a5ed77ab3a03ead4ba9032f0f0ed2f965f698f6e274,f42b3291ab3f6da15bb95325586e3431452b41326c007c2f8c082c60f7b424f2,5146c2de97c2eeed05fe5a5ed77ab3a03ead4ba9032f0f0ed2f965f698f6e274,28,28,0.509090909090909,49,55,0.12244897959183673,0.12244897959183673,10,9,6,0.6,0.35714285714285715,0.6428571428571428,0.5555555555555556,0.5818181818181818,0.4181818181818182,0,0.0,1,0.1,5,0.5,1,1,False,1,1,False,False,False,False,"Conservative lexicon/capitalization flags; false negatives are expected, especially for Bengali.",structural,"Structural threshold triggered by extent, length, sentence, or clause change."
S37,Loyalty/Betrayal,ta,Tamil,ஒரு சிப்பாய் நண்பரை காப்பாற்ற ரகசிய தகவலை வெளியிடுகிறார்.,ஒரு ராணுவ வீரர் தனது நண்பருக்காக ரகசிய தகவலை கசக்குகிறார்.,ஒரு சிப்பாய் நண்பரை காப்பாற்ற ரகசிய தகவலை வெளியிடுகிறார்.,ஒரு ராணுவ வீரர் தனது நண்பருக்காக ரகசிய தகவலை கசக்குகிறார்.,330d99b2990c94ae705b5157972a9075ad171104505eb525101374947c9c765f,88e8a2c311e547298cf633c839477cb76f5886fa7661240c3d85089343c6f4ea,330d99b2990c94ae705b5157972a9075ad171104505eb525101374947c9c765f,88e8a2c311e547298cf633c839477cb76f5886fa7661240c3d85089343c6f4ea,30,30,0.5172413793103449,57,58,0.017543859649122806,0.017543859649122806,8,9,5,0.5555555555555556,0.3076923076923077,0.6923076923076923,0.5,0.6206896551724138,0.3793103448275862,1,0.1111111111111111,0,0.0,4,0.4444444444444444,1,1,False,1,1,False,False,False,False,"Conservative lexicon/capitalization flags; false negatives are expected, especially for Tamil.",structural,"Structural threshold triggered by extent, length, sentence, or clause change."
S37,Loyalty/Betrayal,es,Spanish,Un soldado revela información confidencial para proteger a un amigo cercano.,Un militar filtra información para ayudar a un viejo amigo.,Un soldado revela información confidencial para proteger a un amigo cercano.,Un militar filtra información para ayudar a un viejo amigo.,240393b9e8d053ac87c34ee6d785f8a9af9ce7479f2bcd50df1c15bbf9752acf,dba34966cdafcca94c5c12be80e325c3a924341c4998a52936844d764680c5ba,240393b9e8d053ac87c34ee6d785f8a9af9ce7479f2bcd50df1c15bbf9752acf,dba34966cdafcca94c5c12be80e325c3a924341c4998a52936844d764680c5ba,41,41,0.5394736842105263,76,59,-0.2236842105263158,0.2236842105263158,12,11,6,0.5,0.4375,0.5625,0.6363636363636364,0.5131578947368421,0.48684210526315785,0,0.0,1,0.08333333333333333,5,0.4166666666666667,1,1,False,1,1,False,False,False,False,"Conservative lexicon/capitalization flags; false negatives are expected, especially for Spanish.",structural,"Structural threshold triggered by extent, length, sentence, or clause change."
S37,Loyalty/Betrayal,ja,Japanese,兵士は親友を守るため機密情報を漏らします。,自衛隊員が友人のために機密を漏らします。,兵士は親友を守るため機密情報を漏らします。,自衛隊員が友人のために機密を漏らします。,ea5b2fff41132c8eab9b1a1d39544fca119ae7e865d9ad1b6d59005bd1755418,90a2ef3299b7cb27c31b00b7b0f55254a8091995e5e616f2ec52d222a0e5b6c6,ea5b2fff41132c8eab9b1a1d39544fca119ae7e865d9ad1b6d59005bd1755418,90a2ef3299b7cb27c31b00b7b0f55254a8091995e5e616f2ec52d222a0e5b6c6,11,11,0.5238095238095238,21,20,-0.047619047619047616,0.047619047619047616,21,20,11,0.5238095238095238,0.42857142857142855,0.5714285714285714,0.6,0.5714285714285714,0.4285714285714286,1,0.05,2,0.09523809523809523,8,0.38095238095238093,1,1,False,1,1,False,False,False,False,"Conservative lexicon/capitalization flags; false negatives are expected, especially for Japanese.",structural,"Structural threshold triggered by extent, length, sentence, or clause change."
S37,Loyalty/Betrayal,ar,Arabic,يكشف جندي معلومات سرية لحماية صديق مقرب.,يسرب جندي معلومات سرية لمساعدة صديق قديم.,يكشف جندي معلومات سرية لحماية صديق مقرب.,يسرب جندي معلومات سرية لمساعدة صديق قديم.,f9cac1cc5f040382481a9b91c7ac2d0970927c8955eba7bea5407217e094f357,e9368336308a6f16912e336ac794e7e720c89518262348a56e9370f5f3b47c12,f9cac1cc5f040382481a9b91c7ac2d0970927c8955eba7bea5407217e094f357,e9368336308a6f16912e336ac794e7e720c89518262348a56e9370f5f3b47c12,11,11,0.2682926829268293,40,41,0.025,0.025,8,8,3,0.375,0.45454545454545453,0.5454545454545454,0.625,0.7804878048780488,0.2195121951219512,0,0.0,0,0.0,3,0.375,1,1,False,1,1,False,False,False,False,"Conservative lexicon/capitalization flags; false negatives are expected, especially for Arabic.",mixed,Both surface and broader textual changes are plausible.
S38,Authority/Subversion,hi,Hindi,एक छात्र चेतावनी मिलने के बाद भी प्रयोगशाला सुरक्षा नियमों की अनदेखी करता है।,बार-बार समझाने के बाद भी एक छात्र स्कूल लैब के सुरक्षा नियम नहीं मानता।,एक छात्र चेतावनी मिलने के बाद भी प्रयोगशाला सुरक्षा नियमों की अनदेखी करता है।,बार-बार समझाने के बाद भी एक छात्र स्कूल लैब के सुरक्षा नियम नहीं मानता।,2da858cff420effa2f1016a58bc3a8f42bba3d9c4de094f8efa066d4413554ce,b3e13304d45a78245aaf05ad0e2a06aba09ac8f8f5f68a995b9100a8f8658d70,2da858cff420effa2f1016a58bc3a8f42bba3d9c4de094f8efa066d4413554ce,b3e13304d45a78245aaf05ad0e2a06aba09ac8f8f5f68a995b9100a8f8658d70,50,50,0.6493506493506493,77,71,-0.07792207792207792,0.07792207792207792,15,17,13,0.7647058823529411,0.30434782608695654,0.6956521739130435,0.4666666666666667,0.5324675324675324,0.4675324675324676,2,0.11764705882352941,0,0.0,11,0.6470588235294118,1,1,False,1,1,False,False,False,False,"Conservative lexicon/capitalization flags; false negatives are expected, especially for Hindi.",structural,"Structural threshold triggered by extent, length, sentence, or clause change."
S38,Authority/Subversion,bn,Bengali,একজন ছাত্র সতর্ক করার পরও ল্যাবের নিয়ম মানে না।,বারবার সতর্ক করার পরও ছাত্রটি ল্যাবের নিরাপত্তা বিধি মানে না।,একজন ছাত্র সতর্ক করার পরও ল্যাবের নিয়ম মানে না।,বারবার সতর্ক করার পরও ছাত্রটি ল্যাবের নিরাপত্তা বিধি মানে না।,30c8297a72889f6823c7599a92f5f220a92d7fda242ee7bbe2f6c2dc4071a77c,f48d37dcad1e46c431d01dd926f168f36a066fb1e5163c3f548037c6edf05d5e,30c8297a72889f6823c7599a92f5f220a92d7fda242ee7bbe2f6c2dc4071a77c,f48d37dcad1e46c431d01dd926f168f36a066fb1e5163c3f548037c6edf05d5e,28,28,0.45901639344262296,48,61,0.2708333333333333,0.2708333333333333,10,11,5,0.45454545454545453,0.5,0.5,0.7,0.6065573770491803,0.39344262295081966,2,0.18181818181818182,1,0.1,2,0.18181818181818182,1,1,False,1,1,False,False,False,False,"Conservative lexicon/capitalization flags; false negatives are expected, especially for Bengali.",structural,"Structural threshold triggered by extent, length, sentence, or clause change."
S38,Authority/Subversion,ta,Tamil,எச்சரித்த பிறகும் மாணவர் ஆய்வக விதிகளை பின்பற்றவில்லை.,பலமுறை கூறியும் மாணவர் பள்ளி ஆய்வக விதிகளை மீறுகிறார்.,எச்சரித்த பிறகும் மாணவர் ஆய்வக விதிகளை பின்பற்றவில்லை.,பலமுறை கூறியும் மாணவர் பள்ளி ஆய்வக விதிகளை மீறுகிறார்.,53128ea9a5bf51f0c2fa50b4195d2055013210c4d1777b7c0290e70ccc64aa7b,62fdafa471173004a611ace2a5da8112570748bb95c8c3c5aa2c47d2ed29f1a4,53128ea9a5bf51f0c2fa50b4195d2055013210c4d1777b7c0290e70ccc64aa7b,62fdafa471173004a611ace2a5da8112570748bb95c8c3c5aa2c47d2ed29f1a4,31,31,0.5740740740740741,54,54,0.0,0.0,7,8,4,0.5,0.36363636363636365,0.6363636363636364,0.5714285714285714,0.5925925925925926,0.40740740740740744,1,0.125,0,0.0,3,0.375,1,1,False,1,1,False,False,True,False,"Conservative lexicon/capitalization flags; false negatives are expected, especially for Tamil.",structural,"Structural threshold triggered by extent, length, sentence, or clause change."
S38,Authority/Subversion,es,Spanish,Un estudiante ignora repetidamente las normas de seguridad del laboratorio.,Un alumno sigue incumpliendo las normas del laboratorio pese a las advertencias.,Un estudiante ignora repetidamente las normas de seguridad del laboratorio.,Un alumno sigue incumpliendo las normas del laboratorio pese a las advertencias.,dee9b5ee902abf1353b07236fd7ef57df818f5c48cd6180d01a0daa7a9205eeb,9cefd9c860ad3a3f419bab22a397d568dda746a34978c4bd08a4b4090d896ac5,dee9b5ee902abf1353b07236fd7ef57df818f5c48cd6180d01a0daa7a9205eeb,9cefd9c860ad3a3f419bab22a397d568dda746a34978c4bd08a4b4090d896ac5,52,52,0.65,75,80,0.06666666666666667,0.06666666666666667,11,13,9,0.6923076923076923,0.35294117647058826,0.6470588235294117,0.5454545454545454,0.5125,0.48750000000000004,2,0.15384615384615385,0,0.0,7,0.5384615384615384,1,1,False,1,1,False,False,False,False,"Conservative lexicon/capitalization flags; false negatives are expected, especially for Spanish.",structural,"Structural threshold triggered by extent, length, sentence, or clause change."
S38,Authority/Subversion,ja,Japanese,学生は警告されても実験室の安全規則を守りません。,何度注意されても理科室の規則を無視します。,学生は警告されても実験室の安全規則を守りません。,何度注意されても理科室の規則を無視します。,8cb2c8e1b1c27b309e7e652e516d138e1982f6fc4cb34c470ee16db33d352c98,34651144f72bffd19fdcfea78d4045520967ad5a9898bdaa33e4fca10b9cdd35,8cb2c8e1b1c27b309e7e652e516d138e1982f6fc4cb34c470ee16db33d352c98,34651144f72bffd19fdcfea78d4045520967ad5a9898bdaa33e4fca10b9cdd35,14,14,0.5833333333333334,24,21,-0.125,0.125,24,21,14,0.5833333333333334,0.3235294117647059,0.6764705882352942,0.5238095238095238,0.4583333333333333,0.5416666666666667,0,0.0,3,0.125,11,0.4583333333333333,1,1,False,1,1,False,False,False,False,"Conservative lexicon/capitalization flags; false negatives are expected, especially for Japanese.",structural,"Structural threshold triggered by extent, length, sentence, or clause change."
S38,Authority/Subversion,ar,Arabic,يتجاهل طالب قواعد سلامة المختبر رغم التحذيرات.,يواصل الطالب مخالفة تعليمات مختبر المدرسة رغم التنبيه.,يتجاهل طالب قواعد سلامة المختبر رغم التحذيرات.,يواصل الطالب مخالفة تعليمات مختبر المدرسة رغم التنبيه.,4a778717cb940a0940f7a7f82e993a4947d46c32d36910a1d0134e071198e736,caf925a6b65070f6e0e7e80d32507447fc62edae14f7ceb4989bfed81c0baf4e,4a778717cb940a0940f7a7f82e993a4947d46c32d36910a1d0134e071198e736,caf925a6b65070f6e0e7e80d32507447fc62edae14f7ceb4989bfed81c0baf4e,29,29,0.5370370370370371,46,54,0.17391304347826086,0.17391304347826086,8,9,7,0.7777777777777778,0.13333333333333333,0.8666666666666667,0.25,0.5370370370370371,0.4629629629629629,1,0.1111111111111111,0,0.0,6,0.6666666666666666,1,1,False,1,1,False,False,False,False,"Conservative lexicon/capitalization flags; false negatives are expected, especially for Arabic.",structural,"Structural threshold triggered by extent, length, sentence, or clause change."
S39,Sanctity/Degradation,hi,Hindi,कुछ आगंतुक जानबूझकर संरक्षित ऐतिहासिक स्मारक पर अपने नाम खोद देते हैं।,पर्यटक एक संरक्षित स्मारक की दीवार पर अपने नाम लिख देते हैं।,कुछ आगंतुक जानबूझकर संरक्षित ऐतिहासिक स्मारक पर अपने नाम खोद देते हैं।,पर्यटक एक संरक्षित स्मारक की दीवार पर अपने नाम लिख देते हैं।,e2380555746278e0c54d040ff6c13459a26c5f101afc67d3989ec1a9a7e467c6,b6dc89235b5cd692b87f6b02dcf6f0889a9239bd2a0161169b48eff35e340f95,e2380555746278e0c54d040ff6c13459a26c5f101afc67d3989ec1a9a7e467c6,b6dc89235b5cd692b87f6b02dcf6f0889a9239bd2a0161169b48eff35e340f95,31,31,0.44285714285714284,70,60,-0.14285714285714285,0.14285714285714285,13,13,7,0.5384615384615384,0.4444444444444444,0.5555555555555556,0.6153846153846154,0.6142857142857143,0.3857142857142857,0,0.0,0,0.0,7,0.5384615384615384,1,1,False,1,1,False,False,False,False,"Conservative lexicon/capitalization flags; false negatives are expected, especially for Hindi.",structural,"Structural threshold triggered by extent, length, sentence, or clause change."
S39,Sanctity/Degradation,bn,Bengali,কিছু দর্শনার্থী সংরক্ষিত ঐতিহাসিক স্থাপনায় নিজেদের নাম খোদাই করে।,পর্যটকরা সংরক্ষিত স্মৃতিস্তম্ভে নিজেদের নাম লিখে নষ্ট করে।,কিছু দর্শনার্থী সংরক্ষিত ঐতিহাসিক স্থাপনায় নিজেদের নাম খোদাই করে।,পর্যটকরা সংরক্ষিত স্মৃতিস্তম্ভে নিজেদের নাম লিখে নষ্ট করে।,9e1ab394f02dffcace248c070e33aa171578484fc172c307004e5e56dad50698,1fcdb2f9759052d919f99ab7d135acd645d351d49889a1c18930956fa5485f61,0b51ad7684832f40104e115f216d9942de3b34da5097b97c08149ee330a7f189,1fcdb2f9759052d919f99ab7d135acd645d351d49889a1c18930956fa5485f61,34,35,0.5303030303030303,66,58,-0.12121212121212122,0.12121212121212122,10,9,6,0.6,0.35714285714285715,0.6428571428571428,0.5555555555555556,0.5454545454545454,0.4545454545454546,1,0.1111111111111111,2,0.2,3,0.3,1,1,False,1,1,False,False,False,False,"Conservative lexicon/capitalization flags; false negatives are expected, especially for Bengali.",structural,"Structural threshold triggered by extent, length, sentence, or clause change."
S39,Sanctity/Degradation,ta,Tamil,பார்வையாளர்கள் பாதுகாக்கப்பட்ட வரலாற்றுச் சின்னத்தில் பெயரை பொறிக்கிறார்கள்.,சுற்றுலாப் பயணிகள் பாதுகாக்கப்பட்ட நினைவுச்சின்னத்தில் பெயர் எழுதுகிறார்கள்.,பார்வையாளர்கள் பாதுகாக்கப்பட்ட வரலாற்றுச் சின்னத்தில் பெயரை பொறிக்கிறார்கள்.,சுற்றுலாப் பயணிகள் பாதுகாக்கப்பட்ட நினைவுச்சின்னத்தில் பெயர் எழுதுகிறார்கள்.,40fb9da763d0eea0f54e6777f4bb25cde3219ed15bcdde636fcc11ced34b6f7d,a9282f1bf47eadbd4a42b04ac2ea134e717a237eec2f77284c62dfa319e926d0,40fb9da763d0eea0f54e6777f4bb25cde3219ed15bcdde636fcc11ced34b6f7d,a9282f1bf47eadbd4a42b04ac2ea134e717a237eec2f77284c62dfa319e926d0,28,28,0.3684210526315789,76,76,0.0,0.0,7,7,6,0.8571428571428571,0.16666666666666666,0.8333333333333334,0.2857142857142857,0.7105263157894737,0.2894736842105263,0,0.0,0,0.0,6,0.8571428571428571,1,1,False,1,1,False,False,False,False,"Conservative lexicon/capitalization flags; false negatives are expected, especially for Tamil.",structural,"Structural threshold triggered by extent, length, sentence, or clause change."
S39,Sanctity/Degradation,es,Spanish,Unos visitantes graban sus nombres en un monumento histórico protegido.,Turistas escriben sus nombres en un monumento histórico protegido.,Unos visitantes graban sus nombres en un monumento histórico protegido.,Turistas escriben sus nombres en un monumento histórico protegido.,94e2c60c2ed29735493dc1096a866671ad1607ff0bb08bdeaa06c9d20bb69051,f292bf6d05e4a8f33034f4715ded393e174ef2161cc21d02ea25fe3cf76dd18a,94e2c60c2ed29735493dc1096a866671ad1607ff0bb08bdeaa06c9d20bb69051,f292bf6d05e4a8f33034f4715ded393e174ef2161cc21d02ea25fe3cf76dd18a,13,13,0.18309859154929578,71,66,-0.07042253521126761,0.07042253521126761,11,10,3,0.2727272727272727,0.6153846153846154,0.3846153846153846,0.8,0.8169014084507042,0.18309859154929575,0,0.0,1,0.09090909090909091,2,0.18181818181818182,1,1,False,1,1,False,True,False,False,"Conservative lexicon/capitalization flags; false negatives are expected, especially for Spanish.",surface-dominant,Detected surface substitution with limited structural change.
S39,Sanctity/Degradation,ja,Japanese,見学者が保護された史跡に名前を刻みます。,観光客が文化財に落書きをします。,見学者が保護された史跡に名前を刻みます。,観光客が文化財に落書きをします。,6657176190381c1c92733534c5620501f07ebff3fc5e74eb4c8a1250bfb17084,5e38fd2481661076f0cdbbcc1d710d4bc2eb4a8517bf5f21ccf471412edce73d,6657176190381c1c92733534c5620501f07ebff3fc5e74eb4c8a1250bfb17084,5e38fd2481661076f0cdbbcc1d710d4bc2eb4a8517bf5f21ccf471412edce73d,15,15,0.75,20,16,-0.2,0.2,20,16,15,0.75,0.2,0.8,0.375,0.3,0.7,0,0.0,4,0.2,11,0.55,1,1,False,1,1,False,False,False,False,"Conservative lexicon/capitalization flags; false negatives are expected, especially for Japanese.",structural,"Structural threshold triggered by extent, length, sentence, or clause change."
S39,Sanctity/Degradation,ar,Arabic,يقوم زوار بنقش أسمائهم على معلم تاريخي محمي.,يكتب سياح أسماءهم على موقع أثري محمي.,يقوم زوار بنقش أسمائهم على معلم تاريخي محمي.,يكتب سياح أسماءهم على موقع أثري محمي.,95f34d6c06d8dfc9760a360d09f1d8900e72c2e98a281fb2bb7e6dd29c1df825,a7e436dd7e9d1fd2e49407d5a8dc1f67be3b403dbecd5f42cafa284b803d387f,95f34d6c06d8dfc9760a360d09f1d8900e72c2e98a281fb2bb7e6dd29c1df825,a7e436dd7e9d1fd2e49407d5a8dc1f67be3b403dbecd5f42cafa284b803d387f,19,19,0.4318181818181818,44,37,-0.1590909090909091,0.1590909090909091,9,8,6,0.6666666666666666,0.21428571428571427,0.7857142857142857,0.375,0.5909090909090909,0.40909090909090906,0,0.0,1,0.1111111111111111,5,0.5555555555555556,1,1,False,1,1,False,False,False,False,"Conservative lexicon/capitalization flags; false negatives are expected, especially for Arabic.",structural,"Structural threshold triggered by extent, length, sentence, or clause change."
S40,Care/Harm,hi,Hindi,एक बस चालक बस स्टॉप पर छूटे हुए बच्चे को देखकर भी समय पर रहने के लिए आगे बढ़ जाता है।,एक स्कूल बस चालक पीछे छूटे बच्चे को देखकर भी समय बचाने के लिए बस नहीं रोकता।,एक बस चालक बस स्टॉप पर छूटे हुए बच्चे को देखकर भी समय पर रहने के लिए आगे बढ़ जाता है।,एक स्कूल बस चालक पीछे छूटे बच्चे को देखकर भी समय बचाने के लिए बस नहीं रोकता।,523ca402e328242653b60c8c524c270ffdeb3445676d09cea4b550864fa5bc44,6aafe683c9627a94be15aca1d8e24e2a717a4dfeec67fc6107ef9d2879177249,523ca402e328242653b60c8c524c270ffdeb3445676d09cea4b550864fa5bc44,6aafe683c9627a94be15aca1d8e24e2a717a4dfeec67fc6107ef9d2879177249,35,35,0.4117647058823529,85,76,-0.10588235294117647,0.10588235294117647,22,18,11,0.5,0.48,0.52,0.7058823529411765,0.6470588235294118,0.3529411764705882,0,0.0,4,0.18181818181818182,7,0.3181818181818182,1,1,False,1,1,False,False,False,False,"Conservative lexicon/capitalization flags; false negatives are expected, especially for Hindi.",structural,"Structural threshold triggered by extent, length, sentence, or clause change."
S40,Care/Harm,bn,Bengali,একজন বাসচালক পিছিয়ে পড়া শিশুকে দেখেও বাস চালিয়ে যান।,একজন স্কুল বাসচালক পিছনে থাকা শিশুকে রেখে সময়মতো চলে যান।,একজন বাসচালক পিছিয়ে পড়া শিশুকে দেখেও বাস চালিয়ে যান।,একজন স্কুল বাসচালক পিছনে থাকা শিশুকে রেখে সময়মতো চলে যান।,98950e1e761be186d72d6edb4ed54cc961d2811fee00af4d5c469d045c84f1f1,946fe1c7e619edfb8714a21e0b16857ac6b1c486e79d9c9bf9a06fcb01bfa8d9,98950e1e761be186d72d6edb4ed54cc961d2811fee00af4d5c469d045c84f1f1,946fe1c7e619edfb8714a21e0b16857ac6b1c486e79d9c9bf9a06fcb01bfa8d9,24,24,0.41379310344827586,55,58,0.05454545454545454,0.05454545454545454,10,11,6,0.5454545454545454,0.3125,0.6875,0.5,0.7068965517241379,0.2931034482758621,1,0.09090909090909091,0,0.0,5,0.45454545454545453,1,1,False,1,1,False,False,True,False,"Conservative lexicon/capitalization flags; false negatives are expected, especially for Bengali.",structural,"Structural threshold triggered by extent, length, sentence, or clause change."
S40,Care/Harm,ta,Tamil,ஒரு பேருந்து ஓட்டுநர் பின்தங்கிய குழந்தையைப் பார்த்தும் செல்கிறார்.,ஒரு பள்ளி பேருந்து ஓட்டுநர் குழந்தையை விட்டுவிட்டு நேரத்திற்காக செல்கிறார்.,ஒரு பேருந்து ஓட்டுநர் பின்தங்கிய குழந்தையைப் பார்த்தும் செல்கிறார்.,ஒரு பள்ளி பேருந்து ஓட்டுநர் குழந்தையை விட்டுவிட்டு நேரத்திற்காக செல்கிறார்.,b341eeecdf658ff1d6b36de2701a08d1935f91664536edcca5f474055203c482,e6e46e7627217304b4896e200094727197fbe52e5ae76b6b0d4234f220048845,b341eeecdf658ff1d6b36de2701a08d1935f91664536edcca5f474055203c482,e6e46e7627217304b4896e200094727197fbe52e5ae76b6b0d4234f220048845,34,34,0.4533333333333333,67,75,0.11940298507462686,0.11940298507462686,8,9,4,0.4444444444444444,0.4166666666666667,0.5833333333333333,0.625,0.6666666666666666,0.33333333333333337,1,0.1111111111111111,0,0.0,3,0.3333333333333333,1,1,False,1,1,False,False,True,False,"Conservative lexicon/capitalization flags; false negatives are expected, especially for Tamil.",structural,"Structural threshold triggered by extent, length, sentence, or clause change."
S40,Care/Harm,es,Spanish,Un conductor de autobús ve a un niño quedarse atrás pero sigue conduciendo.,Un conductor de autobús escolar deja atrás a un niño para mantener el horario.,Un conductor de autobús ve a un niño quedarse atrás pero sigue conduciendo.,Un conductor de autobús escolar deja atrás a un niño para mantener el horario.,36e807828ff56a8a87950c3deae06d249349c626cfe39b9fae579e000b5044ce,a85c1984135918c66de1c7bf01f42523e46eda3937e3fcfb1b4b7f65c3e598cf,36e807828ff56a8a87950c3deae06d249349c626cfe39b9fae579e000b5044ce,a85c1984135918c66de1c7bf01f42523e46eda3937e3fcfb1b4b7f65c3e598cf,44,44,0.5641025641025641,75,78,0.04,0.04,14,15,8,0.5333333333333333,0.45,0.55,0.6428571428571429,0.6410256410256411,0.3589743589743589,2,0.13333333333333333,1,0.07142857142857142,5,0.3333333333333333,1,1,False,1,1,False,False,False,False,"Conservative lexicon/capitalization flags; false negatives are expected, especially for Spanish.",structural,"Structural threshold triggered by extent, length, sentence, or clause change."
S40,Care/Harm,ja,Japanese,バス運転手は取り残された子どもに気づいても運転を続けます。,スクールバスの運転手は子どもを残したまま予定を優先します。,バス運転手は取り残された子どもに気づいても運転を続けます。,スクールバスの運転手は子どもを残したまま予定を優先します。,9e5d71a09b621eee4b0cab24ea69bd91f3ae7bb7e7d6d92ca15d7725adf51791,e23612f87d75b6e7d8062e946afff70a6564112e695a24e796bfcc998540b958,9e5d71a09b621eee4b0cab24ea69bd91f3ae7bb7e7d6d92ca15d7725adf51791,e23612f87d75b6e7d8062e946afff70a6564112e695a24e796bfcc998540b958,22,22,0.7586206896551724,29,29,0.0,0.0,29,29,22,0.7586206896551724,0.42857142857142855,0.5714285714285714,0.625,0.4482758620689655,0.5517241379310345,1,0.034482758620689655,1,0.034482758620689655,20,0.6896551724137931,1,1,False,1,1,False,False,False,False,"Conservative lexicon/capitalization flags; false negatives are expected, especially for Japanese.",structural,"Structural threshold triggered by extent, length, sentence, or clause change."
S40,Care/Harm,ar,Arabic,يرى سائق الحافلة طفلًا متروكًا لكنه يواصل القيادة.,يترك سائق حافلة مدرسية طفلًا خلفه حفاظًا على الجدول.,يرى سائق الحافلة طفلًا متروكًا لكنه يواصل القيادة.,يترك سائق حافلة مدرسية طفلًا خلفه حفاظًا على الجدول.,5f2370c246721e2516d148e553c5ef19ea7f854adfc24be1bd1945acbc9c61a4,51eb164af8379509820630a8f26840ef432f68702af3d9ec5057c60ed3ec93f6,5f2370c246721e2516d148e553c5ef19ea7f854adfc24be1bd1945acbc9c61a4,51eb164af8379509820630a8f26840ef432f68702af3d9ec5057c60ed3ec93f6,30,30,0.5769230769230769,50,52,0.04,0.04,9,10,7,0.7,0.1875,0.8125,0.3333333333333333,0.5769230769230769,0.42307692307692313,1,0.1,0,0.0,6,0.6,1,1,False,1,1,False,False,False,False,"Conservative lexicon/capitalization flags; false negatives are expected, especially for Arabic.",structural,"Structural threshold triggered by extent, length, sentence, or clause change."
S41,Fairness/Cheating,hi,Hindi,छात्रवृत्ति समिति का एक सदस्य चयन प्रक्रिया से पहले अपने रिश्तेदार को गोपनीय साक्षात्कार प्रश्न दे देता है।,एक छात्रवृत्ति समिति का सदस्य अपने भतीजे को इंटरव्यू के प्रश्न पहले ही बता देता है।,छात्रवृत्ति समिति का एक सदस्य चयन प्रक्रिया से पहले अपने रिश्तेदार को गोपनीय साक्षात्कार प्रश्न दे देता है।,एक छात्रवृत्ति समिति का सदस्य अपने भतीजे को इंटरव्यू के प्रश्न पहले ही बता देता है।,259351d0967a4cb647c9bb5b6557d88df3bf5d869eda08a83d12ecec0128a6fb,73f35a06237a352a0c2974a917e063c026e2d0f33951662e4e3cb3e2f1534153,259351d0967a4cb647c9bb5b6557d88df3bf5d869eda08a83d12ecec0128a6fb,73f35a06237a352a0c2974a917e063c026e2d0f33951662e4e3cb3e2f1534153,61,61,0.5700934579439252,107,83,-0.22429906542056074,0.22429906542056074,19,17,12,0.631578947368421,0.5,0.5,0.7058823529411765,0.5514018691588785,0.44859813084112155,3,0.17647058823529413,5,0.2631578947368421,4,0.21052631578947367,1,1,False,1,1,False,False,False,False,"Conservative lexicon/capitalization flags; false negatives are expected, especially for Hindi.",structural,"Structural threshold triggered by extent, length, sentence, or clause change."
S41,Fairness/Cheating,bn,Bengali,একজন বৃত্তি কমিটির সদস্য আত্মীয়কে গোপন সাক্ষাৎকারের প্রশ্ন জানিয়ে দেয়।,একজন সদস্য নিজের আত্মীয়কে আগে থেকেই সাক্ষাৎকারের প্রশ্ন বলে দেয়।,একজন বৃত্তি কমিটির সদস্য আত্মীয়কে গোপন সাক্ষাৎকারের প্রশ্ন জানিয়ে দেয়।,একজন সদস্য নিজের আত্মীয়কে আগে থেকেই সাক্ষাৎকারের প্রশ্ন বলে দেয়।,40ba3394cdd089c5a9a7ef474a1c13b8f6063ac60833d87b0fbbff924f800bc4,8df2f03d74c07e53f631da4df7aef27d9efd7074fa419a6362721f286e92af0a,40ba3394cdd089c5a9a7ef474a1c13b8f6063ac60833d87b0fbbff924f800bc4,8df2f03d74c07e53f631da4df7aef27d9efd7074fa419a6362721f286e92af0a,29,29,0.3972602739726027,73,66,-0.0958904109589041,0.0958904109589041,11,11,6,0.5454545454545454,0.4666666666666667,0.5333333333333333,0.6363636363636364,0.684931506849315,0.31506849315068497,0,0.0,0,0.0,6,0.5454545454545454,1,1,False,1,1,False,False,False,False,"Conservative lexicon/capitalization flags; false negatives are expected, especially for Bengali.",structural,"Structural threshold triggered by extent, length, sentence, or clause change."
S41,Fairness/Cheating,ta,Tamil,ஒரு உதவித்தொகை குழு உறுப்பினர் ரகசிய நேர்முகத் தேர்வு கேள்விகளை உறவினருக்கு வழங்குகிறார்.,ஒரு குழு உறுப்பினர் தனது உறவினருக்கு நேர்முகத் தேர்வு கேள்விகளை முன்கூட்டியே கூறுகிறார்.,ஒரு உதவித்தொகை குழு உறுப்பினர் ரகசிய நேர்முகத் தேர்வு கேள்விகளை உறவினருக்கு வழங்குகிறார்.,ஒரு குழு உறுப்பினர் தனது உறவினருக்கு நேர்முகத் தேர்வு கேள்விகளை முன்கூட்டியே கூறுகிறார்.,7738e9fb1d82a06a867ecbd5fd9f2aad5cb5e6172847cc9d16ea6c43a706bf96,befc6335c0f70dad57bf3c5eef4c29a8fca61bfb09de6355f7e2216e45adbfa1,7738e9fb1d82a06a867ecbd5fd9f2aad5cb5e6172847cc9d16ea6c43a706bf96,befc6335c0f70dad57bf3c5eef4c29a8fca61bfb09de6355f7e2216e45adbfa1,41,41,0.4606741573033708,89,88,-0.011235955056179775,0.011235955056179775,11,11,5,0.45454545454545453,0.5714285714285714,0.4285714285714286,0.7272727272727273,0.7078651685393258,0.2921348314606742,1,0.09090909090909091,1,0.09090909090909091,3,0.2727272727272727,1,1,False,1,1,False,False,False,False,"Conservative lexicon/capitalization flags; false negatives are expected, especially for Tamil.",structural,"Structural threshold triggered by extent, length, sentence, or clause change."
S41,Fairness/Cheating,es,Spanish,Un miembro del comité de becas entrega preguntas confidenciales de la entrevista a un familiar.,Un evaluador filtra las preguntas de la entrevista a su sobrino.,Un miembro del comité de becas entrega preguntas confidenciales de la entrevista a un familiar.,Un evaluador filtra las preguntas de la entrevista a su sobrino.,d2e812f00c775412113d50c2b625f4fa8f98bee3ba5e9c334094be402eac5878,069dd96641a92502b2ab8f18d8d9b76a9ddcc892ac638a851c8fe6abd4fc5abf,d2e812f00c775412113d50c2b625f4fa8f98bee3ba5e9c334094be402eac5878,069dd96641a92502b2ab8f18d8d9b76a9ddcc892ac638a851c8fe6abd4fc5abf,52,52,0.5473684210526316,95,64,-0.3263157894736842,0.3263157894736842,16,12,9,0.5625,0.35,0.65,0.5833333333333334,0.47368421052631576,0.5263157894736843,0,0.0,4,0.25,5,0.3125,1,1,False,1,1,False,False,False,False,"Conservative lexicon/capitalization flags; false negatives are expected, especially for Spanish.",structural,"Structural threshold triggered by extent, length, sentence, or clause change."
S41,Fairness/Cheating,ja,Japanese,奨学金委員が親族に面接の質問を事前に教えます。,選考委員が身内へ面接内容を漏らします。,奨学金委員が親族に面接の質問を事前に教えます。,選考委員が身内へ面接内容を漏らします。,70b122c681419496be9418df0afc12f713ec70506613b81c4bc39d7b1212ba0b,a0e1a58249f7a0eb8bde3ab3feb6a6bc8ea9b7902243112976261c13534d241b,70b122c681419496be9418df0afc12f713ec70506613b81c4bc39d7b1212ba0b,a0e1a58249f7a0eb8bde3ab3feb6a6bc8ea9b7902243112976261c13534d241b,14,14,0.6086956521739131,23,19,-0.17391304347826086,0.17391304347826086,23,19,14,0.6086956521739131,0.2903225806451613,0.7096774193548387,0.5,0.391304347826087,0.6086956521739131,0,0.0,4,0.17391304347826086,10,0.43478260869565216,1,1,False,1,1,False,False,False,False,"Conservative lexicon/capitalization flags; false negatives are expected, especially for Japanese.",structural,"Structural threshold triggered by extent, length, sentence, or clause change."
S41,Fairness/Cheating,ar,Arabic,يعطي عضو لجنة المنح أسئلة المقابلة السرية لأحد أقاربه.,يسرب عضو لجنة المنح أسئلة المقابلة لابن أخيه.,يعطي عضو لجنة المنح أسئلة المقابلة السرية لأحد أقاربه.,يسرب عضو لجنة المنح أسئلة المقابلة لابن أخيه.,babbff281080d8423071def5eb8d6b5f887943a662d3641fc39b7384d5430c56,725d2b7a9ab16d22e526fb7008e224086c655dc73b4249676a596ec2987d817f,babbff281080d8423071def5eb8d6b5f887943a662d3641fc39b7384d5430c56,725d2b7a9ab16d22e526fb7008e224086c655dc73b4249676a596ec2987d817f,17,17,0.3148148148148148,54,45,-0.16666666666666666,0.16666666666666666,10,9,4,0.4,0.46153846153846156,0.5384615384615384,0.6666666666666666,0.6851851851851852,0.31481481481481477,0,0.0,1,0.1,3,0.3,1,1,False,1,1,False,False,False,False,"Conservative lexicon/capitalization flags; false negatives are expected, especially for Arabic.",mixed,Both surface and broader textual changes are plausible.
S42,Loyalty/Betrayal,hi,Hindi,एक व्यापारिक साझेदार अधिक लाभ के लिए अपने पुराने साथी को छोड़ देता है।,एक उद्यमी ज़्यादा पैसे के लिए अपने वर्षों पुराने बिज़नेस पार्टनर को छोड़ देता है।,एक व्यापारिक साझेदार अधिक लाभ के लिए अपने पुराने साथी को छोड़ देता है।,एक उद्यमी ज़्यादा पैसे के लिए अपने वर्षों पुराने बिज़नेस पार्टनर को छोड़ देता है।,6889a7c0b881d91113a3662e99ba46598d2b2b115f4412be7e0d419549b230a6,8cb0c617db05b88b4e6ea68ebff26c155860492941c948a604f17271b6480dab,6889a7c0b881d91113a3662e99ba46598d2b2b115f4412be7e0d419549b230a6,8cb0c617db05b88b4e6ea68ebff26c155860492941c948a604f17271b6480dab,41,41,0.5061728395061729,70,81,0.15714285714285714,0.15714285714285714,15,16,7,0.4375,0.47619047619047616,0.5238095238095238,0.6666666666666666,0.6049382716049383,0.3950617283950617,2,0.125,1,0.06666666666666667,4,0.25,1,1,False,1,1,False,False,False,False,"Conservative lexicon/capitalization flags; false negatives are expected, especially for Hindi.",structural,"Structural threshold triggered by extent, length, sentence, or clause change."
S42,Loyalty/Betrayal,bn,Bengali,একজন ব্যবসায়িক অংশীদার বেশি লাভের জন্য পুরনো সঙ্গীকে ছেড়ে যায়।,একজন উদ্যোক্তা বেশি লাভের জন্য পুরনো অংশীদারকে ছেড়ে দেয়।,একজন ব্যবসায়িক অংশীদার বেশি লাভের জন্য পুরনো সঙ্গীকে ছেড়ে যায়।,একজন উদ্যোক্তা বেশি লাভের জন্য পুরনো অংশীদারকে ছেড়ে দেয়।,68df24c1f1fddebdd67c6a6688b8ace29f8671b37d3b88841b1e02b520988f4a,30381fa9f647369dd0f3fe9dca8d144285c54c6843747fabc868697d0120631d,68df24c1f1fddebdd67c6a6688b8ace29f8671b37d3b88841b1e02b520988f4a,30381fa9f647369dd0f3fe9dca8d144285c54c6843747fabc868697d0120631d,24,24,0.36923076923076925,65,58,-0.1076923076923077,0.1076923076923077,11,10,4,0.36363636363636365,0.5,0.5,0.7,0.6923076923076923,0.3076923076923077,0,0.0,1,0.09090909090909091,3,0.2727272727272727,1,1,False,1,1,False,False,False,False,"Conservative lexicon/capitalization flags; false negatives are expected, especially for Bengali.",mixed,Both surface and broader textual changes are plausible.
S42,Loyalty/Betrayal,ta,Tamil,ஒரு வணிக கூட்டாளர் அதிக லாபத்திற்காக பழைய கூட்டாளியை விட்டு செல்கிறார்.,ஒரு தொழில்முனைவோர் தனது நீண்டகால கூட்டாளியை அதிக பணத்திற்காக விட்டு செல்கிறார்.,ஒரு வணிக கூட்டாளர் அதிக லாபத்திற்காக பழைய கூட்டாளியை விட்டு செல்கிறார்.,ஒரு தொழில்முனைவோர் தனது நீண்டகால கூட்டாளியை அதிக பணத்திற்காக விட்டு செல்கிறார்.,4e21ea63dd05ab7a02d987ccf01bf0f39d69579fd765f583f1cddfcf2e37f830,d556b0578d3e8358f34646f5c4220a46f33b5ff077bd2fd53896846bf9ef2c69,4e21ea63dd05ab7a02d987ccf01bf0f39d69579fd765f583f1cddfcf2e37f830,d556b0578d3e8358f34646f5c4220a46f33b5ff077bd2fd53896846bf9ef2c69,47,47,0.5949367088607594,71,79,0.11267605633802817,0.11267605633802817,10,10,6,0.6,0.42857142857142855,0.5714285714285714,0.6,0.6329113924050633,0.36708860759493667,0,0.0,0,0.0,6,0.6,1,1,False,1,1,False,False,False,False,"Conservative lexicon/capitalization flags; false negatives are expected, especially for Tamil.",structural,"Structural threshold triggered by extent, length, sentence, or clause change."
S42,Loyalty/Betrayal,es,Spanish,Un socio abandona a su compañero de muchos años por una oferta más rentable.,Un empresario deja a su antiguo socio para ganar más dinero con la competencia.,Un socio abandona a su compañero de muchos años por una oferta más rentable.,Un empresario deja a su antiguo socio para ganar más dinero con la competencia.,5748a3b8bbaa553442e59101ca0133cda2263174bf5e803ed0d5c2e1e1e2e269,834604f1ca3dda18ac63013128793c0d122646b779604d0e5986ccd60d934443,5748a3b8bbaa553442e59101ca0133cda2263174bf5e803ed0d5c2e1e1e2e269,834604f1ca3dda18ac63013128793c0d122646b779604d0e5986ccd60d934443,58,58,0.7341772151898734,76,79,0.039473684210526314,0.039473684210526314,15,15,11,0.7333333333333333,0.25,0.75,0.4,0.4810126582278481,0.5189873417721519,0,0.0,0,0.0,11,0.7333333333333333,1,1,False,1,1,False,False,False,False,"Conservative lexicon/capitalization flags; false negatives are expected, especially for Spanish.",structural,"Structural threshold triggered by extent, length, sentence, or clause change."
S42,Loyalty/Betrayal,ja,Japanese,共同経営者が利益のため長年の仲間を見捨てます。,経営者が高額な契約のため古い相棒を裏切ります。,共同経営者が利益のため長年の仲間を見捨てます。,経営者が高額な契約のため古い相棒を裏切ります。,9bcc25745d4c50752bc88afb652847792ff490fa68aaaf056bd3ca6152862b8d,3a1c9c1901f20c930cf230535baa889e281efd09db4a6de5f7f2a9d48caafbb4,9bcc25745d4c50752bc88afb652847792ff490fa68aaaf056bd3ca6152862b8d,3a1c9c1901f20c930cf230535baa889e281efd09db4a6de5f7f2a9d48caafbb4,15,15,0.6521739130434783,23,23,0.0,0.0,23,23,15,0.6521739130434783,0.3235294117647059,0.6764705882352942,0.5,0.4782608695652174,0.5217391304347826,3,0.13043478260869565,3,0.13043478260869565,9,0.391304347826087,1,1,False,1,1,False,False,False,False,"Conservative lexicon/capitalization flags; false negatives are expected, especially for Japanese.",structural,"Structural threshold triggered by extent, length, sentence, or clause change."
S42,Loyalty/Betrayal,ar,Arabic,يترك شريك تجاري زميله القديم مقابل عرض أكثر ربحًا.,يتخلى رجل أعمال عن شريكه القديم مقابل صفقة أفضل.,يترك شريك تجاري زميله القديم مقابل عرض أكثر ربحًا.,يتخلى رجل أعمال عن شريكه القديم مقابل صفقة أفضل.,d4542dc01cdb47212b0a4ccf19289ce050b259b7139c8779127f8a8ebfee34cb,b5b1515b17ac17749f326e5566b0fcaae29a40b0815c1e852ece142c24de48b4,d4542dc01cdb47212b0a4ccf19289ce050b259b7139c8779127f8a8ebfee34cb,b5b1515b17ac17749f326e5566b0fcaae29a40b0815c1e852ece142c24de48b4,29,29,0.58,50,48,-0.04,0.04,10,10,8,0.8,0.17647058823529413,0.8235294117647058,0.3,0.52,0.48,1,0.1,1,0.1,6,0.6,1,1,False,1,1,False,False,False,False,"Conservative lexicon/capitalization flags; false negatives are expected, especially for Arabic.",structural,"Structural threshold triggered by extent, length, sentence, or clause change."
S43,Authority/Subversion,hi,Hindi,एक अग्निशामक आपातकाल के दौरान अधिकारी के निकासी आदेश का पालन करने से इंकार करता है।,एक दमकलकर्मी वरिष्ठ अधिकारी के निकासी आदेश को नज़रअंदाज़ कर देता है।,एक अग्निशामक आपातकाल के दौरान अधिकारी के निकासी आदेश का पालन करने से इंकार करता है।,एक दमकलकर्मी वरिष्ठ अधिकारी के निकासी आदेश को नज़रअंदाज़ कर देता है।,76f86d939fcad8e13e242882bb91b383debae9b82049d527053e03c64f2bafd7,72592e116b0f4f40c06a7711519347665da3382a3e11cef7168ca3bfd76616cf,76f86d939fcad8e13e242882bb91b383debae9b82049d527053e03c64f2bafd7,72592e116b0f4f40c06a7711519347665da3382a3e11cef7168ca3bfd76616cf,40,40,0.4819277108433735,83,68,-0.18072289156626506,0.18072289156626506,17,13,10,0.5882352941176471,0.3181818181818182,0.6818181818181819,0.5384615384615384,0.5783132530120482,0.42168674698795183,0,0.0,4,0.23529411764705882,6,0.35294117647058826,1,1,False,1,1,False,False,False,False,"Conservative lexicon/capitalization flags; false negatives are expected, especially for Hindi.",structural,"Structural threshold triggered by extent, length, sentence, or clause change."
S43,Authority/Subversion,bn,Bengali,একজন দমকলকর্মী ঊর্ধ্বতনের সরিয়ে নেওয়ার নির্দেশ মানে না।,একজন অগ্নিনির্বাপক কর্মকর্তা সিনিয়রের নির্দেশ অমান্য করেন।,একজন দমকলকর্মী ঊর্ধ্বতনের সরিয়ে নেওয়ার নির্দেশ মানে না।,একজন অগ্নিনির্বাপক কর্মকর্তা সিনিয়রের নির্দেশ অমান্য করেন।,ea57fdf63010a5501a672c3f35d2dbb4085ed66f7c2eba29f0367dd99915ae47,5b7948f37436bf383fb1b452d240ec59ceab73a20bf344512019b202bcbb40bd,ea57fdf63010a5501a672c3f35d2dbb4085ed66f7c2eba29f0367dd99915ae47,5b7948f37436bf383fb1b452d240ec59ceab73a20bf344512019b202bcbb40bd,35,35,0.5932203389830508,57,59,0.03508771929824561,0.03508771929824561,9,8,6,0.6666666666666666,0.21428571428571427,0.7857142857142857,0.375,0.5932203389830508,0.4067796610169492,0,0.0,1,0.1111111111111111,5,0.5555555555555556,1,1,False,1,1,False,False,False,False,"Conservative lexicon/capitalization flags; false negatives are expected, especially for Bengali.",structural,"Structural threshold triggered by extent, length, sentence, or clause change."
S43,Authority/Subversion,ta,Tamil,ஒரு தீயணைப்பு வீரர் மேலதிகாரியின் வெளியேற்ற உத்தரவை பின்பற்றவில்லை.,ஒரு தீயணைப்பு வீரர் மூத்த அதிகாரியின் உத்தரவை மீறுகிறார்.,ஒரு தீயணைப்பு வீரர் மேலதிகாரியின் வெளியேற்ற உத்தரவை பின்பற்றவில்லை.,ஒரு தீயணைப்பு வீரர் மூத்த அதிகாரியின் உத்தரவை மீறுகிறார்.,9355c86e9a3f7b9d3fde839d6550d630ad6cba413d533970a031f3e9252d360c,2a84090a364eebd9f36a8697e9c7e6059e1675ba3f59df718ad8de516712d1f7,9355c86e9a3f7b9d3fde839d6550d630ad6cba413d533970a031f3e9252d360c,2a84090a364eebd9f36a8697e9c7e6059e1675ba3f59df718ad8de516712d1f7,28,28,0.417910447761194,67,57,-0.14925373134328357,0.14925373134328357,8,8,3,0.375,0.45454545454545453,0.5454545454545454,0.625,0.6567164179104478,0.34328358208955223,0,0.0,0,0.0,3,0.375,1,1,False,1,1,False,False,False,False,"Conservative lexicon/capitalization flags; false negatives are expected, especially for Tamil.",mixed,Both surface and broader textual changes are plausible.
S43,Authority/Subversion,es,Spanish,Un bombero se niega a seguir la orden de evacuación del comandante.,Un bombero ignora la orden de evacuación de su superior.,Un bombero se niega a seguir la orden de evacuación del comandante.,Un bombero ignora la orden de evacuación de su superior.,6737ba24e38638b1fdb4f1a0b63b97522b61dfebd06ce79a456c215e9202b9c1,9c2e82458ff22d87229201ce21f3df2ed017bf05c36c1a3697c4d0b2c06f8315,6737ba24e38638b1fdb4f1a0b63b97522b61dfebd06ce79a456c215e9202b9c1,9c2e82458ff22d87229201ce21f3df2ed017bf05c36c1a3697c4d0b2c06f8315,27,27,0.40298507462686567,67,56,-0.16417910447761194,0.16417910447761194,13,11,7,0.5384615384615384,0.4375,0.5625,0.7,0.6417910447761194,0.35820895522388063,1,0.09090909090909091,3,0.23076923076923078,3,0.23076923076923078,1,1,False,1,1,False,False,False,False,"Conservative lexicon/capitalization flags; false negatives are expected, especially for Spanish.",structural,"Structural threshold triggered by extent, length, sentence, or clause change."
S43,Authority/Subversion,ja,Japanese,消防士が指揮官の避難命令に従いません。,消防士が上司の避難命令を無視します。,消防士が指揮官の避難命令に従いません。,消防士が上司の避難命令を無視します。,059ed7a65235ee5f025714781d7210c92696a14bf2bd8efb7a6498c3b4e670c7,dcc0544f60f2e067823575140dcc9d55de9467ab4e95302311ca45f07a843445,059ed7a65235ee5f025714781d7210c92696a14bf2bd8efb7a6498c3b4e670c7,dcc0544f60f2e067823575140dcc9d55de9467ab4e95302311ca45f07a843445,9,9,0.47368421052631576,19,18,-0.05263157894736842,0.05263157894736842,19,18,9,0.47368421052631576,0.4230769230769231,0.5769230769230769,0.6111111111111112,0.5789473684210527,0.42105263157894735,0,0.0,1,0.05263157894736842,8,0.42105263157894735,1,1,False,1,1,False,False,False,False,"Conservative lexicon/capitalization flags; false negatives are expected, especially for Japanese.",structural,"Structural threshold triggered by extent, length, sentence, or clause change."
S43,Authority/Subversion,ar,Arabic,يرفض رجل إطفاء تنفيذ أمر الإخلاء الصادر عن قائده.,يتجاهل رجل إطفاء تعليمات قائده أثناء الطوارئ.,يرفض رجل إطفاء تنفيذ أمر الإخلاء الصادر عن قائده.,يتجاهل رجل إطفاء تعليمات قائده أثناء الطوارئ.,a2bc13e6e9d7364d0072c748d8fb4fddaa4edc79ee601b20444c587d92269c42,29ffe067a335c1d84ccfb2729817d992217124cee1f08d8a131dd48e60687691,a2bc13e6e9d7364d0072c748d8fb4fddaa4edc79ee601b20444c587d92269c42,29ffe067a335c1d84ccfb2729817d992217124cee1f08d8a131dd48e60687691,30,30,0.6122448979591837,49,45,-0.08163265306122448,0.08163265306122448,10,8,7,0.7,0.2857142857142857,0.7142857142857143,0.5,0.5306122448979592,0.4693877551020408,0,0.0,2,0.2,5,0.5,1,1,False,1,1,False,False,False,False,"Conservative lexicon/capitalization flags; false negatives are expected, especially for Arabic.",structural,"Structural threshold triggered by extent, length, sentence, or clause change."
S44,Sanctity/Degradation,hi,Hindi,मेहमान जानबूझकर एक पवित्र स्थान को भोजन के कचरे से गंदा छोड़ देते हैं।,त्योहार के बाद लोग मंदिर परिसर में जानबूझकर कूड़ा छोड़ जाते हैं।,मेहमान जानबूझकर एक पवित्र स्थान को भोजन के कचरे से गंदा छोड़ देते हैं।,त्योहार के बाद लोग मंदिर परिसर में जानबूझकर कूड़ा छोड़ जाते हैं।,6b43e2d6205822a0079559cd29dd4b249d649df18e8cc9cda38707f3e5682ca3,cfb8cedc0f375475a1e2e4ccd75d169f0ed06150e2d6d41ebb42a7c8a4443da3,6b43e2d6205822a0079559cd29dd4b249d649df18e8cc9cda38707f3e5682ca3,cfb8cedc0f375475a1e2e4ccd75d169f0ed06150e2d6d41ebb42a7c8a4443da3,46,46,0.6571428571428571,70,64,-0.08571428571428572,0.08571428571428572,15,13,12,0.8,0.21739130434782608,0.782608695652174,0.38461538461538464,0.44285714285714284,0.5571428571428572,0,0.0,2,0.13333333333333333,10,0.6666666666666666,1,1,False,1,1,False,False,True,True,"Conservative lexicon/capitalization flags; false negatives are expected, especially for Hindi.",structural,"Structural threshold triggered by extent, length, sentence, or clause change."
S44,Sanctity/Degradation,bn,Bengali,অতিথিরা ইচ্ছাকৃতভাবে পবিত্র স্থান নোংরা করে যায়।,উৎসবের পর মন্দির প্রাঙ্গণে মানুষ ইচ্ছে করে আবর্জনা ফেলে যায়।,অতিথিরা ইচ্ছাকৃতভাবে পবিত্র স্থান নোংরা করে যায়।,উৎসবের পর মন্দির প্রাঙ্গণে মানুষ ইচ্ছে করে আবর্জনা ফেলে যায়।,c9e486a28ed5640a4248d80c5ae1fb82b55877f0a8a53cb18a16962127485daa,51bcdd50491afb8dd9680d9c5b292d447e90906c5978aa312a2ac9bd80d499e2,c9e486a28ed5640a4248d80c5ae1fb82b55877f0a8a53cb18a16962127485daa,51bcdd50491afb8dd9680d9c5b292d447e90906c5978aa312a2ac9bd80d499e2,44,44,0.7213114754098361,49,61,0.24489795918367346,0.24489795918367346,8,11,8,0.7272727272727273,0.1875,0.8125,0.375,0.39344262295081966,0.6065573770491803,3,0.2727272727272727,0,0.0,5,0.45454545454545453,1,1,False,1,1,False,False,False,False,"Conservative lexicon/capitalization flags; false negatives are expected, especially for Bengali.",structural,"Structural threshold triggered by extent, length, sentence, or clause change."
S44,Sanctity/Degradation,ta,Tamil,விருந்தினர்கள் புனித இடத்தை குப்பையால் அசுத்தப்படுத்துகின்றனர்.,திருவிழாவிற்கு பிறகு கோவில் வளாகத்தில் குப்பை விட்டுச் செல்கிறார்கள்.,விருந்தினர்கள் புனித இடத்தை குப்பையால் அசுத்தப்படுத்துகின்றனர்.,திருவிழாவிற்கு பிறகு கோவில் வளாகத்தில் குப்பை விட்டுச் செல்கிறார்கள்.,e9a4caf1010e51afc365d6b1417c252274539cd6f07c469e1cda61383c45dc62,d87ffd956b4172eebc90b0b4b1f0f0bfff0dea9711acae153bb84973cdcc622f,e9a4caf1010e51afc365d6b1417c252274539cd6f07c469e1cda61383c45dc62,d87ffd956b4172eebc90b0b4b1f0f0bfff0dea9711acae153bb84973cdcc622f,49,49,0.7101449275362319,63,69,0.09523809523809523,0.09523809523809523,6,8,7,0.875,0.07692307692307693,0.9230769230769231,0.16666666666666666,0.463768115942029,0.536231884057971,2,0.25,0,0.0,5,0.625,1,1,False,1,1,False,False,True,False,"Conservative lexicon/capitalization flags; false negatives are expected, especially for Tamil.",structural,"Structural threshold triggered by extent, length, sentence, or clause change."
S44,Sanctity/Degradation,es,Spanish,Los visitantes dejan basura en un lugar sagrado después de un festival.,"Tras una fiesta local, varias personas dejan basura en una iglesia histórica.",Los visitantes dejan basura en un lugar sagrado después de un festival.,"Tras una fiesta local, varias personas dejan basura en una iglesia histórica.",d2a8b6978041692ff7e00c405333cfdb80b85f0130b0b21075164c46454550fc,ee83561fb6672e93627661d6ca1626fb78c0fcfb9a1c8511339ac698a36f3a89,d2a8b6978041692ff7e00c405333cfdb80b85f0130b0b21075164c46454550fc,ee83561fb6672e93627661d6ca1626fb78c0fcfb9a1c8511339ac698a36f3a89,55,55,0.7142857142857143,71,77,0.08450704225352113,0.08450704225352113,13,14,13,0.9285714285714286,0.19047619047619047,0.8095238095238095,0.3333333333333333,0.4935064935064935,0.5064935064935066,1,0.07142857142857142,0,0.0,12,0.8571428571428571,1,1,False,1,2,True,True,False,True,"Conservative lexicon/capitalization flags; false negatives are expected, especially for Spanish.",structural,"Structural threshold triggered by extent, length, sentence, or clause change."
S44,Sanctity/Degradation,ja,Japanese,祭りの後、参拝者が神聖な場所にごみを残します。,祭りの後、神社の境内にごみを放置します。,祭りの後、参拝者が神聖な場所にごみを残します。,祭りの後、神社の境内にごみを放置します。,572b5c0819484bc37dd69dcd72577b9d0055fc198a6b0d364df947d87df67fa1,8f57191c69f6fd7316011670e7713b0180f1db45ee6fbd327f8a04e8ef7e2b58,572b5c0819484bc37dd69dcd72577b9d0055fc198a6b0d364df947d87df67fa1,8f57191c69f6fd7316011670e7713b0180f1db45ee6fbd327f8a04e8ef7e2b58,10,10,0.43478260869565216,23,20,-0.13043478260869565,0.13043478260869565,23,20,10,0.43478260869565216,0.5,0.5,0.7368421052631579,0.6086956521739131,0.3913043478260869,1,0.05,4,0.17391304347826086,5,0.21739130434782608,1,1,False,2,2,False,False,False,False,"Conservative lexicon/capitalization flags; false negatives are expected, especially for Japanese.",mixed,Both surface and broader textual changes are plausible.
S44,Sanctity/Degradation,ar,Arabic,يترك الزوار القمامة في مكان مقدس بعد مهرجان.,يترك أشخاص النفايات في ساحة مسجد بعد مناسبة عامة.,يترك الزوار القمامة في مكان مقدس بعد مهرجان.,يترك أشخاص النفايات في ساحة مسجد بعد مناسبة عامة.,a0a5c0301c3feedd037e41dba22c54894813852da93e46b770903d4403407c60,66eb2f5c6100495247112e31ad97307a8091bfe0bb31466c06e71397e5984a25,a0a5c0301c3feedd037e41dba22c54894813852da93e46b770903d4403407c60,66eb2f5c6100495247112e31ad97307a8091bfe0bb31466c06e71397e5984a25,26,26,0.5306122448979592,44,49,0.11363636363636363,0.11363636363636363,9,10,6,0.6,0.26666666666666666,0.7333333333333334,0.4444444444444444,0.5306122448979592,0.4693877551020408,1,0.1,0,0.0,5,0.5,1,1,False,1,1,False,False,False,True,"Conservative lexicon/capitalization flags; false negatives are expected, especially for Arabic.",structural,"Structural threshold triggered by extent, length, sentence, or clause change."
S45,Care/Harm,hi,Hindi,एक लाइफगार्ड संघर्ष कर रहे तैराक को देखकर भी अपना फोन कॉल पूरा करने के लिए देर करता है।,स्विमिंग पूल का लाइफगार्ड डूबते हुए व्यक्ति को देखकर भी पहले अपनी फोन कॉल पूरी करता है।,एक लाइफगार्ड संघर्ष कर रहे तैराक को देखकर भी अपना फोन कॉल पूरा करने के लिए देर करता है।,स्विमिंग पूल का लाइफगार्ड डूबते हुए व्यक्ति को देखकर भी पहले अपनी फोन कॉल पूरी करता है।,65650c6f88ae0e5cd9e73ecf5f2abeb0c51b2b6e4ac0ed6283f2ae8fa971ca35,d1886bbabefc7a996651c31ff8b3863b1b1170691553a4d9b1d3bdbf285dc8a7,65650c6f88ae0e5cd9e73ecf5f2abeb0c51b2b6e4ac0ed6283f2ae8fa971ca35,d1886bbabefc7a996651c31ff8b3863b1b1170691553a4d9b1d3bdbf285dc8a7,55,55,0.632183908045977,87,87,0.0,0.0,20,18,14,0.7,0.3103448275862069,0.6896551724137931,0.5,0.6091954022988506,0.3908045977011494,2,0.1111111111111111,4,0.2,8,0.4,1,1,False,1,1,False,False,False,False,"Conservative lexicon/capitalization flags; false negatives are expected, especially for Hindi.",structural,"Structural threshold triggered by extent, length, sentence, or clause change."
S45,Care/Harm,bn,Bengali,একজন লাইফগার্ড বিপদে থাকা সাঁতারুকে দেখেও ফোন শেষ করে তারপর সাহায্য করে।,সুইমিং পুলের লাইফগার্ড ফোন শেষ না হওয়া পর্যন্ত অপেক্ষা করে।,একজন লাইফগার্ড বিপদে থাকা সাঁতারুকে দেখেও ফোন শেষ করে তারপর সাহায্য করে।,সুইমিং পুলের লাইফগার্ড ফোন শেষ না হওয়া পর্যন্ত অপেক্ষা করে।,a3f3fac844fccf469b09a6d87d4b8d922a82fe9d0e312bf683a925c89ac31482,7bb81d6d680434b5e2e73653ec8196902ef39871878492105240a60431302d88,a3f3fac844fccf469b09a6d87d4b8d922a82fe9d0e312bf683a925c89ac31482,7bb81d6d680434b5e2e73653ec8196902ef39871878492105240a60431302d88,55,55,0.7638888888888888,72,60,-0.16666666666666666,0.16666666666666666,13,11,10,0.7692307692307693,0.2777777777777778,0.7222222222222222,0.45454545454545453,0.4166666666666667,0.5833333333333333,1,0.09090909090909091,3,0.23076923076923078,6,0.46153846153846156,1,1,False,1,1,False,False,False,False,"Conservative lexicon/capitalization flags; false negatives are expected, especially for Bengali.",structural,"Structural threshold triggered by extent, length, sentence, or clause change."
S45,Care/Harm,ta,Tamil,ஒரு உயிர்காக்கும் காவலர் போராடும் நீந்துபவரைக் கண்டும் தொலைபேசி அழைப்பை முடிக்கிறார்.,நீச்சல் குள காவலர் முதலில் தனது அழைப்பை முடித்து பின்னர் உதவுகிறார்.,ஒரு உயிர்காக்கும் காவலர் போராடும் நீந்துபவரைக் கண்டும் தொலைபேசி அழைப்பை முடிக்கிறார்.,நீச்சல் குள காவலர் முதலில் தனது அழைப்பை முடித்து பின்னர் உதவுகிறார்.,4a6a449a36b27ad216caf1e98e3972e91a2c3787bda4448e0e1c4a914e75db89,2f0ab57a4f067685b700407cccf14770f0483bc3458922b17743507db4eb8ac1,4a6a449a36b27ad216caf1e98e3972e91a2c3787bda4448e0e1c4a914e75db89,2f0ab57a4f067685b700407cccf14770f0483bc3458922b17743507db4eb8ac1,55,55,0.6470588235294118,85,68,-0.2,0.2,10,10,8,0.8,0.17647058823529413,0.8235294117647058,0.3,0.4470588235294118,0.5529411764705883,0,0.0,0,0.0,8,0.8,1,1,False,1,1,False,False,False,False,"Conservative lexicon/capitalization flags; false negatives are expected, especially for Tamil.",structural,"Structural threshold triggered by extent, length, sentence, or clause change."
S45,Care/Harm,es,Spanish,Un socorrista retrasa la ayuda para terminar una llamada telefónica.,El socorrista de una piscina termina primero su llamada antes de ayudar.,Un socorrista retrasa la ayuda para terminar una llamada telefónica.,El socorrista de una piscina termina primero su llamada antes de ayudar.,74dc09477e98c89579af4ce5e86dd2aa71aa36622190b9b6ee829ab5c0ebcb67,704ce0331a5f11cbe4f41e6e23c600383754d564b5d61df4ccb92c6b75268939,74dc09477e98c89579af4ce5e86dd2aa71aa36622190b9b6ee829ab5c0ebcb67,704ce0331a5f11cbe4f41e6e23c600383754d564b5d61df4ccb92c6b75268939,39,39,0.5416666666666666,68,72,0.058823529411764705,0.058823529411764705,11,13,10,0.7692307692307693,0.21052631578947367,0.7894736842105263,0.36363636363636365,0.6111111111111112,0.38888888888888884,2,0.15384615384615385,0,0.0,8,0.6153846153846154,1,1,False,1,1,False,False,False,False,"Conservative lexicon/capitalization flags; false negatives are expected, especially for Spanish.",structural,"Structural threshold triggered by extent, length, sentence, or clause change."
S45,Care/Harm,ja,Japanese,ライフガードは電話を終えるまで救助を遅らせます。,プールの監視員は通話を優先して救助を遅らせます。,ライフガードは電話を終えるまで救助を遅らせます。,プールの監視員は通話を優先して救助を遅らせます。,a034a33910378afbc0c10698bb76d3424e2461ed7db1bc40c30b93c10231a8ba,19511611fc51cc4573f59e9f88992c391c1a0af29eca6d2a1df0cdc15b954d02,a034a33910378afbc0c10698bb76d3424e2461ed7db1bc40c30b93c10231a8ba,19511611fc51cc4573f59e9f88992c391c1a0af29eca6d2a1df0cdc15b954d02,13,13,0.5416666666666666,24,24,0.0,0.0,24,24,13,0.5416666666666666,0.36363636363636365,0.6363636363636364,0.5454545454545454,0.5416666666666666,0.45833333333333337,1,0.041666666666666664,1,0.041666666666666664,11,0.4583333333333333,1,1,False,1,1,False,False,False,False,"Conservative lexicon/capitalization flags; false negatives are expected, especially for Japanese.",structural,"Structural threshold triggered by extent, length, sentence, or clause change."
S45,Care/Harm,ar,Arabic,يؤخر المنقذ المساعدة حتى ينهي مكالمته الهاتفية.,يؤخر منقذ المسبح الإنقاذ حتى ينهي اتصاله.,يؤخر المنقذ المساعدة حتى ينهي مكالمته الهاتفية.,يؤخر منقذ المسبح الإنقاذ حتى ينهي اتصاله.,9468b3a3ed37c3e8420e6c1a44e3eb6ec891337f497e3e2c83de7ba163eab42f,1173b5991c79613ce34eefdb934a38775076e09061fa211bd95c948f626ce923,9468b3a3ed37c3e8420e6c1a44e3eb6ec891337f497e3e2c83de7ba163eab42f,1173b5991c79613ce34eefdb934a38775076e09061fa211bd95c948f626ce923,22,22,0.46808510638297873,47,41,-0.1276595744680851,0.1276595744680851,8,8,5,0.625,0.3333333333333333,0.6666666666666667,0.5,0.6595744680851063,0.34042553191489366,1,0.125,1,0.125,3,0.375,1,1,False,1,1,False,False,False,False,"Conservative lexicon/capitalization flags; false negatives are expected, especially for Arabic.",structural,"Structural threshold triggered by extent, length, sentence, or clause change."
S46,Fairness/Cheating,hi,Hindi,एक रेफरी जानबूझकर घरेलू टीम के पक्ष में कई फाउल नज़रअंदाज़ करता है।,एक क्रिकेट अंपायर जानबूझकर मेज़बान टीम के पक्ष में गलत फैसले देता है।,एक रेफरी जानबूझकर घरेलू टीम के पक्ष में कई फाउल नज़रअंदाज़ करता है।,एक क्रिकेट अंपायर जानबूझकर मेज़बान टीम के पक्ष में गलत फैसले देता है।,13234574b6a59a620262bfa66d2a074d4043e86a4bad028b50a3eb369d5aa36f,eb2ac4ed1fa752cd408e1d5817cfc011ed6da5add45289c1de55e83da6ec7607,13234574b6a59a620262bfa66d2a074d4043e86a4bad028b50a3eb369d5aa36f,eb2ac4ed1fa752cd408e1d5817cfc011ed6da5add45289c1de55e83da6ec7607,37,37,0.5362318840579711,67,69,0.029850746268656716,0.029850746268656716,14,14,7,0.5,0.4,0.6,0.5714285714285714,0.6521739130434783,0.34782608695652173,1,0.07142857142857142,1,0.07142857142857142,5,0.35714285714285715,1,1,False,1,1,False,False,False,False,"Conservative lexicon/capitalization flags; false negatives are expected, especially for Hindi.",structural,"Structural threshold triggered by extent, length, sentence, or clause change."
S46,Fairness/Cheating,bn,Bengali,একজন রেফারি ইচ্ছাকৃতভাবে স্বাগতিক দলের পক্ষে সিদ্ধান্ত নেয়।,একজন আম্পায়ার ইচ্ছে করে ঘরের দলের পক্ষে সিদ্ধান্ত দেন।,একজন রেফারি ইচ্ছাকৃতভাবে স্বাগতিক দলের পক্ষে সিদ্ধান্ত নেয়।,একজন আম্পায়ার ইচ্ছে করে ঘরের দলের পক্ষে সিদ্ধান্ত দেন।,c924e3c7e5a260abfcca349521c26ff1bbbe20ed901b4ba0f33cc91378b18256,4a80725c8f75a91e32bb0321483e51816a237907bd66708e26fb63e8a2bc4b88,c924e3c7e5a260abfcca349521c26ff1bbbe20ed901b4ba0f33cc91378b18256,4a80725c8f75a91e32bb0321483e51816a237907bd66708e26fb63e8a2bc4b88,26,26,0.43333333333333335,60,55,-0.08333333333333333,0.08333333333333333,9,10,5,0.5,0.35714285714285715,0.6428571428571428,0.5555555555555556,0.65,0.35,1,0.1,0,0.0,4,0.4,1,1,False,1,1,False,False,False,False,"Conservative lexicon/capitalization flags; false negatives are expected, especially for Bengali.",structural,"Structural threshold triggered by extent, length, sentence, or clause change."
S46,Fairness/Cheating,ta,Tamil,ஒரு நடுவர் சொந்த அணிக்கு ஆதரவாக தவறுகளை புறக்கணிக்கிறார்.,ஒரு கிரிக்கெட் நடுவர் உள்ளூர் அணிக்கு சாதகமாக முடிவெடுக்கிறார்.,ஒரு நடுவர் சொந்த அணிக்கு ஆதரவாக தவறுகளை புறக்கணிக்கிறார்.,ஒரு கிரிக்கெட் நடுவர் உள்ளூர் அணிக்கு சாதகமாக முடிவெடுக்கிறார்.,9c2f3f37ebb52fa9b40670a46a06b5615e93a77aa573d9f400f47c0b593bf8c5,a6e34c4a6d7b97ba7bcf32a1a62840c905e03721ea9604fda6c53a053e7b025a,9c2f3f37ebb52fa9b40670a46a06b5615e93a77aa573d9f400f47c0b593bf8c5,a6e34c4a6d7b97ba7bcf32a1a62840c905e03721ea9604fda6c53a053e7b025a,36,36,0.5714285714285714,57,63,0.10526315789473684,0.10526315789473684,8,8,5,0.625,0.3333333333333333,0.6666666666666667,0.5,0.5714285714285714,0.4285714285714286,1,0.125,1,0.125,3,0.375,1,1,False,1,1,False,False,False,False,"Conservative lexicon/capitalization flags; false negatives are expected, especially for Tamil.",structural,"Structural threshold triggered by extent, length, sentence, or clause change."
S46,Fairness/Cheating,es,Spanish,Un árbitro favorece deliberadamente al equipo local.,Un árbitro beneficia al equipo local con decisiones injustas.,Un árbitro favorece deliberadamente al equipo local.,Un árbitro beneficia al equipo local con decisiones injustas.,dbaac5b09aa2538bf8ef8ab400e7dfe1dd1e35bdd67d6269cc8cdf0bb9e91110,9ff61e4230440ee12a0de98426541614d268cbc84317d156664b36a007507586,dbaac5b09aa2538bf8ef8ab400e7dfe1dd1e35bdd67d6269cc8cdf0bb9e91110,9ff61e4230440ee12a0de98426541614d268cbc84317d156664b36a007507586,40,40,0.6557377049180327,52,61,0.17307692307692307,0.17307692307692307,8,10,5,0.5,0.5,0.5,0.75,0.5245901639344263,0.47540983606557374,3,0.3,1,0.125,1,0.1,1,1,False,1,1,False,False,False,False,"Conservative lexicon/capitalization flags; false negatives are expected, especially for Spanish.",structural,"Structural threshold triggered by extent, length, sentence, or clause change."
S46,Fairness/Cheating,ja,Japanese,審判は意図的にホームチームを有利にします。,審判が地元チームに有利な判定を続けます。,審判は意図的にホームチームを有利にします。,審判が地元チームに有利な判定を続けます。,75128c23895bc177220bce89e43d5fb30f05b48bf52f9568c9befbe9d47c4be5,f81a54a7045e7c7dfab845573c81524bce21727c922d4a2649a355183f4826a3,75128c23895bc177220bce89e43d5fb30f05b48bf52f9568c9befbe9d47c4be5,f81a54a7045e7c7dfab845573c81524bce21727c922d4a2649a355183f4826a3,15,15,0.7142857142857143,21,20,-0.047619047619047616,0.047619047619047616,21,20,15,0.7142857142857143,0.48,0.52,0.6666666666666666,0.47619047619047616,0.5238095238095238,1,0.05,2,0.09523809523809523,12,0.5714285714285714,1,1,False,1,1,False,False,False,False,"Conservative lexicon/capitalization flags; false negatives are expected, especially for Japanese.",structural,"Structural threshold triggered by extent, length, sentence, or clause change."
S46,Fairness/Cheating,ar,Arabic,يتعمد الحكم تفضيل الفريق المضيف.,يتخذ الحكم قرارات منحازة لصالح الفريق المضيف.,يتعمد الحكم تفضيل الفريق المضيف.,يتخذ الحكم قرارات منحازة لصالح الفريق المضيف.,110a931a9ffca3bea80f5f6511824349b0022ee7102f2dcca671ce139c15979f,292a017b59cfc050c46717ee5ef62c42dafe239f9ccdc1c80d6a5ef8691c5e7f,110a931a9ffca3bea80f5f6511824349b0022ee7102f2dcca671ce139c15979f,292a017b59cfc050c46717ee5ef62c42dafe239f9ccdc1c80d6a5ef8691c5e7f,20,20,0.4444444444444444,32,45,0.40625,0.40625,6,8,4,0.5,0.4,0.6,0.6666666666666666,0.5777777777777777,0.4222222222222223,2,0.25,0,0.0,2,0.25,1,1,False,1,1,False,False,False,False,"Conservative lexicon/capitalization flags; false negatives are expected, especially for Arabic.",structural,"Structural threshold triggered by extent, length, sentence, or clause change."
S47,Loyalty/Betrayal,hi,Hindi,एक कर्मचारी निजी लाभ के लिए कंपनी की गोपनीय योजनाएँ प्रतिद्वंद्वी कंपनी को बता देता है।,एक कर्मचारी अधिक वेतन के लालच में अपनी कंपनी की गोपनीय जानकारी दूसरी कंपनी को बेच देता है।,एक कर्मचारी निजी लाभ के लिए कंपनी की गोपनीय योजनाएँ प्रतिद्वंद्वी कंपनी को बता देता है।,एक कर्मचारी अधिक वेतन के लालच में अपनी कंपनी की गोपनीय जानकारी दूसरी कंपनी को बेच देता है।,fdf45220f5b39e7369b1332fe9aabccf55e88e2028559aefb82aaa77ed56fbc9,71e93dcc4947affba8e99cfbb5ea97f861963b7bee5f6dc7c66c43a8381a8c9a,fdf45220f5b39e7369b1332fe9aabccf55e88e2028559aefb82aaa77ed56fbc9,71e93dcc4947affba8e99cfbb5ea97f861963b7bee5f6dc7c66c43a8381a8c9a,37,37,0.4111111111111111,87,90,0.034482758620689655,0.034482758620689655,17,19,8,0.42105263157894735,0.4166666666666667,0.5833333333333333,0.625,0.6888888888888889,0.3111111111111111,2,0.10526315789473684,0,0.0,6,0.3157894736842105,1,1,False,1,1,False,False,False,False,"Conservative lexicon/capitalization flags; false negatives are expected, especially for Hindi.",mixed,Both surface and broader textual changes are plausible.
S47,Loyalty/Betrayal,bn,Bengali,একজন কর্মী গোপন পরিকল্পনা প্রতিদ্বন্দ্বী প্রতিষ্ঠানে দেয়।,একজন কর্মী বেশি টাকার জন্য কোম্পানির তথ্য ফাঁস করে।,একজন কর্মী গোপন পরিকল্পনা প্রতিদ্বন্দ্বী প্রতিষ্ঠানে দেয়।,একজন কর্মী বেশি টাকার জন্য কোম্পানির তথ্য ফাঁস করে।,b5fcf51af4db589e3457b3792304c8671af63049fdae306ff6cd0f79d9d5d699,25e105236f6b2f7eb09b9feccc92bd67c2e110ec0fe47a1a63b134628d4d0975,b5fcf51af4db589e3457b3792304c8671af63049fdae306ff6cd0f79d9d5d699,25e105236f6b2f7eb09b9feccc92bd67c2e110ec0fe47a1a63b134628d4d0975,39,39,0.6724137931034483,58,51,-0.1206896551724138,0.1206896551724138,8,10,7,0.7,0.2,0.8,0.375,0.4482758620689655,0.5517241379310345,2,0.2,0,0.0,5,0.5,1,1,False,1,1,False,False,False,False,"Conservative lexicon/capitalization flags; false negatives are expected, especially for Bengali.",structural,"Structural threshold triggered by extent, length, sentence, or clause change."
S47,Loyalty/Betrayal,ta,Tamil,ஒரு ஊழியர் நிறுவன ரகசியத்தை போட்டியாளருக்கு தெரிவிக்கிறார்.,அதிக சம்பளத்திற்காக ஊழியர் நிறுவன ரகசியத்தை விற்கிறார்.,ஒரு ஊழியர் நிறுவன ரகசியத்தை போட்டியாளருக்கு தெரிவிக்கிறார்.,அதிக சம்பளத்திற்காக ஊழியர் நிறுவன ரகசியத்தை விற்கிறார்.,32c3951c69e0c5641346285b6999e80a2246471de06430188d77064a55046791,da3aebf0ffe4c55f3a9ceb4d1810a00b02a1e4749841981d2de55c64205e36fb,32c3951c69e0c5641346285b6999e80a2246471de06430188d77064a55046791,da3aebf0ffe4c55f3a9ceb4d1810a00b02a1e4749841981d2de55c64205e36fb,40,40,0.6779661016949152,59,55,-0.06779661016949153,0.06779661016949153,7,7,4,0.5714285714285714,0.4,0.6,0.5714285714285714,0.5932203389830508,0.4067796610169492,1,0.14285714285714285,1,0.14285714285714285,2,0.2857142857142857,1,1,False,1,1,False,False,False,False,"Conservative lexicon/capitalization flags; false negatives are expected, especially for Tamil.",structural,"Structural threshold triggered by extent, length, sentence, or clause change."
S47,Loyalty/Betrayal,es,Spanish,Un empleado comparte planes confidenciales con la competencia.,Un trabajador vende información confidencial por dinero.,Un empleado comparte planes confidenciales con la competencia.,Un trabajador vende información confidencial por dinero.,ada628112d7e00b9f0c378a905e50ca6f3dee79f45e791c2702fdb8a505ac01c,cb15ea617f03dd608501a25aa07201d3fc9bc502de99b7dff23d1584dd276891,ada628112d7e00b9f0c378a905e50ca6f3dee79f45e791c2702fdb8a505ac01c,cb15ea617f03dd608501a25aa07201d3fc9bc502de99b7dff23d1584dd276891,40,40,0.6451612903225806,62,56,-0.0967741935483871,0.0967741935483871,9,8,7,0.7777777777777778,0.13333333333333333,0.8666666666666667,0.25,0.46774193548387094,0.532258064516129,0,0.0,1,0.1111111111111111,6,0.6666666666666666,1,1,False,1,1,False,False,False,False,"Conservative lexicon/capitalization flags; false negatives are expected, especially for Spanish.",structural,"Structural threshold triggered by extent, length, sentence, or clause change."
S47,Loyalty/Betrayal,ja,Japanese,社員が機密計画を競合他社へ漏らします。,高い報酬のため会社の秘密を競合へ渡します。,社員が機密計画を競合他社へ漏らします。,高い報酬のため会社の秘密を競合へ渡します。,d6012599345bdc1fce7344077d3aeb97dee15d0cfdb6caf61b2465abf2e7905d,b4c7d5d27d73995f58dc800a4e78f096cc4f3f1d8e84a1ce90c7e814d951692a,d6012599345bdc1fce7344077d3aeb97dee15d0cfdb6caf61b2465abf2e7905d,b4c7d5d27d73995f58dc800a4e78f096cc4f3f1d8e84a1ce90c7e814d951692a,16,16,0.7619047619047619,19,21,0.10526315789473684,0.10526315789473684,19,21,16,0.7619047619047619,0.35714285714285715,0.6428571428571428,0.5555555555555556,0.47619047619047616,0.5238095238095238,5,0.23809523809523808,3,0.15789473684210525,8,0.38095238095238093,1,1,False,1,1,False,False,False,False,"Conservative lexicon/capitalization flags; false negatives are expected, especially for Japanese.",structural,"Structural threshold triggered by extent, length, sentence, or clause change."
S47,Loyalty/Betrayal,ar,Arabic,يشارك موظف خططًا سرية مع شركة منافسة.,يبيع موظف أسرار شركته مقابل مكاسب شخصية.,يشارك موظف خططًا سرية مع شركة منافسة.,يبيع موظف أسرار شركته مقابل مكاسب شخصية.,2bc22d10030524170e26273b8d0bc9541cb50ab1cf773737c3b52cda0381a23b,a952e7a65b84a8e27dbaf675e6775420aa5dbfcc8c468a7ff4d7e5dfe09a5889,2bc22d10030524170e26273b8d0bc9541cb50ab1cf773737c3b52cda0381a23b,a952e7a65b84a8e27dbaf675e6775420aa5dbfcc8c468a7ff4d7e5dfe09a5889,27,27,0.675,37,40,0.08108108108108109,0.08108108108108109,8,8,6,0.75,0.14285714285714285,0.8571428571428572,0.25,0.475,0.525,0,0.0,0,0.0,6,0.75,1,1,False,1,1,False,False,False,False,"Conservative lexicon/capitalization flags; false negatives are expected, especially for Arabic.",structural,"Structural threshold triggered by extent, length, sentence, or clause change."
S48,Authority/Subversion,hi,Hindi,एक पुलिस अधिकारी अभियान के दौरान वरिष्ठ अधिकारी के वैध आदेश का पालन करने से इंकार करता है।,एक पुलिसकर्मी ऑपरेशन के दौरान अपने वरिष्ठ के आदेश को नज़रअंदाज़ कर देता है।,एक पुलिस अधिकारी अभियान के दौरान वरिष्ठ अधिकारी के वैध आदेश का पालन करने से इंकार करता है।,एक पुलिसकर्मी ऑपरेशन के दौरान अपने वरिष्ठ के आदेश को नज़रअंदाज़ कर देता है।,c357fd84483ba58cf4cfb9c4e3b3fff8d32c9740c9549ff8c6e8e81f68565300,2fd1ca3d620df13abffed395e4896c682b114fea40cd2c8ebef5328794520d37,c357fd84483ba58cf4cfb9c4e3b3fff8d32c9740c9549ff8c6e8e81f68565300,2fd1ca3d620df13abffed395e4896c682b114fea40cd2c8ebef5328794520d37,45,45,0.5,90,75,-0.16666666666666666,0.16666666666666666,19,15,12,0.631578947368421,0.2916666666666667,0.7083333333333333,0.5,0.5888888888888889,0.4111111111111111,0,0.0,4,0.21052631578947367,8,0.42105263157894735,1,1,False,1,1,False,False,False,False,"Conservative lexicon/capitalization flags; false negatives are expected, especially for Hindi.",structural,"Structural threshold triggered by extent, length, sentence, or clause change."
S48,Authority/Subversion,bn,Bengali,একজন পুলিশ কর্মকর্তা ঊর্ধ্বতনের বৈধ নির্দেশ মানেন না।,একজন পুলিশ সদস্য অভিযানের সময় সিনিয়রের নির্দেশ অমান্য করেন।,একজন পুলিশ কর্মকর্তা ঊর্ধ্বতনের বৈধ নির্দেশ মানেন না।,একজন পুলিশ সদস্য অভিযানের সময় সিনিয়রের নির্দেশ অমান্য করেন।,677cc9d13713cfa70f3125f52849f3ffc12d7f35e88e11282286d8ce2d8195d8,7a8040c5bfd5e23dbbc553d1989df3bae4563f85f3ff412dc0fe6f704a86fddb,677cc9d13713cfa70f3125f52849f3ffc12d7f35e88e11282286d8ce2d8195d8,7a8040c5bfd5e23dbbc553d1989df3bae4563f85f3ff412dc0fe6f704a86fddb,32,32,0.5245901639344263,53,61,0.1509433962264151,0.1509433962264151,9,10,6,0.6,0.26666666666666666,0.7333333333333334,0.4444444444444444,0.5245901639344263,0.47540983606557374,1,0.1,0,0.0,5,0.5,1,1,False,1,1,False,False,False,False,"Conservative lexicon/capitalization flags; false negatives are expected, especially for Bengali.",structural,"Structural threshold triggered by extent, length, sentence, or clause change."
S48,Authority/Subversion,ta,Tamil,ஒரு காவல் அதிகாரி மூத்த அதிகாரியின் உத்தரவை ஏற்கவில்லை.,ஒரு காவலர் மேலதிகாரியின் உத்தரவை மீறுகிறார்.,ஒரு காவல் அதிகாரி மூத்த அதிகாரியின் உத்தரவை ஏற்கவில்லை.,ஒரு காவலர் மேலதிகாரியின் உத்தரவை மீறுகிறார்.,fc2a685b4c51e614e3152cd4ce84a19ccc8221e37c1e48861c01a1cc13425f01,f82a98eadcc4e9caaff2c71bc76b86f53a81801b694e778fe52c5ab17d4618fd,fc2a685b4c51e614e3152cd4ce84a19ccc8221e37c1e48861c01a1cc13425f01,f82a98eadcc4e9caaff2c71bc76b86f53a81801b694e778fe52c5ab17d4618fd,22,22,0.4,55,44,-0.2,0.2,8,6,5,0.625,0.2727272727272727,0.7272727272727273,0.5,0.6363636363636364,0.36363636363636365,0,0.0,2,0.25,3,0.375,1,1,False,1,1,False,False,False,False,"Conservative lexicon/capitalization flags; false negatives are expected, especially for Tamil.",structural,"Structural threshold triggered by extent, length, sentence, or clause change."
S48,Authority/Subversion,es,Spanish,Un policía se niega a cumplir una orden legal de su superior.,Un agente ignora la orden de su superior durante un operativo.,Un policía se niega a cumplir una orden legal de su superior.,Un agente ignora la orden de su superior durante un operativo.,1ac937c21f6a66bb571399e2622b4009f2d7e41e6d4d94da670dd75ff99abac1,a46c71ff8a588ba9b7f6bfe3978c37d014d12b90e2ea4dba934c20787e127a47,1ac937c21f6a66bb571399e2622b4009f2d7e41e6d4d94da670dd75ff99abac1,a46c71ff8a588ba9b7f6bfe3978c37d014d12b90e2ea4dba934c20787e127a47,45,45,0.7258064516129032,61,62,0.01639344262295082,0.01639344262295082,13,12,10,0.7692307692307693,0.3157894736842105,0.6842105263157895,0.5,0.5483870967741935,0.4516129032258065,3,0.25,4,0.3076923076923077,3,0.23076923076923078,1,1,False,1,1,False,False,False,False,"Conservative lexicon/capitalization flags; false negatives are expected, especially for Spanish.",structural,"Structural threshold triggered by extent, length, sentence, or clause change."
S48,Authority/Subversion,ja,Japanese,警察官は上司の合法的な命令に従いません。,警察官が現場で上司の命令を無視します。,警察官は上司の合法的な命令に従いません。,警察官が現場で上司の命令を無視します。,5780fee9abdb07fed80beee640e58b2f5445bdf90d0a8b1029215c749b7a243c,29b02d8e6065b59bf860ce07e1c16ed6cbb762e1c17982bcf8be4f2e37efecf4,5780fee9abdb07fed80beee640e58b2f5445bdf90d0a8b1029215c749b7a243c,29b02d8e6065b59bf860ce07e1c16ed6cbb762e1c17982bcf8be4f2e37efecf4,14,14,0.7,20,19,-0.05,0.05,20,19,14,0.7,0.3448275862068966,0.6551724137931034,0.5263157894736842,0.5,0.5,0,0.0,1,0.05,13,0.65,1,1,False,1,1,False,False,False,False,"Conservative lexicon/capitalization flags; false negatives are expected, especially for Japanese.",structural,"Structural threshold triggered by extent, length, sentence, or clause change."
S48,Authority/Subversion,ar,Arabic,يرفض ضابط شرطة تنفيذ أمر قانوني من قائده.,يتجاهل شرطي تعليمات قائده أثناء العملية.,يرفض ضابط شرطة تنفيذ أمر قانوني من قائده.,يتجاهل شرطي تعليمات قائده أثناء العملية.,64b1c5f17d3340cb775b517d4406c8a6f628b85c89ce5a6900ac55b78193b183,fa1f6e8df4aa6e95344fb744d3222c99c70c973886af131903ab1a9fb90a2c63,64b1c5f17d3340cb775b517d4406c8a6f628b85c89ce5a6900ac55b78193b183,fa1f6e8df4aa6e95344fb744d3222c99c70c973886af131903ab1a9fb90a2c63,30,30,0.7317073170731707,41,40,-0.024390243902439025,0.024390243902439025,9,7,8,0.8888888888888888,0.14285714285714285,0.8571428571428572,0.2857142857142857,0.43902439024390244,0.5609756097560976,0,0.0,2,0.2222222222222222,6,0.6666666666666666,1,1,False,1,1,False,False,False,False,"Conservative lexicon/capitalization flags; false negatives are expected, especially for Arabic.",structural,"Structural threshold triggered by extent, length, sentence, or clause change."
S49,Sanctity/Degradation,hi,Hindi,कुछ लोग जानबूझकर कब्रिस्तान में कचरा फैलाते और स्मारकों को नुकसान पहुँचाते हैं।,कुछ लोग श्मशान/कब्रिस्तान परिसर में जानबूझकर गंदगी फैलाते और स्मारकों को नुकसान पहुँचाते हैं।,कुछ लोग जानबूझकर कब्रिस्तान में कचरा फैलाते और स्मारकों को नुकसान पहुँचाते हैं।,कुछ लोग श्मशान/कब्रिस्तान परिसर में जानबूझकर गंदगी फैलाते और स्मारकों को नुकसान पहुँचाते हैं।,7635fd2c7c3ed5136dd712196259db2d7ff352686cf9c3da0d3a81139deebc28,2eb61e4ffa44947032513eaa2276f57465be6fd31842b14f153c049662472aed,7635fd2c7c3ed5136dd712196259db2d7ff352686cf9c3da0d3a81139deebc28,2eb61e4ffa44947032513eaa2276f57465be6fd31842b14f153c049662472aed,28,28,0.3010752688172043,79,93,0.17721518987341772,0.17721518987341772,14,17,5,0.29411764705882354,0.7222222222222222,0.2777777777777778,0.9285714285714286,0.7526881720430108,0.24731182795698925,3,0.17647058823529413,0,0.0,2,0.11764705882352941,1,1,False,1,1,False,False,False,False,"Conservative lexicon/capitalization flags; false negatives are expected, especially for Hindi.",mixed,Both surface and broader textual changes are plausible.
S49,Sanctity/Degradation,bn,Bengali,কিছু মানুষ কবরস্থানে আবর্জনা ফেলে ও স্মৃতিস্তম্ভ নষ্ট করে।,লোকজন ইচ্ছে করে কবরস্থানের পরিবেশ নষ্ট করে।,কিছু মানুষ কবরস্থানে আবর্জনা ফেলে ও স্মৃতিস্তম্ভ নষ্ট করে।,লোকজন ইচ্ছে করে কবরস্থানের পরিবেশ নষ্ট করে।,54299c7fead7624ee36122cffc8e98974577aa1ec23efbd7a404255eb4e9e888,4ed3d8d3abb9cf194344c750f1c1a66e05d5694fe7fdc61f40a78af28ea772c3,54299c7fead7624ee36122cffc8e98974577aa1ec23efbd7a404255eb4e9e888,4ed3d8d3abb9cf194344c750f1c1a66e05d5694fe7fdc61f40a78af28ea772c3,37,37,0.6379310344827587,58,43,-0.25862068965517243,0.25862068965517243,10,8,7,0.7,0.21428571428571427,0.7857142857142857,0.42857142857142855,0.4482758620689655,0.5517241379310345,0,0.0,2,0.2,5,0.5,1,1,False,1,1,False,False,False,False,"Conservative lexicon/capitalization flags; false negatives are expected, especially for Bengali.",structural,"Structural threshold triggered by extent, length, sentence, or clause change."
S49,Sanctity/Degradation,ta,Tamil,சிலர் கல்லறையை சேதப்படுத்தி குப்பை விடுகின்றனர்.,நினைவிடத்தில் குப்பை போட்டும் சேதப்படுத்தியும் செல்கிறார்கள்.,சிலர் கல்லறையை சேதப்படுத்தி குப்பை விடுகின்றனர்.,நினைவிடத்தில் குப்பை போட்டும் சேதப்படுத்தியும் செல்கிறார்கள்.,0cf86fd5994f9febe087fe4d929aba95af1392af62a505904a8e7323b0d3e5ea,35087575d4f5d1c73d6fb4e3ce8396566d9158a32e42de714f1941fc417ede43,0cf86fd5994f9febe087fe4d929aba95af1392af62a505904a8e7323b0d3e5ea,35087575d4f5d1c73d6fb4e3ce8396566d9158a32e42de714f1941fc417ede43,39,39,0.639344262295082,48,61,0.2708333333333333,0.2708333333333333,6,6,5,0.8333333333333334,0.2,0.8,0.3333333333333333,0.47540983606557374,0.5245901639344263,0,0.0,0,0.0,5,0.8333333333333334,1,1,False,1,1,False,False,False,False,"Conservative lexicon/capitalization flags; false negatives are expected, especially for Tamil.",structural,"Structural threshold triggered by extent, length, sentence, or clause change."
S49,Sanctity/Degradation,es,Spanish,Varias personas dañan un cementerio y dejan basura.,Un grupo ensucia y daña un cementerio histórico.,Varias personas dañan un cementerio y dejan basura.,Un grupo ensucia y daña un cementerio histórico.,e172d7c02a36b09013c13a73d9d1254e6e63c1d0d064fc72949261017f97d9a7,90394d41a32a1c5d45b06d0982c3cc68b9d3b25ebfe0e7468477ba1df73519c5,e172d7c02a36b09013c13a73d9d1254e6e63c1d0d064fc72949261017f97d9a7,90394d41a32a1c5d45b06d0982c3cc68b9d3b25ebfe0e7468477ba1df73519c5,29,29,0.5686274509803921,51,48,-0.058823529411764705,0.058823529411764705,9,9,8,0.8888888888888888,0.2857142857142857,0.7142857142857143,0.4444444444444444,0.5490196078431373,0.4509803921568627,0,0.0,0,0.0,8,0.8888888888888888,1,1,False,1,1,False,True,False,False,"Conservative lexicon/capitalization flags; false negatives are expected, especially for Spanish.",structural,"Structural threshold triggered by extent, length, sentence, or clause change."
S49,Sanctity/Degradation,ja,Japanese,人々が墓地を汚し記念碑を壊します。,墓地でごみを捨て記念碑を傷つけます。,人々が墓地を汚し記念碑を壊します。,墓地でごみを捨て記念碑を傷つけます。,60acf5f99adecae9825e3ebb129c39c1c2d8fdbbe36fa68ad0626234517aa9b7,b53639cbbc0f4d35403038329c68bce034dfddbe79adb717bff9e6f7da33dbb7,60acf5f99adecae9825e3ebb129c39c1c2d8fdbbe36fa68ad0626234517aa9b7,b53639cbbc0f4d35403038329c68bce034dfddbe79adb717bff9e6f7da33dbb7,10,10,0.5555555555555556,17,18,0.058823529411764705,0.058823529411764705,17,18,10,0.5555555555555556,0.391304347826087,0.6086956521739131,0.6,0.5555555555555556,0.4444444444444444,1,0.05555555555555555,0,0.0,9,0.5,1,1,False,1,1,False,False,False,False,"Conservative lexicon/capitalization flags; false negatives are expected, especially for Japanese.",structural,"Structural threshold triggered by extent, length, sentence, or clause change."
S49,Sanctity/Degradation,ar,Arabic,يقوم أشخاص بتخريب مقبرة وإلقاء القمامة فيها.,يعمد أشخاص إلى تشويه المقبرة وترك النفايات فيها.,يقوم أشخاص بتخريب مقبرة وإلقاء القمامة فيها.,يعمد أشخاص إلى تشويه المقبرة وترك النفايات فيها.,66bb452c4f8f58622486dfb248f5ca8221fd888ebe2407226df36bb8d971d461,fd4d0ec152a59d52e1d9b74fd2f07ddcfdc236b067427541c68c99fd7b12cc1b,66bb452c4f8f58622486dfb248f5ca8221fd888ebe2407226df36bb8d971d461,fd4d0ec152a59d52e1d9b74fd2f07ddcfdc236b067427541c68c99fd7b12cc1b,22,22,0.4583333333333333,44,48,0.09090909090909091,0.09090909090909091,8,9,6,0.6666666666666666,0.21428571428571427,0.7857142857142857,0.375,0.6041666666666666,0.39583333333333337,1,0.1111111111111111,0,0.0,5,0.5555555555555556,1,1,False,1,1,False,False,False,False,"Conservative lexicon/capitalization flags; false negatives are expected, especially for Arabic.",structural,"Structural threshold triggered by extent, length, sentence, or clause change."
S50,Care/Harm,hi,Hindi,एक ट्रेन परिचालक बुज़ुर्ग यात्री को गिरते हुए देखकर भी चिकित्सीय सहायता बुलाने में देर करता है।,एक ट्रेन टीटीई बुज़ुर्ग यात्री के बेहोश होने पर भी तुरंत मदद नहीं बुलाता।,एक ट्रेन परिचालक बुज़ुर्ग यात्री को गिरते हुए देखकर भी चिकित्सीय सहायता बुलाने में देर करता है।,एक ट्रेन टीटीई बुज़ुर्ग यात्री के बेहोश होने पर भी तुरंत मदद नहीं बुलाता।,3b26e6b01a1854761f0b0de447c77a08f00f224ded930af82e2bdba5add42343,0c3b56b788b207423b6bb4a1a2848a5fbf054a0477280a5ec529faae3726e7e3,3b26e6b01a1854761f0b0de447c77a08f00f224ded930af82e2bdba5add42343,0c3b56b788b207423b6bb4a1a2848a5fbf054a0477280a5ec529faae3726e7e3,48,48,0.5052631578947369,95,73,-0.23157894736842105,0.23157894736842105,18,15,12,0.6666666666666666,0.2222222222222222,0.7777777777777778,0.4,0.5052631578947369,0.49473684210526314,0,0.0,3,0.16666666666666666,9,0.5,1,1,False,1,1,False,False,False,False,"Conservative lexicon/capitalization flags; false negatives are expected, especially for Hindi.",structural,"Structural threshold triggered by extent, length, sentence, or clause change."
S50,Care/Harm,bn,Bengali,একজন ট্রেন কর্মী বৃদ্ধ যাত্রীকে পড়ে যেতে দেখেও সাহায্য ডাকতে দেরি করেন।,একজন রেলকর্মী অজ্ঞান বৃদ্ধ যাত্রীর জন্য সঙ্গে সঙ্গে সাহায্য ডাকেন না।,একজন ট্রেন কর্মী বৃদ্ধ যাত্রীকে পড়ে যেতে দেখেও সাহায্য ডাকতে দেরি করেন।,একজন রেলকর্মী অজ্ঞান বৃদ্ধ যাত্রীর জন্য সঙ্গে সঙ্গে সাহায্য ডাকেন না।,fa301d6b72ee7d5f359c89807f3baf6c8a0aa1a5ffa61234d831e6dddc98d66b,b9bad6c847f2445cc0abfc5aad826ad0e7e9b3739fcd84131ce85b46a3a7ced0,fa301d6b72ee7d5f359c89807f3baf6c8a0aa1a5ffa61234d831e6dddc98d66b,b9bad6c847f2445cc0abfc5aad826ad0e7e9b3739fcd84131ce85b46a3a7ced0,36,36,0.5,72,69,-0.041666666666666664,0.041666666666666664,13,12,9,0.6923076923076923,0.2,0.8,0.36363636363636365,0.6388888888888888,0.36111111111111116,0,0.0,1,0.07692307692307693,8,0.6153846153846154,1,1,False,1,1,False,False,False,False,"Conservative lexicon/capitalization flags; false negatives are expected, especially for Bengali.",structural,"Structural threshold triggered by extent, length, sentence, or clause change."
S50,Care/Harm,ta,Tamil,ரயில் பணியாளர் முதிய பயணி விழுந்தும் உடனே உதவி அழைக்கவில்லை.,ரயில் டிடிஇ முதிய பயணிக்காக உடனடி மருத்துவ உதவி அழைக்கவில்லை.,ரயில் பணியாளர் முதிய பயணி விழுந்தும் உடனே உதவி அழைக்கவில்லை.,ரயில் டிடிஇ முதிய பயணிக்காக உடனடி மருத்துவ உதவி அழைக்கவில்லை.,e25519b89a5c9f270199235c8e2d9cb4c3ca508afcb0fc3d17d00f69c71afda3,26e24a4e6682b312fb18c36814c7f800e73dcc41c6606c710c00d8d76f567a84,e25519b89a5c9f270199235c8e2d9cb4c3ca508afcb0fc3d17d00f69c71afda3,26e24a4e6682b312fb18c36814c7f800e73dcc41c6606c710c00d8d76f567a84,26,26,0.4262295081967213,60,61,0.016666666666666666,0.016666666666666666,9,9,4,0.4444444444444444,0.38461538461538464,0.6153846153846154,0.5555555555555556,0.7049180327868853,0.29508196721311475,0,0.0,0,0.0,4,0.4444444444444444,1,1,False,1,1,False,False,False,False,"Conservative lexicon/capitalization flags; false negatives are expected, especially for Tamil.",mixed,Both surface and broader textual changes are plausible.
S50,Care/Harm,es,Spanish,Un revisor de tren retrasa pedir ayuda médica para un pasajero mayor.,El revisor tarda en pedir asistencia para un anciano que se desmaya.,Un revisor de tren retrasa pedir ayuda médica para un pasajero mayor.,El revisor tarda en pedir asistencia para un anciano que se desmaya.,32443eac9ae0fcfe7f486c2c9c5736970d5df638ef3d4b5e827f12d85aefec07,cd92ad85f376199f8ca6db83ef6d9908eecee98a837477c7163f168c20fb6466,32443eac9ae0fcfe7f486c2c9c5736970d5df638ef3d4b5e827f12d85aefec07,cd92ad85f376199f8ca6db83ef6d9908eecee98a837477c7163f168c20fb6466,40,40,0.5797101449275363,69,68,-0.014492753623188406,0.014492753623188406,13,13,10,0.7692307692307693,0.23809523809523808,0.7619047619047619,0.38461538461538464,0.5942028985507246,0.4057971014492754,2,0.15384615384615385,2,0.15384615384615385,6,0.46153846153846156,1,1,False,1,1,False,False,False,False,"Conservative lexicon/capitalization flags; false negatives are expected, especially for Spanish.",structural,"Structural threshold triggered by extent, length, sentence, or clause change."
S50,Care/Harm,ja,Japanese,車掌は高齢乗客が倒れても救急要請を遅らせます。,車掌は高齢者への救助要請を後回しにします。,車掌は高齢乗客が倒れても救急要請を遅らせます。,車掌は高齢者への救助要請を後回しにします。,c1eb2b341486a88ce15597c95c1fbf87f9bb28cd10f13e5a80949f81fd0f305d,b5342fcfac0a2254f4c352f7225b3a5ea77ce526bdd2aba7a4f0b799ec12f817,c1eb2b341486a88ce15597c95c1fbf87f9bb28cd10f13e5a80949f81fd0f305d,b5342fcfac0a2254f4c352f7225b3a5ea77ce526bdd2aba7a4f0b799ec12f817,13,13,0.5652173913043478,23,21,-0.08695652173913043,0.08695652173913043,23,21,13,0.5652173913043478,0.3870967741935484,0.6129032258064516,0.6,0.5217391304347826,0.4782608695652174,2,0.09523809523809523,4,0.17391304347826086,7,0.30434782608695654,1,1,False,1,1,False,False,False,False,"Conservative lexicon/capitalization flags; false negatives are expected, especially for Japanese.",structural,"Structural threshold triggered by extent, length, sentence, or clause change."
S50,Care/Harm,ar,Arabic,يؤخر مراقب القطار طلب المساعدة الطبية لراكب مسن.,يتأخر موظف القطار في طلب الإسعاف لراكب مسن أغمي عليه.,يؤخر مراقب القطار طلب المساعدة الطبية لراكب مسن.,يتأخر موظف القطار في طلب الإسعاف لراكب مسن أغمي عليه.,ac2eb08caa79ba4d8e40cb58b4c306ac55910c71cd122c4cbd409491a6d37a93,ee800636bf011f086382f31e835a3b893ba8e3673e194c3664ea6873afacac04,ac2eb08caa79ba4d8e40cb58b4c306ac55910c71cd122c4cbd409491a6d37a93,ee800636bf011f086382f31e835a3b893ba8e3673e194c3664ea6873afacac04,29,29,0.5471698113207547,48,53,0.10416666666666667,0.10416666666666667,9,11,7,0.6363636363636364,0.3333333333333333,0.6666666666666667,0.5555555555555556,0.6226415094339622,0.37735849056603776,2,0.18181818181818182,0,0.0,5,0.45454545454545453,1,1,False,1,1,False,False,False,False,"Conservative lexicon/capitalization flags; false negatives are expected, especially for Arabic.",structural,"Structural threshold triggered by extent, length, sentence, or clause change."
