analysis_version,effect_type,language,model_key,mft_foundation,mean_diff,median_diff,sd_diff,se_diff,t_statistic,ci_lower,ci_upper,p_value_ttest,cohens_d,n,positive_n,negative_n,zero_n,nonzero_n,tied_absolute_rank_groups,w_plus,w_minus,w_statistic,p_value_wilcoxon,wilcoxon_method,wilcoxon_exact,wilcoxon_iterations,wilcoxon_seed,q_t_primary_105,q_w_primary_105,q_t_effect_35,q_w_effect_35,primary_correction_family,supplementary_correction_family,t_primary_q_lt_05,t_primary_q_lt_10,t_primary_suggestive_05_to_10,wilcoxon_primary_q_lt_05,wilcoxon_primary_q_lt_10,wilcoxon_primary_suggestive_05_to_10,wilcoxon_effect_q_lt_05,wilcoxon_effect_q_lt_10,wilcoxon_effect_suggestive_05_to_10
v1_original_intended,language,hi,pooled_primary_models,Care/Harm,-0.12121212121212122,0,0.5452966943311548,0.09492397034955809,-1.2769390151481954,-0.3145659215107343,0.07214167908649188,0.21081224485134786,-0.2222865505553752,33,3,7,23,10,1,16.5,38.5,16.5,0.34375,exact_two_sided_sign_permutation_enumerated_by_dynamic_programming,true,,,0.39736937667240885,0.5949746408770161,0.4120867609936092,0.5855305989583334,105 tests within analysis version (3 effects x 7 language levels x 5 foundations),35 tests within analysis version and effect type (7 language levels x 5 foundations),false,false,false,false,false,false,false,false,false
v1_original_intended,language,bn,pooled_primary_models,Care/Harm,-0.42424242424242425,0,1.4148830126176297,0.24629951828801303,-1.7224655053784221,-0.9259381255213877,0.07745327703653909,0.09463864501425778,-0.29984275764082213,33,6,11,16,17,2,46,107,46,0.1472930908203125,exact_two_sided_sign_permutation_enumerated_by_dynamic_programming,true,,,0.24597406779403524,0.37721401307641006,0.2547963519614633,0.39655832143930286,105 tests within analysis version (3 effects x 7 language levels x 5 foundations),35 tests within analysis version and effect type (7 language levels x 5 foundations),false,false,false,false,false,false,false,false,false
v1_original_intended,language,ta,pooled_primary_models,Care/Harm,-0.5757575757575758,0,1.541717853368099,0.26837863005936896,-2.1453182603630196,-1.122426955997592,-0.0290881955175597,0.03961774250566452,-0.37345197404294994,33,4,12,17,16,3,32,104,32,0.06158447265625,exact_two_sided_sign_permutation_enumerated_by_dynamic_programming,true,,,0.12999571759671172,0.2020740509033203,0.11555174897485486,0.1959505948153409,105 tests within analysis version (3 effects x 7 language levels x 5 foundations),35 tests within analysis version and effect type (7 language levels x 5 foundations),false,false,false,false,false,false,false,false,false
v1_original_intended,language,es,pooled_primary_models,Care/Harm,-0.24242424242424243,0,1.392621247645583,0.2424242424242425,-0.9999999999999998,-0.7362262650811863,0.2513777802327014,0.32481271365109743,-0.1740776559556978,33,5,6,22,11,2,25.5,40.5,25.5,0.544921875,exact_two_sided_sign_permutation_enumerated_by_dynamic_programming,true,,,0.4748070658569513,0.7542017886513158,0.4558147832226733,0.762890625,105 tests within analysis version (3 effects x 7 language levels x 5 foundations),35 tests within analysis version and effect type (7 language levels x 5 foundations),false,false,false,false,false,false,false,false,false
v1_original_intended,language,ja,pooled_primary_models,Care/Harm,-0.2727272727272727,0,1.4635728388247216,0.2547753291030339,-1.0704618602100946,-0.7916876356682101,0.24623309021366468,0.29241941272696925,-0.18634349141534917,33,7,8,18,15,2,47,73,47,0.48486328125,exact_two_sided_sign_permutation_enumerated_by_dynamic_programming,true,,,0.4622039229650408,0.7378354279891305,0.4558147832226733,0.7378354279891305,105 tests within analysis version (3 effects x 7 language levels x 5 foundations),35 tests within analysis version and effect type (7 language levels x 5 foundations),false,false,false,false,false,false,false,false,false
v1_original_intended,language,ar,pooled_primary_models,Care/Harm,-0.21212121212121213,0,1.408846508619191,0.24524869782179762,-0.8649228885013018,-0.7116764621545513,0.28743403791212707,0.39351902954637863,-0.15056374901273803,33,6,6,21,12,2,33,45,33,0.6728515625,exact_two_sided_sign_permutation_enumerated_by_dynamic_programming,true,,,0.5366168584723345,0.8722149884259259,0.5297371551585865,0.8722149884259259,105 tests within analysis version (3 effects x 7 language levels x 5 foundations),35 tests within analysis version and effect type (7 language levels x 5 foundations),false,false,false,false,false,false,false,false,false
v1_original_intended,language,all,pooled_primary_models,Care/Harm,-0.30808080808080807,0,1.329491851148172,0.09448287168457896,-3.2607053806461677,-0.4944084983810661,-0.12175311778055004,0.0013095077150695467,-0.2317282409927855,198,31,50,117,81,5,1129.5,2191.5,1129.5,0.009067876086897396,exact_two_sided_sign_permutation_dynamic_programming,true,,,0.027981386907143618,0.06328582763671875,0.015277590009144712,0.0469970703125,105 tests within analysis version (3 effects x 7 language levels x 5 foundations),35 tests within analysis version and effect type (7 language levels x 5 foundations),true,true,false,false,true,true,true,true,false
v1_original_intended,framing,hi,pooled_primary_models,Care/Harm,0.030303030303030304,0,0.7282190812544191,0.12676667068698114,0.23904572186687875,-0.22791222805868136,0.28851828866474194,0.812594533905306,0.04161251892882395,33,6,5,22,11,2,35.5,30.5,30.5,0.96484375,exact_two_sided_sign_permutation_enumerated_by_dynamic_programming,true,,,0.8710952105535785,1,0.8887752714589284,1,105 tests within analysis version (3 effects x 7 language levels x 5 foundations),35 tests within analysis version and effect type (7 language levels x 5 foundations),false,false,false,false,false,false,false,false,false
v1_original_intended,framing,bn,pooled_primary_models,Care/Harm,-0.15151515151515152,0,0.9394550322265336,0.16353812988577954,-0.9264821092241591,-0.48463142120657066,0.18160111817626765,0.36113071567725696,-0.16127983385863243,33,6,8,19,14,1,42,63,42,0.6334228515625,exact_two_sided_sign_permutation_enumerated_by_dynamic_programming,true,,,0.5055830019481597,0.8313674926757812,0.46813240921125904,0.7644758553340517,105 tests within analysis version (3 effects x 7 language levels x 5 foundations),35 tests within analysis version and effect type (7 language levels x 5 foundations),false,false,false,false,false,false,false,false,false
v1_original_intended,framing,ta,pooled_primary_models,Care/Harm,-0.30303030303030304,0,1.1854547778397244,0.20636118896782177,-1.4684461964287046,-0.7233742896348869,0.1173136835742809,0.15174526789651233,-0.25562367177136913,33,3,10,20,13,2,28.5,62.5,28.5,0.22705078125,exact_two_sided_sign_permutation_enumerated_by_dynamic_programming,true,,,0.3319427735236207,0.48653738839285715,0.26555421881889657,0.37841796875,105 tests within analysis version (3 effects x 7 language levels x 5 foundations),35 tests within analysis version and effect type (7 language levels x 5 foundations),false,false,false,false,false,false,false,false,false
v1_original_intended,framing,es,pooled_primary_models,Care/Harm,-0.3333333333333333,0,0.8164965809277259,0.14213381090374028,-2.345207879911715,-0.6228504319961852,-0.04381623467048146,0.02538051738127467,-0.4082482904638631,33,1,8,24,9,2,4,41,4,0.03125,exact_two_sided_sign_permutation_enumerated_by_dynamic_programming,true,,,0.10249824327053234,0.13408954326923078,0.11103976354307668,0.145263671875,105 tests within analysis version (3 effects x 7 language levels x 5 foundations),35 tests within analysis version and effect type (7 language levels x 5 foundations),false,false,false,false,false,false,false,false,false
v1_original_intended,framing,ja,pooled_primary_models,Care/Harm,0.15151515151515152,0,0.618527087180309,0.10767174548145375,1.4071950894605838,-0.06780501700454869,0.37083532003485176,0.16900889044193512,0.24496122264566694,33,7,3,23,10,1,40,15,15,0.2734375,exact_two_sided_sign_permutation_enumerated_by_dynamic_programming,true,,,0.34285475183294634,0.5419921875,0.28168148406989185,0.43393342391304346,105 tests within analysis version (3 effects x 7 language levels x 5 foundations),35 tests within analysis version and effect type (7 language levels x 5 foundations),false,false,false,false,false,false,false,false,false
v1_original_intended,framing,ar,pooled_primary_models,Care/Harm,-0.18181818181818182,0,0.6825753371673277,0.11882111470725852,-1.5301841113520116,-0.42384887227246937,0.06021250863610572,0.1357978362751402,-0.26637086328481074,33,3,7,23,10,2,13.5,41.5,13.5,0.185546875,exact_two_sided_sign_permutation_enumerated_by_dynamic_programming,true,,,0.30337814486999404,0.4329427083333333,0.25015390892788986,0.341796875,105 tests within analysis version (3 effects x 7 language levels x 5 foundations),35 tests within analysis version and effect type (7 language levels x 5 foundations),false,false,false,false,false,false,false,false,false
v1_original_intended,framing,all,pooled_primary_models,Care/Harm,-0.13131313131313133,0,0.8567020301459158,0.060883162176805006,-2.1568053730815975,-0.25137953895209025,-0.011246723674172399,0.032232182471994886,-0.1532774835268754,198,26,41,131,67,4,857,1421,857,0.059286775779871397,exact_two_sided_sign_permutation_dynamic_programming,true,,,0.10917352127611171,0.20081004699633861,0.1128126386519821,0.2022579721733898,105 tests within analysis version (3 effects x 7 language levels x 5 foundations),35 tests within analysis version and effect type (7 language levels x 5 foundations),false,false,false,false,false,false,false,false,false
v1_original_intended,reasoning,hi,pooled_primary_models,Care/Harm,0.06060606060606061,0,0.555618683282088,0.09672079799093715,0.6266083599903659,-0.13640775782772788,0.25761987903984906,0.5353609866419977,0.10907851450936698,33,6,4,23,10,1,33,22,22,0.75390625,exact_two_sided_sign_permutation_enumerated_by_dynamic_programming,true,,,0.6783292167560369,0.9240301724137931,0.647141666560357,0.9240301724137931,105 tests within analysis version (3 effects x 7 language levels x 5 foundations),35 tests within analysis version and effect type (7 language levels x 5 foundations),false,false,false,false,false,false,false,false,false
v1_original_intended,reasoning,bn,pooled_primary_models,Care/Harm,0.06060606060606061,0,0.5556186832820879,0.09672079799093714,0.626608359990366,-0.13640775782772785,0.25761987903984906,0.5353609866419977,0.109078514509367,33,6,4,23,10,1,33,22,22,0.75390625,exact_two_sided_sign_permutation_enumerated_by_dynamic_programming,true,,,0.6783292167560369,0.9240301724137931,0.647141666560357,0.9240301724137931,105 tests within analysis version (3 effects x 7 language levels x 5 foundations),35 tests within analysis version and effect type (7 language levels x 5 foundations),false,false,false,false,false,false,false,false,false
v1_original_intended,reasoning,ta,pooled_primary_models,Care/Harm,0.15151515151515152,0,0.795346312983066,0.13845202183709893,1.094351310329166,-0.1305023882342725,0.4335326912645755,0.2819701869003124,0.19050211089414767,33,2,1,30,3,0,5,1,1,0.5,exact_two_sided_sign_permutation_enumerated_by_dynamic_programming,true,,,0.4622039229650408,0.75,0.502495789750375,0.7875,105 tests within analysis version (3 effects x 7 language levels x 5 foundations),35 tests within analysis version and effect type (7 language levels x 5 foundations),false,false,false,false,false,false,false,false,false
v1_original_intended,reasoning,es,pooled_primary_models,Care/Harm,-0.18181818181818182,0,0.8461141122266491,0.14728956132745133,-1.2344267996967357,-0.48183720042964817,0.11820083679328452,0.22603247204107357,-0.21488612374010146,33,3,6,24,9,1,13.5,31.5,13.5,0.3984375,exact_two_sided_sign_permutation_enumerated_by_dynamic_programming,true,,,0.4163756063914513,0.6436298076923077,0.4653609718492691,0.7339638157894737,105 tests within analysis version (3 effects x 7 language levels x 5 foundations),35 tests within analysis version and effect type (7 language levels x 5 foundations),false,false,false,false,false,false,false,false,false
v1_original_intended,reasoning,ja,pooled_primary_models,Care/Harm,0.2727272727272727,0,0.6261353324525414,0.10899617098437998,2.502172968684897,0.050709337739733434,0.494745207714812,0.017647282682285992,0.4355724051843766,33,8,1,24,9,2,41,4,4,0.03125,exact_two_sided_sign_permutation_enumerated_by_dynamic_programming,true,,,0.07720686173500121,0.13408954326923078,0.07720686173500121,0.12152777777777778,105 tests within analysis version (3 effects x 7 language levels x 5 foundations),35 tests within analysis version and effect type (7 language levels x 5 foundations),false,true,true,false,false,false,false,false,false
v1_original_intended,reasoning,ar,pooled_primary_models,Care/Harm,0.18181818181818182,0,0.39167472590032004,0.06818181818181816,2.6666666666666674,0.042936362945916434,0.32070000069044724,0.011914159541704938,0.4642070825485277,33,6,0,27,6,1,21,0,0,0.03125,exact_two_sided_sign_permutation_enumerated_by_dynamic_programming,true,,,0.06254933759395093,0.13408954326923078,0.06949926399327881,0.12152777777777778,105 tests within analysis version (3 effects x 7 language levels x 5 foundations),35 tests within analysis version and effect type (7 language levels x 5 foundations),false,true,true,false,false,false,false,false,false
v1_original_intended,reasoning,all,pooled_primary_models,Care/Harm,0.09090909090909091,0,0.6544018711407155,0.046506315903884134,1.9547687048996785,-0.000805039623197043,0.18262322144137888,0.05202524046881751,0.1389193627313801,198,31,16,151,47,3,759,369,369,0.026493020995005168,exact_two_sided_sign_permutation_dynamic_programming,true,,,0.16066618380075998,0.13408954326923078,0.16407701186783502,0.12152777777777778,105 tests within analysis version (3 effects x 7 language levels x 5 foundations),35 tests within analysis version and effect type (7 language levels x 5 foundations),false,false,false,false,false,false,false,false,false
v1_original_intended,language,hi,pooled_primary_models,Loyalty/Betrayal,0.06666666666666667,0,0.7396799556440673,0.13504646568022546,0.49365724849494164,-0.20953436800772984,0.34286770134106315,0.6252664336285367,0.09012907022553758,30,4,4,22,8,1,20,16,16,1,exact_two_sided_sign_permutation_enumerated_by_dynamic_programming,true,,,0.7546319026551306,1,0.7528004084868126,1,105 tests within analysis version (3 effects x 7 language levels x 5 foundations),35 tests within analysis version and effect type (7 language levels x 5 foundations),false,false,false,false,false,false,false,false,false
v1_original_intended,language,bn,pooled_primary_models,Loyalty/Betrayal,-0.1,0,0.5477225575051661,0.09999999999999999,-1.0000000000000002,-0.3045229642132278,0.10452296421322776,0.3255819880161952,-0.18257418583505539,30,2,4,24,6,1,6,15,6,0.53125,exact_two_sided_sign_permutation_enumerated_by_dynamic_programming,true,,,0.4748070658569513,0.7538006756756757,0.4558147832226733,0.762890625,105 tests within analysis version (3 effects x 7 language levels x 5 foundations),35 tests within analysis version and effect type (7 language levels x 5 foundations),false,false,false,false,false,false,false,false,false
v1_original_intended,language,ta,pooled_primary_models,Loyalty/Betrayal,-0.43333333333333335,0,0.6260623155792925,0.11430281754889883,-3.791099315184886,-0.6671088439635788,-0.19955782270308792,0.0007032822635442137,-0.6921568708897166,30,0,11,19,11,2,0,66,0,0.0009765625,exact_two_sided_sign_permutation_enumerated_by_dynamic_programming,true,,,0.02461487922404748,0.028741024172677317,0.01230743961202374,0.01708984375,105 tests within analysis version (3 effects x 7 language levels x 5 foundations),35 tests within analysis version and effect type (7 language levels x 5 foundations),true,true,false,true,true,false,true,true,false
v1_original_intended,language,es,pooled_primary_models,Loyalty/Betrayal,-0.2,0,0.48423419811150237,0.08840866447369845,-2.262221708591695,-0.3808160212029349,-0.0191839787970651,0.03135169328063947,-0.41302328662451665,30,1,7,22,8,1,4.5,31.5,4.5,0.0703125,exact_two_sided_sign_permutation_enumerated_by_dynamic_programming,true,,,0.10917352127611171,0.2109375,0.09975538771112559,0.205078125,105 tests within analysis version (3 effects x 7 language levels x 5 foundations),35 tests within analysis version and effect type (7 language levels x 5 foundations),false,false,false,false,false,false,false,false,false
v1_original_intended,language,ja,pooled_primary_models,Loyalty/Betrayal,-0.06666666666666667,0,0.7849152527649012,0.14330526322306852,-0.4652073843435432,-0.35975883888405497,0.22642550555072166,0.6452574929886965,-0.08493485944097809,30,3,7,20,10,1,20,35,20,0.58984375,exact_two_sided_sign_permutation_enumerated_by_dynamic_programming,true,,,0.7612588400428443,0.7940204326923077,0.7528004084868126,0.7940204326923077,105 tests within analysis version (3 effects x 7 language levels x 5 foundations),35 tests within analysis version and effect type (7 language levels x 5 foundations),false,false,false,false,false,false,false,false,false
v1_original_intended,language,ar,pooled_primary_models,Loyalty/Betrayal,-0.03333333333333333,0,0.7183954022841381,0.1311604556796736,-0.25414164018110463,-0.30158658516497866,0.234919918498312,0.8011795030744266,-0.04639970304285078,30,5,7,18,12,1,36,42,36,1,exact_two_sided_sign_permutation_enumerated_by_dynamic_programming,true,,,0.8710952105535785,1,0.8471783708630034,1,105 tests within analysis version (3 effects x 7 language levels x 5 foundations),35 tests within analysis version and effect type (7 language levels x 5 foundations),false,false,false,false,false,false,false,false,false
v1_original_intended,language,all,pooled_primary_models,Loyalty/Betrayal,-0.12777777777777777,0,0.668781561615634,0.04984803446236739,-2.5633463617154892,-0.22614317504864945,-0.029412380506906075,0.01118886548143827,-0.1910605571557533,180,15,40,125,55,3,460.5,1079.5,460.5,0.004375388759048526,exact_two_sided_sign_permutation_dynamic_programming,true,,,0.06183320397636939,0.045941581970009526,0.04351225465003772,0.038284651641674605,105 tests within analysis version (3 effects x 7 language levels x 5 foundations),35 tests within analysis version and effect type (7 language levels x 5 foundations),false,true,true,true,true,false,true,true,false
v1_original_intended,framing,hi,pooled_primary_models,Loyalty/Betrayal,-0.2,0,0.5508613944197478,0.10057307059414877,-1.9886038958388508,-0.40569502517941525,0.005695025179415225,0.056254975497543436,-0.36306773723119745,30,1,6,23,7,1,3.5,24.5,3.5,0.109375,exact_two_sided_sign_permutation_enumerated_by_dynamic_programming,true,,,0.16262878344019044,0.29447115384615385,0.15428884582787297,0.2552083333333333,105 tests within analysis version (3 effects x 7 language levels x 5 foundations),35 tests within analysis version and effect type (7 language levels x 5 foundations),false,false,false,false,false,false,false,false,false
v1_original_intended,framing,bn,pooled_primary_models,Loyalty/Betrayal,0.03333333333333333,0,0.6149478998583782,0.11227361214762055,0.29689374640860144,-0.19629198626024283,0.2629586529269095,0.7686637844359996,0.0542051340300698,30,3,2,25,5,2,8.5,6.5,6.5,1,exact_two_sided_sign_permutation_enumerated_by_dynamic_programming,true,,,0.8586138017636166,1,0.8678462082341931,1,105 tests within analysis version (3 effects x 7 language levels x 5 foundations),35 tests within analysis version and effect type (7 language levels x 5 foundations),false,false,false,false,false,false,false,false,false
v1_original_intended,framing,ta,pooled_primary_models,Loyalty/Betrayal,0.36666666666666664,0,0.8899179866642238,0.16247605187519232,2.2567428395436733,0.03436582923490161,0.6989675040984317,0.03173235489546666,0.41202298656877706,30,7,1,22,8,2,33,3,3,0.046875,exact_two_sided_sign_permutation_enumerated_by_dynamic_programming,true,,,0.10917352127611171,0.1697198275862069,0.1128126386519821,0.18229166666666666,105 tests within analysis version (3 effects x 7 language levels x 5 foundations),35 tests within analysis version and effect type (7 language levels x 5 foundations),false,false,false,false,false,false,false,false,false
v1_original_intended,framing,es,pooled_primary_models,Loyalty/Betrayal,-0.2,0,0.8051557998728973,0.14700066463216702,-1.3605380662764401,-0.500650116718854,0.10065011671885393,0.18414134229197288,-0.2483991297480217,30,2,7,21,9,1,12,33,12,0.28515625,exact_two_sided_sign_permutation_enumerated_by_dynamic_programming,true,,,0.3648083196350406,0.5419921875,0.29295213546450233,0.43393342391304346,105 tests within analysis version (3 effects x 7 language levels x 5 foundations),35 tests within analysis version and effect type (7 language levels x 5 foundations),false,false,false,false,false,false,false,false,false
v1_original_intended,framing,ja,pooled_primary_models,Loyalty/Betrayal,0.13333333333333333,0,1.0416609195243756,0.190180394298358,0.7010887416930995,-0.25562924643807294,0.5222959131047396,0.4888355698194169,0.1280007062127411,30,4,3,23,7,3,18.5,9.5,9.5,0.515625,exact_two_sided_sign_permutation_enumerated_by_dynamic_programming,true,,,0.6415966853879846,0.751953125,0.6110444622742711,0.6684027777777778,105 tests within analysis version (3 effects x 7 language levels x 5 foundations),35 tests within analysis version and effect type (7 language levels x 5 foundations),false,false,false,false,false,false,false,false,false
v1_original_intended,framing,ar,pooled_primary_models,Loyalty/Betrayal,0,0,0.5872202195147035,0.10721125348377948,0,-0.21927163359518326,0.21927163359518326,1,0,30,5,5,20,10,1,27.5,27.5,27.5,1,exact_two_sided_sign_permutation_enumerated_by_dynamic_programming,true,,,1,1,1,1,105 tests within analysis version (3 effects x 7 language levels x 5 foundations),35 tests within analysis version and effect type (7 language levels x 5 foundations),false,false,false,false,false,false,false,false,false
v1_original_intended,framing,all,pooled_primary_models,Loyalty/Betrayal,0.022222222222222223,0,0.7835997407435502,0.05840607624845966,0.38047791684702137,-0.09303080540818175,0.13747524985262619,0.7040418082480628,0.028359149533581738,180,22,24,134,46,3,564,517,517,0.8023010881119603,exact_two_sided_sign_permutation_dynamic_programming,true,,,0.8035259768048543,0.9410807291666666,0.8213821096227399,0.9058238091586649,105 tests within analysis version (3 effects x 7 language levels x 5 foundations),35 tests within analysis version and effect type (7 language levels x 5 foundations),false,false,false,false,false,false,false,false,false
v1_original_intended,reasoning,hi,pooled_primary_models,Loyalty/Betrayal,-0.03333333333333333,0,0.6686751354593718,0.12208281844464018,-0.273038694207807,-0.28302073241136466,0.21635406574469798,0.7867584856176075,-0.049849817296457016,30,3,4,23,7,2,12.5,15.5,12.5,0.984375,exact_two_sided_sign_permutation_enumerated_by_dynamic_programming,true,,,0.8695751683141978,1,0.8344408180792807,1,105 tests within analysis version (3 effects x 7 language levels x 5 foundations),35 tests within analysis version and effect type (7 language levels x 5 foundations),false,false,false,false,false,false,false,false,false
v1_original_intended,reasoning,bn,pooled_primary_models,Loyalty/Betrayal,0.2,0,0.5508613944197478,0.10057307059414877,1.9886038958388508,-0.005695025179415225,0.40569502517941525,0.056254975497543436,0.36306773723119745,30,6,1,23,7,1,24.5,3.5,3.5,0.109375,exact_two_sided_sign_permutation_enumerated_by_dynamic_programming,true,,,0.16262878344019044,0.29447115384615385,0.16407701186783502,0.3190104166666667,105 tests within analysis version (3 effects x 7 language levels x 5 foundations),35 tests within analysis version and effect type (7 language levels x 5 foundations),false,false,false,false,false,false,false,false,false
v1_original_intended,reasoning,ta,pooled_primary_models,Loyalty/Betrayal,-0.13333333333333333,0,0.7760791522613608,0.14169201936767792,-0.9410080675563346,-0.423126051397689,0.15645938473102236,0.35447376957969157,-0.17180378179831657,30,3,6,21,9,2,15,30,15,0.48046875,exact_two_sided_sign_permutation_enumerated_by_dynamic_programming,true,,,0.50296953791713,0.7378354279891305,0.5394166058821394,0.7875,105 tests within analysis version (3 effects x 7 language levels x 5 foundations),35 tests within analysis version and effect type (7 language levels x 5 foundations),false,false,false,false,false,false,false,false,false
v1_original_intended,reasoning,es,pooled_primary_models,Loyalty/Betrayal,0,0,0.454858826147342,0.08304547985373996,0,-0.1698470770419679,0.1698470770419679,1,0,30,3,3,24,6,1,10.5,10.5,10.5,1,exact_two_sided_sign_permutation_enumerated_by_dynamic_programming,true,,,1,1,1,1,105 tests within analysis version (3 effects x 7 language levels x 5 foundations),35 tests within analysis version and effect type (7 language levels x 5 foundations),false,false,false,false,false,false,false,false,false
v1_original_intended,reasoning,ja,pooled_primary_models,Loyalty/Betrayal,0.26666666666666666,0,0.5208304597621878,0.095090197149179,2.804354966772398,0.07218537678096354,0.4611479565523698,0.008903704513644417,0.5120028248509644,30,7,0,23,7,1,28,0,0,0.015625,exact_two_sided_sign_permutation_enumerated_by_dynamic_programming,true,,,0.05752849041155577,0.09114583333333333,0.06232593159551092,0.109375,105 tests within analysis version (3 effects x 7 language levels x 5 foundations),35 tests within analysis version and effect type (7 language levels x 5 foundations),false,true,true,false,true,true,false,false,false
v1_original_intended,reasoning,ar,pooled_primary_models,Loyalty/Betrayal,0,0,0.5872202195147035,0.10721125348377948,0,-0.21927163359518326,0.21927163359518326,1,0,30,4,3,23,7,1,14,14,14,1,exact_two_sided_sign_permutation_enumerated_by_dynamic_programming,true,,,1,1,1,1,105 tests within analysis version (3 effects x 7 language levels x 5 foundations),35 tests within analysis version and effect type (7 language levels x 5 foundations),false,false,false,false,false,false,false,false,false
v1_original_intended,reasoning,all,pooled_primary_models,Loyalty/Betrayal,0.05,0,0.6097439704476021,0.04544763222638203,1.1001673255702715,-0.03968205962751671,0.13968205962751673,0.2727365684131917,0.08200163088664231,180,26,17,137,43,2,554,392,392,0.3245048365806724,exact_two_sided_sign_permutation_dynamic_programming,true,,,0.4545609473553195,0.5949746408770161,0.502495789750375,0.6987847222222222,105 tests within analysis version (3 effects x 7 language levels x 5 foundations),35 tests within analysis version and effect type (7 language levels x 5 foundations),false,false,false,false,false,false,false,false,false
v1_original_intended,language,hi,pooled_primary_models,Authority/Subversion,0.6333333333333333,0,1.2452207485597397,0.22734516435321267,2.7857787744689433,0.16836026420270822,1.0983064024639584,0.009314136542823315,0.5086112916652457,30,14,1,15,15,2,107,13,13,0.003662109375,exact_two_sided_sign_permutation_enumerated_by_dynamic_programming,true,,,0.05752849041155577,0.045572916666666664,0.04351225465003772,0.038284651641674605,105 tests within analysis version (3 effects x 7 language levels x 5 foundations),35 tests within analysis version and effect type (7 language levels x 5 foundations),false,true,true,true,true,false,true,true,false
v1_original_intended,language,bn,pooled_primary_models,Authority/Subversion,0.4,0,0.7239737088005909,0.13217891045025335,3.0262013708347477,0.12966377428239395,0.6703362257176061,0.005150605210149317,0.5525062514530825,30,12,2,16,14,2,92,13,13,0.0096435546875,exact_two_sided_sign_permutation_enumerated_by_dynamic_programming,true,,,0.03862953907611988,0.06328582763671875,0.03605423647104522,0.0469970703125,105 tests within analysis version (3 effects x 7 language levels x 5 foundations),35 tests within analysis version and effect type (7 language levels x 5 foundations),true,true,false,false,true,true,true,true,false
v1_original_intended,language,ta,pooled_primary_models,Authority/Subversion,0.13333333333333333,0,0.7302967433402214,0.13333333333333333,1,-0.13936395228430373,0.40603061895097037,0.3255819880161952,0.18257418583505539,30,10,6,14,16,1,85,51,51,0.454498291015625,exact_two_sided_sign_permutation_enumerated_by_dynamic_programming,true,,,0.4748070658569513,0.7122734411438899,0.4558147832226733,0.7230654629794034,105 tests within analysis version (3 effects x 7 language levels x 5 foundations),35 tests within analysis version and effect type (7 language levels x 5 foundations),false,false,false,false,false,false,false,false,false
v1_original_intended,language,es,pooled_primary_models,Authority/Subversion,0.36666666666666664,0,0.718395402284138,0.13116045567967358,2.7955580419921517,0.09841341483502136,0.6349199184983119,0.009095904390462595,0.5103967334713586,30,10,1,19,11,1,60.5,5.5,5.5,0.0107421875,exact_two_sided_sign_permutation_enumerated_by_dynamic_programming,true,,,0.05752849041155577,0.06634880514705882,0.04351225465003772,0.0469970703125,105 tests within analysis version (3 effects x 7 language levels x 5 foundations),35 tests within analysis version and effect type (7 language levels x 5 foundations),false,true,true,false,true,true,true,true,false
v1_original_intended,language,ja,pooled_primary_models,Authority/Subversion,0.3,0,0.5959634332684376,0.10880753861644935,2.7571619008634247,0.07746359673418529,0.5225364032658146,0.00998129981285567,0.5033865892655734,30,11,2,17,13,1,77,14,14,0.0224609375,exact_two_sided_sign_permutation_enumerated_by_dynamic_programming,true,,,0.05822424890832475,0.12412623355263158,0.04351225465003772,0.08734809027777778,105 tests within analysis version (3 effects x 7 language levels x 5 foundations),35 tests within analysis version and effect type (7 language levels x 5 foundations),false,true,true,false,false,false,false,true,true
v1_original_intended,language,ar,pooled_primary_models,Authority/Subversion,0.43333333333333335,0,0.773854362727667,0.1412858302299094,3.06706859865696,0.14437136533385397,0.7222953013328127,0.004648510782116144,0.5599675523000586,30,10,1,19,11,2,62,4,4,0.0078125,exact_two_sided_sign_permutation_enumerated_by_dynamic_programming,true,,,0.03862953907611988,0.06328582763671875,0.03605423647104522,0.0469970703125,105 tests within analysis version (3 effects x 7 language levels x 5 foundations),35 tests within analysis version and effect type (7 language levels x 5 foundations),true,true,false,false,true,true,true,true,false
v1_original_intended,language,all,pooled_primary_models,Authority/Subversion,0.37777777777777777,0,0.8266210115343778,0.061612692447350216,6.13149276182987,0.2561971169778612,0.49935843857769435,5.422230664464678e-9,0.4570144872999839,180,67,13,100,80,3,2748.5,491.5,491.5,4.5761507398090604e-10,exact_two_sided_sign_permutation_dynamic_programming,true,,,5.693342197687912e-7,4.8049582767995134e-8,1.8977807325626372e-7,1.601652758933171e-8,105 tests within analysis version (3 effects x 7 language levels x 5 foundations),35 tests within analysis version and effect type (7 language levels x 5 foundations),true,true,false,true,true,false,true,true,false
v1_original_intended,framing,hi,pooled_primary_models,Authority/Subversion,-0.3333333333333333,0,1.18418699983352,0.21620197737106175,-1.54176819928544,-0.7755160261402407,0.10884935947357416,0.13397251720606418,-0.2814870737309186,30,5,11,14,16,3,41.5,94.5,41.5,0.177703857421875,exact_two_sided_sign_permutation_enumerated_by_dynamic_programming,true,,,0.30337814486999404,0.4287997159090909,0.25015390892788986,0.341796875,105 tests within analysis version (3 effects x 7 language levels x 5 foundations),35 tests within analysis version and effect type (7 language levels x 5 foundations),false,false,false,false,false,false,false,false,false
v1_original_intended,framing,bn,pooled_primary_models,Authority/Subversion,0.06666666666666667,0,0.8276819867946673,0.15111336486937743,0.4411698907260348,-0.24239486648653452,0.3757281998198678,0.6623617732700422,0.08054623361424615,30,7,7,16,14,2,59.5,45.5,45.5,0.6065673828125,exact_two_sided_sign_permutation_enumerated_by_dynamic_programming,true,,,0.7652586778538605,0.8061971543710443,0.7994021401534992,0.758209228515625,105 tests within analysis version (3 effects x 7 language levels x 5 foundations),35 tests within analysis version and effect type (7 language levels x 5 foundations),false,false,false,false,false,false,false,false,false
v1_original_intended,framing,ta,pooled_primary_models,Authority/Subversion,0.13333333333333333,0,0.6288102248298564,0.11480451484306915,1.1613945106217465,-0.10146826347432678,0.3681349301409934,0.25495195018757855,0.21204065721006796,30,6,3,21,9,1,31.5,13.5,13.5,0.3984375,exact_two_sided_sign_permutation_enumerated_by_dynamic_programming,true,,,0.44616591282826246,0.6436298076923077,0.37085813820416513,0.5578125,105 tests within analysis version (3 effects x 7 language levels x 5 foundations),35 tests within analysis version and effect type (7 language levels x 5 foundations),false,false,false,false,false,false,false,false,false
v1_original_intended,framing,es,pooled_primary_models,Authority/Subversion,-0.4666666666666667,0,0.8193072487266861,0.14958435388503394,-3.119755873835125,-0.7726010212315426,-0.16073231210179068,0.004069703036843952,-0.5695868886695797,30,3,14,13,17,2,22.5,130.5,22.5,0.0072174072265625,exact_two_sided_sign_permutation_enumerated_by_dynamic_programming,true,,,0.03862953907611988,0.06328582763671875,0.03088673145101839,0.0572509765625,105 tests within analysis version (3 effects x 7 language levels x 5 foundations),35 tests within analysis version and effect type (7 language levels x 5 foundations),true,true,false,false,true,true,false,true,true
v1_original_intended,framing,ja,pooled_primary_models,Authority/Subversion,-0.16666666666666666,0,0.9498941259817921,0.17342614668062722,-0.9610238701410551,-0.5213629625786659,0.18802962924533254,0.3444851287833002,-0.17545815065905712,30,5,7,18,12,2,26,52,26,0.3427734375,exact_two_sided_sign_permutation_enumerated_by_dynamic_programming,true,,,0.4954923085239249,0.5949746408770161,0.4637299810544425,0.4998779296875,105 tests within analysis version (3 effects x 7 language levels x 5 foundations),35 tests within analysis version and effect type (7 language levels x 5 foundations),false,false,false,false,false,false,false,false,false
v1_original_intended,framing,ar,pooled_primary_models,Authority/Subversion,-0.03333333333333333,0,1.4259499757471623,0.2603416558635551,-0.12803687993289598,-0.5657918049872769,0.49912513832061023,0.8990035642679013,-0.023376229110609225,30,7,12,11,19,3,87.5,102.5,87.5,0.7644882202148438,exact_two_sided_sign_permutation_enumerated_by_dynamic_programming,true,,,0.9439537424812964,0.9240301724137931,0.9534886287689862,0.8919029235839844,105 tests within analysis version (3 effects x 7 language levels x 5 foundations),35 tests within analysis version and effect type (7 language levels x 5 foundations),false,false,false,false,false,false,false,false,false
v1_original_intended,framing,all,pooled_primary_models,Authority/Subversion,-0.13333333333333333,0,1.0160719633160207,0.07573353266687649,-1.760558746411802,-0.2827787248688384,0.016112058202171764,0.08002089662334688,-0.1312243011786201,180,33,54,93,87,3,1507,2321,1507,0.06934559045944794,exact_two_sided_sign_permutation_dynamic_programming,true,,,0.22111037224872165,0.2109375,0.2000522415583672,0.2022579721733898,105 tests within analysis version (3 effects x 7 language levels x 5 foundations),35 tests within analysis version and effect type (7 language levels x 5 foundations),false,false,false,false,false,false,false,false,false
v1_original_intended,reasoning,hi,pooled_primary_models,Authority/Subversion,-0.3333333333333333,0,0.802295557085754,0.14647845813401372,-2.2756474745819983,-0.63291541784285,-0.03375124882381658,0.030436262419282434,-0.41547448491940825,30,2,11,17,13,2,17.5,73.5,17.5,0.051025390625,exact_two_sided_sign_permutation_enumerated_by_dynamic_programming,true,,,0.10917352127611171,0.1785888671875,0.10652691846748852,0.162353515625,105 tests within analysis version (3 effects x 7 language levels x 5 foundations),35 tests within analysis version and effect type (7 language levels x 5 foundations),false,false,false,false,false,false,false,false,false
v1_original_intended,reasoning,bn,pooled_primary_models,Authority/Subversion,-0.16666666666666666,0,0.59209349991676,0.10810098868553088,-1.54176819928544,-0.38775801307012037,0.05442467973678708,0.13397251720606418,-0.2814870737309186,30,3,8,19,11,1,18,48,18,0.2265625,exact_two_sided_sign_permutation_enumerated_by_dynamic_programming,true,,,0.30337814486999404,0.48653738839285715,0.3349312930151604,0.56640625,105 tests within analysis version (3 effects x 7 language levels x 5 foundations),35 tests within analysis version and effect type (7 language levels x 5 foundations),false,false,false,false,false,false,false,false,false
v1_original_intended,reasoning,ta,pooled_primary_models,Authority/Subversion,-0.06666666666666667,0,0.7396799556440673,0.13504646568022546,-0.49365724849494164,-0.34286770134106315,0.20953436800772984,0.6252664336285367,-0.09012907022553758,30,5,8,17,13,1,39,52,39,0.806640625,exact_two_sided_sign_permutation_enumerated_by_dynamic_programming,true,,,0.7546319026551306,0.9410807291666666,0.7059459734515737,0.9410807291666666,105 tests within analysis version (3 effects x 7 language levels x 5 foundations),35 tests within analysis version and effect type (7 language levels x 5 foundations),false,false,false,false,false,false,false,false,false
v1_original_intended,reasoning,es,pooled_primary_models,Authority/Subversion,-0.3,0,0.7022132498578064,0.12820601237537732,-2.3399838622359077,-0.5622107368096994,-0.037789263190300626,0.02637620157538345,-0.4272206485148892,30,1,8,21,9,1,4.5,40.5,4.5,0.03515625,exact_two_sided_sign_permutation_enumerated_by_dynamic_programming,true,,,0.1025741172376023,0.13671875,0.1025741172376023,0.123046875,105 tests within analysis version (3 effects x 7 language levels x 5 foundations),35 tests within analysis version and effect type (7 language levels x 5 foundations),false,false,false,false,false,false,false,false,false
v1_original_intended,reasoning,ja,pooled_primary_models,Authority/Subversion,0.13333333333333333,0,0.8603661343041525,0.15708064649063455,0.8488208847630565,-0.18793266107461407,0.45459932774128076,0.4029335146667523,0.1549727819554064,30,6,5,19,11,1,41,25,25,0.5458984375,exact_two_sided_sign_permutation_enumerated_by_dynamic_programming,true,,,0.5424105005129358,0.7542017886513158,0.5641069205334532,0.7875,105 tests within analysis version (3 effects x 7 language levels x 5 foundations),35 tests within analysis version and effect type (7 language levels x 5 foundations),false,false,false,false,false,false,false,false,false
v1_original_intended,reasoning,ar,pooled_primary_models,Authority/Subversion,-0.3,0,0.651258728182957,0.11890303206597701,-2.523064338960976,-0.5431840057207409,-0.05681599427925907,0.017372355724525113,-0.4606464174952623,30,1,8,21,9,2,4,41,4,0.03125,exact_two_sided_sign_permutation_enumerated_by_dynamic_programming,true,,,0.07720686173500121,0.13408954326923078,0.07720686173500121,0.12152777777777778,105 tests within analysis version (3 effects x 7 language levels x 5 foundations),35 tests within analysis version and effect type (7 language levels x 5 foundations),false,true,true,false,false,false,false,false,false
v1_original_intended,reasoning,all,pooled_primary_models,Authority/Subversion,-0.17222222222222222,0,0.7386425383792995,0.05505516422963703,-3.128175614986403,-0.2808628769575611,-0.0635815674868833,0.0020536930357830663,-0.23316044402222688,180,18,48,114,66,3,654.5,1556.5,654.5,0.001558689744254349,exact_two_sided_sign_permutation_dynamic_programming,true,,,0.027981386907143618,0.03273248462934133,0.027981386907143618,0.037452448869033095,105 tests within analysis version (3 effects x 7 language levels x 5 foundations),35 tests within analysis version and effect type (7 language levels x 5 foundations),true,true,false,true,true,false,true,true,false
v1_original_intended,language,hi,pooled_primary_models,Fairness/Cheating,0,0,0.7878385971583354,0.14383899044561524,0,-0.2941837669537538,0.2941837669537538,1,0,30,5,4,21,9,2,22,23,22,1,exact_two_sided_sign_permutation_enumerated_by_dynamic_programming,true,,,1,1,1,1,105 tests within analysis version (3 effects x 7 language levels x 5 foundations),35 tests within analysis version and effect type (7 language levels x 5 foundations),false,false,false,false,false,false,false,false,false
v1_original_intended,language,bn,pooled_primary_models,Fairness/Cheating,0.03333333333333333,0,0.808716877841527,0.14765082554298473,0.2257578527634388,-0.2686465117524807,0.3353131784191474,0.8229732745526319,0.04121755616415514,30,5,6,19,11,1,33,33,33,1,exact_two_sided_sign_permutation_enumerated_by_dynamic_programming,true,,,0.8728504427073368,1,0.8471783708630034,1,105 tests within analysis version (3 effects x 7 language levels x 5 foundations),35 tests within analysis version and effect type (7 language levels x 5 foundations),false,false,false,false,false,false,false,false,false
v1_original_intended,language,ta,pooled_primary_models,Fairness/Cheating,0.03333333333333333,0,0.7648904962570576,0.13964925960710375,0.2386932335131243,-0.25228147191694106,0.3189481385836077,0.8130221965166733,0.04357922277299542,30,6,5,19,11,2,35.5,30.5,30.5,0.96484375,exact_two_sided_sign_permutation_enumerated_by_dynamic_programming,true,,,0.8710952105535785,1,0.8471783708630034,1,105 tests within analysis version (3 effects x 7 language levels x 5 foundations),35 tests within analysis version and effect type (7 language levels x 5 foundations),false,false,false,false,false,false,false,false,false
v1_original_intended,language,es,pooled_primary_models,Fairness/Cheating,0.06666666666666667,0,0.7849152527649012,0.14330526322306852,0.4652073843435432,-0.22642550555072166,0.35975883888405497,0.6452574929886965,0.08493485944097809,30,5,4,21,9,2,26.5,18.5,18.5,0.75,exact_two_sided_sign_permutation_enumerated_by_dynamic_programming,true,,,0.7612588400428443,0.9240301724137931,0.7528004084868126,0.9375,105 tests within analysis version (3 effects x 7 language levels x 5 foundations),35 tests within analysis version and effect type (7 language levels x 5 foundations),false,false,false,false,false,false,false,false,false
v1_original_intended,language,ja,pooled_primary_models,Fairness/Cheating,-0.3333333333333333,0,0.7580980435789034,0.13840913308956662,-2.408318915758459,-0.6164117950699465,-0.05025487159672015,0.02260837939678395,-0.43969686527576396,30,2,12,16,14,2,20,85,20,0.0396728515625,exact_two_sided_sign_permutation_enumerated_by_dynamic_programming,true,,,0.0949551934664926,0.148773193359375,0.07912932788874383,0.13885498046875,105 tests within analysis version (3 effects x 7 language levels x 5 foundations),35 tests within analysis version and effect type (7 language levels x 5 foundations),false,true,true,false,false,false,false,false,false
v1_original_intended,language,ar,pooled_primary_models,Fairness/Cheating,-0.23333333333333334,0,1.072648457158112,0.19583791875287057,-1.1914614637412406,-0.6338668498201969,0.16720018315353025,0.24313261256564833,-0.21753010669640035,30,5,9,16,14,2,36.5,68.5,36.5,0.351318359375,exact_two_sided_sign_permutation_enumerated_by_dynamic_programming,true,,,0.44015386757574265,0.5949746408770161,0.43711650693482607,0.5855305989583334,105 tests within analysis version (3 effects x 7 language levels x 5 foundations),35 tests within analysis version and effect type (7 language levels x 5 foundations),false,false,false,false,false,false,false,false,false
v1_original_intended,language,all,pooled_primary_models,Fairness/Cheating,-0.07222222222222222,0,0.8391972458132282,0.06255006960563263,-1.1546305652027382,-0.19565261446213567,0.05120817001769125,0.24978086110561493,-0.08606108108974418,180,28,40,112,68,2,1007.5,1338.5,1007.5,0.2843444206748012,exact_two_sided_sign_permutation_dynamic_programming,true,,,0.4445252612896537,0.5419921875,0.43711650693482607,0.5620659722222222,105 tests within analysis version (3 effects x 7 language levels x 5 foundations),35 tests within analysis version and effect type (7 language levels x 5 foundations),false,false,false,false,false,false,false,false,false
v1_original_intended,framing,hi,pooled_primary_models,Fairness/Cheating,-0.3,0,0.651258728182957,0.11890303206597701,-2.523064338960976,-0.5431840057207409,-0.05681599427925907,0.017372355724525113,-0.4606464174952623,30,2,10,18,12,1,12,66,12,0.033203125,exact_two_sided_sign_permutation_enumerated_by_dynamic_programming,true,,,0.07720686173500121,0.13408954326923078,0.08686177862262556,0.145263671875,105 tests within analysis version (3 effects x 7 language levels x 5 foundations),35 tests within analysis version and effect type (7 language levels x 5 foundations),false,true,true,false,false,false,false,false,false
v1_original_intended,framing,bn,pooled_primary_models,Fairness/Cheating,-0.3,0,0.651258728182957,0.11890303206597701,-2.523064338960976,-0.5431840057207409,-0.05681599427925907,0.017372355724525113,-0.4606464174952623,30,2,10,18,12,1,12,66,12,0.033203125,exact_two_sided_sign_permutation_enumerated_by_dynamic_programming,true,,,0.07720686173500121,0.13408954326923078,0.08686177862262556,0.145263671875,105 tests within analysis version (3 effects x 7 language levels x 5 foundations),35 tests within analysis version and effect type (7 language levels x 5 foundations),false,true,true,false,false,false,false,false,false
v1_original_intended,framing,ta,pooled_primary_models,Fairness/Cheating,-0.4,0,1.069966161243848,0.19534820076015513,-2.047625718811265,-0.7995319307318765,-0.0004680692681235388,0.04974940183736498,-0.3738435985068868,30,3,9,18,12,1,15,63,15,0.0693359375,exact_two_sided_sign_permutation_enumerated_by_dynamic_programming,true,,,0.15829355130070677,0.2109375,0.15428884582787297,0.2022579721733898,105 tests within analysis version (3 effects x 7 language levels x 5 foundations),35 tests within analysis version and effect type (7 language levels x 5 foundations),false,false,false,false,false,false,false,false,false
v1_original_intended,framing,es,pooled_primary_models,Fairness/Cheating,-0.3333333333333333,0,0.922266074754828,0.16838197772165503,-1.979625954295134,-0.677713145370519,0.011046478703852392,0.05730728559320997,-0.3614285968633786,30,3,11,16,14,2,24.5,80.5,24.5,0.08642578125,exact_two_sided_sign_permutation_enumerated_by_dynamic_programming,true,,,0.16262878344019044,0.2520751953125,0.15428884582787297,0.23268479567307693,105 tests within analysis version (3 effects x 7 language levels x 5 foundations),35 tests within analysis version and effect type (7 language levels x 5 foundations),false,false,false,false,false,false,false,false,false
v1_original_intended,framing,ja,pooled_primary_models,Fairness/Cheating,0.26666666666666666,0,0.8276819867946673,0.15111336486937743,1.7646795629041392,-0.04239486648653451,0.5757281998198678,0.08814896110772286,0.3221849344569846,30,9,4,17,13,2,69,22,22,0.102294921875,exact_two_sided_sign_permutation_enumerated_by_dynamic_programming,true,,,0.23732412605925385,0.2902963999155405,0.20568090925135335,0.2552083333333333,105 tests within analysis version (3 effects x 7 language levels x 5 foundations),35 tests within analysis version and effect type (7 language levels x 5 foundations),false,false,false,false,false,false,false,false,false
v1_original_intended,framing,ar,pooled_primary_models,Fairness/Cheating,-0.26666666666666666,0,1.2847469449832047,0.23456162748438328,-1.1368725120413008,-0.7463990601045165,0.21306572677118324,0.26489867014583224,-0.2075635732841947,30,7,13,10,20,2,65,145,65,0.1318492889404297,exact_two_sided_sign_permutation_enumerated_by_dynamic_programming,true,,,0.4486187155695546,0.34610438346862793,0.37085813820416513,0.28842031955718994,105 tests within analysis version (3 effects x 7 language levels x 5 foundations),35 tests within analysis version and effect type (7 language levels x 5 foundations),false,false,false,false,false,false,false,false,false
v1_original_intended,framing,all,pooled_primary_models,Fairness/Cheating,-0.2222222222222222,0,0.9428090415820629,0.07027283689263061,-3.162277660168381,-0.36089199311385656,-0.08355245133058786,0.0018390367066127844,-0.23570226039551595,180,26,57,97,83,4,1078,2408,1078,0.001094896158959136,exact_two_sided_sign_permutation_dynamic_programming,true,,,0.027981386907143618,0.028741024172677317,0.02156201884883857,0.019160682781784878,105 tests within analysis version (3 effects x 7 language levels x 5 foundations),35 tests within analysis version and effect type (7 language levels x 5 foundations),true,true,false,true,true,false,true,true,false
v1_original_intended,reasoning,hi,pooled_primary_models,Fairness/Cheating,0.06666666666666667,0,0.5832922809856749,0.10649411330483194,0.6260126930757008,-0.151138250576969,0.28447158391030236,0.5362030951500101,0.11429375776070648,30,4,3,23,7,1,17.5,10.5,10.5,0.765625,exact_two_sided_sign_permutation_enumerated_by_dynamic_programming,true,,,0.6783292167560369,0.9240301724137931,0.647141666560357,0.9240301724137931,105 tests within analysis version (3 effects x 7 language levels x 5 foundations),35 tests within analysis version and effect type (7 language levels x 5 foundations),false,false,false,false,false,false,false,false,false
v1_original_intended,reasoning,bn,pooled_primary_models,Fairness/Cheating,0.1,0,0.5477225575051661,0.09999999999999999,1.0000000000000002,-0.10452296421322776,0.3045229642132278,0.3255819880161952,0.18257418583505539,30,6,3,21,9,1,30,15,15,0.5078125,exact_two_sided_sign_permutation_enumerated_by_dynamic_programming,true,,,0.4748070658569513,0.7509903169014085,0.5179713445712196,0.7875,105 tests within analysis version (3 effects x 7 language levels x 5 foundations),35 tests within analysis version and effect type (7 language levels x 5 foundations),false,false,false,false,false,false,false,false,false
v1_original_intended,reasoning,ta,pooled_primary_models,Fairness/Cheating,0.1,0,0.547722557505166,0.09999999999999998,1.0000000000000002,-0.10452296421322774,0.3045229642132278,0.3255819880161952,0.18257418583505544,30,4,2,24,6,1,15,6,6,0.53125,exact_two_sided_sign_permutation_enumerated_by_dynamic_programming,true,,,0.4748070658569513,0.7538006756756757,0.5179713445712196,0.7875,105 tests within analysis version (3 effects x 7 language levels x 5 foundations),35 tests within analysis version and effect type (7 language levels x 5 foundations),false,false,false,false,false,false,false,false,false
v1_original_intended,reasoning,es,pooled_primary_models,Fairness/Cheating,-0.16666666666666666,0,0.5306686305052324,0.09688639316269664,-1.7202277969703277,-0.36482158988229585,0.03148825654896256,0.0960470169481471,-0.3140691894826885,30,2,7,21,9,1,10,35,10,0.1796875,exact_two_sided_sign_permutation_enumerated_by_dynamic_programming,true,,,0.24597406779403524,0.4287997159090909,0.2585881225527037,0.48377403846153844,105 tests within analysis version (3 effects x 7 language levels x 5 foundations),35 tests within analysis version and effect type (7 language levels x 5 foundations),false,false,false,false,false,false,false,false,false
v1_original_intended,reasoning,ja,pooled_primary_models,Fairness/Cheating,0.3333333333333333,0,0.5466722735905339,0.09980824526939037,3.339737437860371,0.1292025515791674,0.5374641150874993,0.002316228855839375,0.6097498436202111,30,9,0,21,9,1,45,0,0,0.00390625,exact_two_sided_sign_permutation_enumerated_by_dynamic_programming,true,,,0.027981386907143618,0.045572916666666664,0.027981386907143618,0.045572916666666664,105 tests within analysis version (3 effects x 7 language levels x 5 foundations),35 tests within analysis version and effect type (7 language levels x 5 foundations),true,true,false,true,true,false,true,true,false
v1_original_intended,reasoning,ar,pooled_primary_models,Fairness/Cheating,0.4,0,0.7239737088005909,0.13217891045025335,3.0262013708347477,0.12966377428239395,0.6703362257176061,0.005150605210149317,0.5525062514530825,30,12,2,16,14,2,92,13,13,0.0096435546875,exact_two_sided_sign_permutation_enumerated_by_dynamic_programming,true,,,0.03862953907611988,0.06328582763671875,0.045067795588806525,0.084381103515625,105 tests within analysis version (3 effects x 7 language levels x 5 foundations),35 tests within analysis version and effect type (7 language levels x 5 foundations),true,true,false,false,true,true,false,true,true
v1_original_intended,reasoning,all,pooled_primary_models,Fairness/Cheating,0.1388888888888889,0,0.6050429495709991,0.04509723881825771,3.079764804417681,0.0498982624776059,0.2278795153001719,0.0023984045920408814,0.22955211524630928,180,37,17,126,54,2,1060,425,425,0.0021401399353733197,exact_two_sided_sign_permutation_dynamic_programming,true,,,0.027981386907143618,0.03662109375,0.027981386907143618,0.037452448869033095,105 tests within analysis version (3 effects x 7 language levels x 5 foundations),35 tests within analysis version and effect type (7 language levels x 5 foundations),true,true,false,true,true,false,true,true,false
v1_original_intended,language,hi,pooled_primary_models,Sanctity/Degradation,0.14814814814814814,0,0.4560451819471489,0.08776593618660608,1.6879914302191077,-0.03225731739345822,0.3285536136897545,0.10337436804392897,0.32485410220892774,27,5,1,21,6,1,17.5,3.5,3.5,0.21875,exact_two_sided_sign_permutation_enumerated_by_dynamic_programming,true,,,0.2584359201098224,0.48653738839285715,0.2584359201098224,0.546875,105 tests within analysis version (3 effects x 7 language levels x 5 foundations),35 tests within analysis version and effect type (7 language levels x 5 foundations),false,false,false,false,false,false,false,false,false
v1_original_intended,language,bn,pooled_primary_models,Sanctity/Degradation,0.14814814814814814,0,0.6015175490568515,0.11576210629008571,1.279763757726617,-0.08980426921040952,0.3861005655067058,0.21193033422528473,0.24629065000752978,27,7,3,17,10,1,38.5,16.5,16.5,0.34375,exact_two_sided_sign_permutation_enumerated_by_dynamic_programming,true,,,0.39736937667240885,0.5949746408770161,0.4120867609936092,0.5855305989583334,105 tests within analysis version (3 effects x 7 language levels x 5 foundations),35 tests within analysis version and effect type (7 language levels x 5 foundations),false,false,false,false,false,false,false,false,false
v1_original_intended,language,ta,pooled_primary_models,Sanctity/Degradation,-0.14814814814814814,0,0.5337605126836238,0.10272225856022761,-1.4422205101855956,-0.35929677462256415,0.0630004783262679,0.16117896000788834,-0.27755546659548436,27,2,6,19,8,1,9,27,9,0.2890625,exact_two_sided_sign_permutation_enumerated_by_dynamic_programming,true,,,0.3384758160165655,0.5419921875,0.3714259811523585,0.5620659722222222,105 tests within analysis version (3 effects x 7 language levels x 5 foundations),35 tests within analysis version and effect type (7 language levels x 5 foundations),false,false,false,false,false,false,false,false,false
v1_original_intended,language,es,pooled_primary_models,Sanctity/Degradation,-0.07407407407407407,0,0.6751595780557778,0.12993452137881914,-0.570087712549569,-0.34115830786418744,0.1930101597160393,0.5735119825115529,-0.10971343143406388,27,3,6,18,9,1,18,27,18,0.78125,exact_two_sided_sign_permutation_enumerated_by_dynamic_programming,true,,,0.7084559783966242,0.9321732954545454,0.7434414588112722,0.9428879310344828,105 tests within analysis version (3 effects x 7 language levels x 5 foundations),35 tests within analysis version and effect type (7 language levels x 5 foundations),false,false,false,false,false,false,false,false,false
v1_original_intended,language,ja,pooled_primary_models,Sanctity/Degradation,0.037037037037037035,0,0.5871365639519862,0.11299448441625039,0.32777738867854445,-0.19522645208482062,0.26930052615889466,0.7457048469582328,0.06308078786261008,27,5,4,18,9,1,25,20,20,1,exact_two_sided_sign_permutation_enumerated_by_dynamic_programming,true,,,0.841924827210908,1,0.841924827210908,1,105 tests within analysis version (3 effects x 7 language levels x 5 foundations),35 tests within analysis version and effect type (7 language levels x 5 foundations),false,false,false,false,false,false,false,false,false
v1_original_intended,language,ar,pooled_primary_models,Sanctity/Degradation,0.18518518518518517,0,0.6814598039411163,0.13114700041577101,1.4120428572372885,-0.08439133495911993,0.4547617053294903,0.16979473424107816,0.27174777457774557,27,7,3,17,10,1,40,15,15,0.2734375,exact_two_sided_sign_permutation_enumerated_by_dynamic_programming,true,,,0.34285475183294634,0.5419921875,0.3714259811523585,0.5620659722222222,105 tests within analysis version (3 effects x 7 language levels x 5 foundations),35 tests within analysis version and effect type (7 language levels x 5 foundations),false,false,false,false,false,false,false,false,false
v1_original_intended,language,all,pooled_primary_models,Sanctity/Degradation,0.04938271604938271,0,0.5981593831494417,0.04699583956170362,1.0507891019702973,-0.043425048195690805,0.14219048029445625,0.2949301222729308,0.08255778884445776,162,29,23,110,52,2,791.5,586.5,586.5,0.28549929574167976,exact_two_sided_sign_permutation_dynamic_programming,true,,,0.4622039229650408,0.5419921875,0.4558147832226733,0.5620659722222222,105 tests within analysis version (3 effects x 7 language levels x 5 foundations),35 tests within analysis version and effect type (7 language levels x 5 foundations),false,false,false,false,false,false,false,false,false
v1_original_intended,framing,hi,pooled_primary_models,Sanctity/Degradation,0,0,0.6201736729460423,0.11935247900657214,0,-0.24533253417299514,0.24533253417299514,1,0,27,3,4,20,7,1,14,14,14,1,exact_two_sided_sign_permutation_enumerated_by_dynamic_programming,true,,,1,1,1,1,105 tests within analysis version (3 effects x 7 language levels x 5 foundations),35 tests within analysis version and effect type (7 language levels x 5 foundations),false,false,false,false,false,false,false,false,false
v1_original_intended,framing,bn,pooled_primary_models,Sanctity/Degradation,-0.2222222222222222,0,0.6979824404521129,0.13432678329488643,-1.654340383737022,-0.49833487968304113,0.05389043523859671,0.11008258417296823,-0.31837795529394614,27,4,10,13,14,1,30,75,30,0.1795654296875,exact_two_sided_sign_permutation_enumerated_by_dynamic_programming,true,,,0.26880631018980616,0.4287997159090909,0.24080565287836803,0.341796875,105 tests within analysis version (3 effects x 7 language levels x 5 foundations),35 tests within analysis version and effect type (7 language levels x 5 foundations),false,false,false,false,false,false,false,false,false
v1_original_intended,framing,ta,pooled_primary_models,Sanctity/Degradation,-0.18518518518518517,0,0.622466374565235,0.11979370963890962,-1.5458673560021057,-0.4314246819121809,0.06105431154181057,0.13422300794048958,-0.29750231137309024,27,3,8,16,11,1,18,48,18,0.2265625,exact_two_sided_sign_permutation_enumerated_by_dynamic_programming,true,,,0.30337814486999404,0.48653738839285715,0.25015390892788986,0.37841796875,105 tests within analysis version (3 effects x 7 language levels x 5 foundations),35 tests within analysis version and effect type (7 language levels x 5 foundations),false,false,false,false,false,false,false,false,false
v1_original_intended,framing,es,pooled_primary_models,Sanctity/Degradation,-0.48148148148148145,0,0.8024179982245188,0.1544254157591755,-3.117890142075743,-0.7989074696491067,-0.16405549331385622,0.004412390207288341,-0.6000382376103702,27,2,12,13,14,2,12,93,12,0.0081787109375,exact_two_sided_sign_permutation_enumerated_by_dynamic_programming,true,,,0.03862953907611988,0.06328582763671875,0.03088673145101839,0.0572509765625,105 tests within analysis version (3 effects x 7 language levels x 5 foundations),35 tests within analysis version and effect type (7 language levels x 5 foundations),true,true,false,false,true,true,false,true,true
v1_original_intended,framing,ja,pooled_primary_models,Sanctity/Degradation,-0.1111111111111111,0,0.5063696835418333,0.09745089103411436,-1.1401754250991378,-0.31142428645369613,0.08920206423147395,0.26460799967640236,-0.21942686286812776,27,2,5,20,7,1,8,20,8,0.453125,exact_two_sided_sign_permutation_enumerated_by_dynamic_programming,true,,,0.4486187155695546,0.7122734411438899,0.37085813820416513,0.6099759615384616,105 tests within analysis version (3 effects x 7 language levels x 5 foundations),35 tests within analysis version and effect type (7 language levels x 5 foundations),false,false,false,false,false,false,false,false,false
v1_original_intended,framing,ar,pooled_primary_models,Sanctity/Degradation,-0.5925925925925926,0,0.8883545402449347,0.17096391098207975,-3.466185285470613,-0.9440139445617493,-0.24117124062343587,0.0018481730441861632,-0.6670676692091927,27,1,12,14,13,2,5,86,5,0.00244140625,exact_two_sided_sign_permutation_enumerated_by_dynamic_programming,true,,,0.027981386907143618,0.03662109375,0.02156201884883857,0.028483072916666668,105 tests within analysis version (3 effects x 7 language levels x 5 foundations),35 tests within analysis version and effect type (7 language levels x 5 foundations),true,true,false,true,true,false,true,true,false
v1_original_intended,framing,all,pooled_primary_models,Sanctity/Degradation,-0.2654320987654321,0,0.7205347382502675,0.056610555499693134,-4.6887386357986,-0.37722708184473247,-0.15363711568613175,0.000005827273928726839,-0.36838209828717244,162,15,51,96,66,2,475,1736,475,0.000006474402630090231,exact_two_sided_sign_permutation_dynamic_programming,true,,,0.00030593188125815907,0.0003399061380797371,0.00020395458750543938,0.00022660409205315808,105 tests within analysis version (3 effects x 7 language levels x 5 foundations),35 tests within analysis version and effect type (7 language levels x 5 foundations),true,true,false,true,true,false,true,true,false
v1_original_intended,reasoning,hi,pooled_primary_models,Sanctity/Degradation,-0.037037037037037035,0,0.43690180920109617,0.08408179238389579,-0.440488195921603,-0.2098696365359793,0.13579556246190522,0.6632241874733458,-0.08477199283006336,27,2,3,22,5,1,6,9,6,1,exact_two_sided_sign_permutation_enumerated_by_dynamic_programming,true,,,0.7652586778538605,1,0.7254014550489719,1,105 tests within analysis version (3 effects x 7 language levels x 5 foundations),35 tests within analysis version and effect type (7 language levels x 5 foundations),false,false,false,false,false,false,false,false,false
v1_original_intended,reasoning,bn,pooled_primary_models,Sanctity/Degradation,0.07407407407407407,0,0.4744167209018091,0.09130154050690634,0.8113124232385857,-0.1135989302313018,0.26174707837944994,0.42455154281196217,0.15613714865122832,27,4,2,21,6,1,14,7,7,0.6875,exact_two_sided_sign_permutation_enumerated_by_dynamic_programming,true,,,0.5642773670285574,0.8803353658536586,0.5715116922468721,0.9240301724137931,105 tests within analysis version (3 effects x 7 language levels x 5 foundations),35 tests within analysis version and effect type (7 language levels x 5 foundations),false,false,false,false,false,false,false,false,false
v1_original_intended,reasoning,ta,pooled_primary_models,Sanctity/Degradation,0.14814814814814814,0,0.5337605126836238,0.10272225856022761,1.4422205101855956,-0.0630004783262679,0.35929677462256415,0.16117896000788834,0.27755546659548436,27,6,2,19,8,1,27,9,9,0.2890625,exact_two_sided_sign_permutation_enumerated_by_dynamic_programming,true,,,0.3384758160165655,0.5419921875,0.3760842400184062,0.6744791666666666,105 tests within analysis version (3 effects x 7 language levels x 5 foundations),35 tests within analysis version and effect type (7 language levels x 5 foundations),false,false,false,false,false,false,false,false,false
v1_original_intended,reasoning,es,pooled_primary_models,Sanctity/Degradation,-0.1111111111111111,0,0.6405126152203485,0.12326671027227314,-0.9013878188659973,-0.36448946288041034,0.14226724065818813,0.3756566276592168,-0.1734721666221777,27,3,5,19,8,1,12,24,12,0.5625,exact_two_sided_sign_permutation_enumerated_by_dynamic_programming,true,,,0.5189992882133916,0.7670454545454546,0.5478325820030245,0.7875,105 tests within analysis version (3 effects x 7 language levels x 5 foundations),35 tests within analysis version and effect type (7 language levels x 5 foundations),false,false,false,false,false,false,false,false,false
v1_original_intended,reasoning,ja,pooled_primary_models,Sanctity/Degradation,0.037037037037037035,0,0.3375797890278888,0.06496726068940956,0.5700877125495691,-0.09650507985801962,0.1705791539320937,0.5735119825115529,0.1097134314340639,27,2,1,24,3,1,4,2,2,1,exact_two_sided_sign_permutation_enumerated_by_dynamic_programming,true,,,0.7084559783966242,1,0.669097312930145,1,105 tests within analysis version (3 effects x 7 language levels x 5 foundations),35 tests within analysis version and effect type (7 language levels x 5 foundations),false,false,false,false,false,false,false,false,false
v1_original_intended,reasoning,ar,pooled_primary_models,Sanctity/Degradation,0.14814814814814814,0,0.6015175490568513,0.11576210629008567,1.2797637577266174,-0.08980426921040943,0.3861005655067057,0.21193033422528473,0.24629065000752987,27,5,2,20,7,1,21,7,7,0.359375,exact_two_sided_sign_permutation_enumerated_by_dynamic_programming,true,,,0.39736937667240885,0.5989583333333334,0.46359760611781037,0.6987847222222222,105 tests within analysis version (3 effects x 7 language levels x 5 foundations),35 tests within analysis version and effect type (7 language levels x 5 foundations),false,false,false,false,false,false,false,false,false
v1_original_intended,reasoning,all,pooled_primary_models,Sanctity/Degradation,0.043209876543209874,0,0.5149777228746186,0.04046047111162772,1.0679528773650888,-0.03669178920408103,0.12311154229050078,0.2871404512859286,0.08390630239694885,162,22,15,125,37,2,414.5,288.5,288.5,0.3494619276316371,exact_two_sided_sign_permutation_dynamic_programming,true,,,0.4622039229650408,0.5949746408770161,0.502495789750375,0.6987847222222222,105 tests within analysis version (3 effects x 7 language levels x 5 foundations),35 tests within analysis version and effect type (7 language levels x 5 foundations),false,false,false,false,false,false,false,false,false
v2_validated_subset,language,hi,pooled_primary_models,Care/Harm,-0.125,0,0.6123724356957945,0.125,-1,-0.3835822013023453,0.13358220130234533,0.3277158061428589,-0.20412414523193154,24,3,6,15,9,1,15,30,15,0.5078125,exact_two_sided_sign_permutation_enumerated_by_dynamic_programming,true,,,0.5135844723134356,0.7641267123287672,0.47791888395833587,0.7109375,105 tests within analysis version (3 effects x 7 language levels x 5 foundations),35 tests within analysis version and effect type (7 language levels x 5 foundations),false,false,false,false,false,false,false,false,false
v2_validated_subset,language,bn,pooled_primary_models,Care/Harm,-0.5416666666666666,0,1.5874279625330667,0.3240323759693289,-1.6716436592062573,-1.2119787072376926,0.12864537390435937,0.10814656174485138,-0.3412228330678555,24,5,10,9,15,1,36,84,36,0.171875,exact_two_sided_sign_permutation_enumerated_by_dynamic_programming,true,,,0.2893284675184801,0.5099239864864865,0.31542747175581654,0.5951286764705882,105 tests within analysis version (3 effects x 7 language levels x 5 foundations),35 tests within analysis version and effect type (7 language levels x 5 foundations),false,false,false,false,false,false,false,false,false
v2_validated_subset,language,ta,pooled_primary_models,Care/Harm,-0.7916666666666666,0,1.7440374613713625,0.35600015605489715,-2.2237817967264806,-1.5281090987998969,-0.0552242345334365,0.03626573197742089,-0.4539275584391217,24,3,11,10,14,3,22,83,22,0.0562744140625,exact_two_sided_sign_permutation_enumerated_by_dynamic_programming,true,,,0.1655913979094721,0.247802734375,0.21158900843988102,0.3645833333333333,105 tests within analysis version (3 effects x 7 language levels x 5 foundations),35 tests within analysis version and effect type (7 language levels x 5 foundations),false,false,false,false,false,false,false,false,false
v2_validated_subset,language,es,pooled_primary_models,Care/Harm,-0.375,0,1.6100904646471967,0.3286583398421925,-1.1410025383200644,-1.0548815759421477,0.3048815759421476,0.2656104926976468,-0.23290616784204735,24,4,6,14,10,2,19,36,19,0.423828125,exact_two_sided_sign_permutation_enumerated_by_dynamic_programming,true,,,0.5070745769682348,0.7542703919491526,0.47791888395833587,0.6742720170454546,105 tests within analysis version (3 effects x 7 language levels x 5 foundations),35 tests within analysis version and effect type (7 language levels x 5 foundations),false,false,false,false,false,false,false,false,false
v2_validated_subset,language,ja,pooled_primary_models,Care/Harm,-0.375,0,1.6891598117304405,0.34479830272960654,-1.087592360609959,-1.0882696330010728,0.33826963300107293,0.28804145687697913,-0.2220038609702865,24,6,7,11,13,2,34,57,34,0.463134765625,exact_two_sided_sign_permutation_enumerated_by_dynamic_programming,true,,,0.5076666039124219,0.7641267123287672,0.47791888395833587,0.7047702955163043,105 tests within analysis version (3 effects x 7 language levels x 5 foundations),35 tests within analysis version and effect type (7 language levels x 5 foundations),false,false,false,false,false,false,false,false,false
v2_validated_subset,language,ar,pooled_primary_models,Care/Harm,-0.3333333333333333,0,1.6061476099435996,0.327853507996047,-1.0167142495158306,-1.0115499877518446,0.344883321085178,0.3198659060452633,-0.20753592712754365,24,4,5,15,9,2,16,29,16,0.484375,exact_two_sided_sign_permutation_enumerated_by_dynamic_programming,true,,,0.5135844723134356,0.7641267123287672,0.47791888395833587,0.7063802083333334,105 tests within analysis version (3 effects x 7 language levels x 5 foundations),35 tests within analysis version and effect type (7 language levels x 5 foundations),false,false,false,false,false,false,false,false,false
v2_validated_subset,language,all,pooled_primary_models,Care/Harm,-0.4236111111111111,0,1.5125575114124505,0.1260464592843709,-3.360753753149151,-0.6727661637551196,-0.17445605846710266,0.0009970187015777565,-0.2800628127624293,144,25,45,74,70,5,793,1692,793,0.006235117521484584,exact_two_sided_sign_permutation_dynamic_programming,true,,,0.02617174091641611,0.07806951349431818,0.01744782727761074,0.09114583333333333,105 tests within analysis version (3 effects x 7 language levels x 5 foundations),35 tests within analysis version and effect type (7 language levels x 5 foundations),true,true,false,false,true,true,false,true,true
v2_validated_subset,framing,hi,pooled_primary_models,Care/Harm,0.16666666666666666,0,0.7613869876268811,0.15541746804005233,1.0723805294763606,-0.15483886138640238,0.4881721947197357,0.2946727822807982,0.21889875894272826,24,6,2,16,8,2,25,11,11,0.4375,exact_two_sided_sign_permutation_enumerated_by_dynamic_programming,true,,,0.5076666039124219,0.7641267123287672,0.5156773689913968,0.7151442307692307,105 tests within analysis version (3 effects x 7 language levels x 5 foundations),35 tests within analysis version and effect type (7 language levels x 5 foundations),false,false,false,false,false,false,false,false,false
v2_validated_subset,framing,bn,pooled_primary_models,Care/Harm,-0.08333333333333333,0,1.0598058340078624,0.21633195997866922,-0.3852104577684692,-0.5308500887200146,0.3641834220533479,0.7036209260467217,-0.07863075542638984,24,6,5,13,11,1,33,33,33,1,exact_two_sided_sign_permutation_enumerated_by_dynamic_programming,true,,,0.8148344237813027,1,0.8197701357328567,1,105 tests within analysis version (3 effects x 7 language levels x 5 foundations),35 tests within analysis version and effect type (7 language levels x 5 foundations),false,false,false,false,false,false,false,false,false
v2_validated_subset,framing,ta,pooled_primary_models,Care/Harm,-0.20833333333333334,0,1.2503622663458176,0.25522912884810073,-0.8162600181005305,-0.7363150131255078,0.3196483464588411,0.42272536104895075,-0.16661837848177175,24,3,7,14,10,2,22.5,32.5,22.5,0.615234375,exact_two_sided_sign_permutation_enumerated_by_dynamic_programming,true,,,0.5941197492455925,0.8416193181818182,0.5788859095213467,0.76904296875,105 tests within analysis version (3 effects x 7 language levels x 5 foundations),35 tests within analysis version and effect type (7 language levels x 5 foundations),false,false,false,false,false,false,false,false,false
v2_validated_subset,framing,es,pooled_primary_models,Care/Harm,-0.4583333333333333,0,0.8836272412331316,0.18036965532036275,-2.5410778355110044,-0.8314563935004108,-0.08521027316625585,0.01825701183846662,-0.5186953411414905,24,0,7,17,7,2,0,28,0,0.015625,exact_two_sided_sign_permutation_enumerated_by_dynamic_programming,true,,,0.11981164018993719,0.11005812900839373,0.0912850591923331,0.09114583333333333,105 tests within analysis version (3 effects x 7 language levels x 5 foundations),35 tests within analysis version and effect type (7 language levels x 5 foundations),false,false,false,false,false,false,false,true,true
v2_validated_subset,framing,ja,pooled_primary_models,Care/Harm,0.125,0,0.6123724356957945,0.125,1,-0.13358220130234533,0.3835822013023453,0.3277158061428589,0.20412414523193154,24,4,2,18,6,1,15,6,6,0.53125,exact_two_sided_sign_permutation_enumerated_by_dynamic_programming,true,,,0.5135844723134356,0.7641267123287672,0.5213660552272755,0.7151442307692307,105 tests within analysis version (3 effects x 7 language levels x 5 foundations),35 tests within analysis version and effect type (7 language levels x 5 foundations),false,false,false,false,false,false,false,false,false
v2_validated_subset,framing,ar,pooled_primary_models,Care/Harm,-0.25,0,0.7372097807744856,0.15048231635721152,-1.6613247725836149,-0.5612963889657894,0.06129638896578943,0.11022036857846862,-0.3391164991562634,24,2,6,16,8,2,7,29,7,0.171875,exact_two_sided_sign_permutation_enumerated_by_dynamic_programming,true,,,0.2893284675184801,0.5099239864864865,0.25718086001642676,0.4189860026041667,105 tests within analysis version (3 effects x 7 language levels x 5 foundations),35 tests within analysis version and effect type (7 language levels x 5 foundations),false,false,false,false,false,false,false,false,false
v2_validated_subset,framing,all,pooled_primary_models,Care/Harm,-0.11805555555555555,0,0.9198398141009574,0.07665331784174645,-1.540123231185968,-0.269575570878718,0.0334644597676069,0.1257402416706892,-0.12834360259883068,144,21,29,94,50,4,514,761,514,0.21289803858087808,exact_two_sided_sign_permutation_dynamic_programming,true,,,0.32201769208347236,0.5602134146341463,0.2750567786546326,0.4657144593956708,105 tests within analysis version (3 effects x 7 language levels x 5 foundations),35 tests within analysis version and effect type (7 language levels x 5 foundations),false,false,false,false,false,false,false,false,false
v2_validated_subset,reasoning,hi,pooled_primary_models,Care/Harm,0.08333333333333333,0,0.5835920751217648,0.1191252334983594,0.6995439243733445,-0.16309598753596,0.3297626542026266,0.4912272483764042,0.14279380561489988,24,5,3,16,8,1,22.5,13.5,13.5,0.7265625,exact_two_sided_sign_permutation_enumerated_by_dynamic_programming,true,,,0.6367760627101536,0.9418402777777778,0.6367760627101536,0.9418402777777778,105 tests within analysis version (3 effects x 7 language levels x 5 foundations),35 tests within analysis version and effect type (7 language levels x 5 foundations),false,false,false,false,false,false,false,false,false
v2_validated_subset,reasoning,bn,pooled_primary_models,Care/Harm,0.08333333333333333,0,0.5036101551853349,0.10279899245732688,0.8106434833777775,-0.1293225847568969,0.2959892514235635,0.4258794295721371,0.16547190813232432,24,4,2,18,6,1,14,7,7,0.6875,exact_two_sided_sign_permutation_enumerated_by_dynamic_programming,true,,,0.5941197492455925,0.90234375,0.5962312014009918,0.9254807692307693,105 tests within analysis version (3 effects x 7 language levels x 5 foundations),35 tests within analysis version and effect type (7 language levels x 5 foundations),false,false,false,false,false,false,false,false,false
v2_validated_subset,reasoning,ta,pooled_primary_models,Care/Harm,0.20833333333333334,0,0.9315329426211432,0.19014836566792676,1.09563567691749,-0.18501853041431313,0.6016851970809798,0.2845787894309679,0.2236456960363913,24,2,1,21,3,0,5,1,1,0.5,exact_two_sided_sign_permutation_enumerated_by_dynamic_programming,true,,,0.5076666039124219,0.7641267123287672,0.502495789750375,0.8451704545454546,105 tests within analysis version (3 effects x 7 language levels x 5 foundations),35 tests within analysis version and effect type (7 language levels x 5 foundations),false,false,false,false,false,false,false,false,false
v2_validated_subset,reasoning,es,pooled_primary_models,Care/Harm,-0.20833333333333334,0,0.9315329426211432,0.19014836566792676,-1.09563567691749,-0.6016851970809798,0.18501853041431313,0.2845787894309679,-0.2236456960363913,24,2,4,18,6,1,6,15,6,0.53125,exact_two_sided_sign_permutation_enumerated_by_dynamic_programming,true,,,0.5076666039124219,0.7641267123287672,0.502495789750375,0.8451704545454546,105 tests within analysis version (3 effects x 7 language levels x 5 foundations),35 tests within analysis version and effect type (7 language levels x 5 foundations),false,false,false,false,false,false,false,false,false
v2_validated_subset,reasoning,ja,pooled_primary_models,Care/Harm,0.3333333333333333,0,0.701964118163034,0.14328782560351588,2.3263199921511983,0.03691988241826377,0.6297467842484028,0.02917115235530443,0.47485807993381696,24,7,1,16,8,2,32.5,3.5,3.5,0.0546875,exact_two_sided_sign_permutation_enumerated_by_dynamic_programming,true,,,0.16270359026123005,0.247802734375,0.14585576177652215,0.2392578125,105 tests within analysis version (3 effects x 7 language levels x 5 foundations),35 tests within analysis version and effect type (7 language levels x 5 foundations),false,false,false,false,false,false,false,false,false
v2_validated_subset,reasoning,ar,pooled_primary_models,Care/Harm,0.25,0,0.4423258684646914,0.09028938981432691,2.7688746209726913,0.06322216662052632,0.4367778333794737,0.010922496295949102,0.565194165260439,24,6,0,18,6,1,21,0,0,0.03125,exact_two_sided_sign_permutation_enumerated_by_dynamic_programming,true,,,0.09557184258955465,0.19301470588235295,0.08170821358930418,0.15625,105 tests within analysis version (3 effects x 7 language levels x 5 foundations),35 tests within analysis version and effect type (7 language levels x 5 foundations),false,true,true,false,false,false,false,false,false
v2_validated_subset,reasoning,all,pooled_primary_models,Care/Harm,0.125,0,0.7181464096786014,0.05984553413988345,2.0887105745906447,0.006703799584790629,0.24329620041520938,0.03850614706718636,0.17405921454922038,144,26,11,107,37,3,501.5,201.5,201.5,0.015722589858341962,exact_two_sided_sign_permutation_dynamic_programming,true,,,0.16846439341894034,0.11005812900839373,0.16846439341894032,0.09171510750699478,105 tests within analysis version (3 effects x 7 language levels x 5 foundations),35 tests within analysis version and effect type (7 language levels x 5 foundations),false,false,false,false,false,false,false,true,true
v2_validated_subset,language,hi,pooled_primary_models,Loyalty/Betrayal,0.20833333333333334,0,0.7210600087592464,0.14718575794891023,1.4154449196480552,-0.0961436049929337,0.5128102716596004,0.1703369107435293,0.2889264843460393,24,4,1,19,5,1,12.5,2.5,2.5,0.3125,exact_two_sided_sign_permutation_enumerated_by_dynamic_programming,true,,,0.37261199225147035,0.65625,0.37261199225147035,0.6030947142010632,105 tests within analysis version (3 effects x 7 language levels x 5 foundations),35 tests within analysis version and effect type (7 language levels x 5 foundations),false,false,false,false,false,false,false,false,false
v2_validated_subset,language,bn,pooled_primary_models,Loyalty/Betrayal,-0.041666666666666664,0,0.5500329370901872,0.11227500313294322,-0.3711125852058963,-0.27392520635742007,0.19059187302408676,0.7139501617893318,-0.07575303923996593,24,2,2,20,4,1,4,6,4,1,exact_two_sided_sign_permutation_enumerated_by_dynamic_programming,true,,,0.8148344237813027,1,0.8217327298195352,1,105 tests within analysis version (3 effects x 7 language levels x 5 foundations),35 tests within analysis version and effect type (7 language levels x 5 foundations),false,false,false,false,false,false,false,false,false
v2_validated_subset,language,ta,pooled_primary_models,Loyalty/Betrayal,-0.4166666666666667,0,0.6538625481582945,0.13346913374198452,-3.121820416337943,-0.6927686059380227,-0.14056472739531073,0.00479300296329388,-0.6372389240525752,24,0,8,16,8,2,0,36,0,0.0078125,exact_two_sided_sign_permutation_enumerated_by_dynamic_programming,true,,,0.05032653111458574,0.07806951349431818,0.055918367905095266,0.09114583333333333,105 tests within analysis version (3 effects x 7 language levels x 5 foundations),35 tests within analysis version and effect type (7 language levels x 5 foundations),false,true,true,false,true,true,false,true,true
v2_validated_subset,language,es,pooled_primary_models,Loyalty/Betrayal,-0.16666666666666666,0,0.48154341234307685,0.09829463743659811,-1.6955824957813166,-0.37000461646323834,0.03667128312990503,0.10346204867852293,-0.3461093276215864,24,1,5,18,6,1,3.5,17.5,3.5,0.21875,exact_two_sided_sign_permutation_enumerated_by_dynamic_programming,true,,,0.2893284675184801,0.5602134146341463,0.31542747175581654,0.5951286764705882,105 tests within analysis version (3 effects x 7 language levels x 5 foundations),35 tests within analysis version and effect type (7 language levels x 5 foundations),false,false,false,false,false,false,false,false,false
v2_validated_subset,language,ja,pooled_primary_models,Loyalty/Betrayal,0.041666666666666664,0,0.8064504441319253,0.1646160075803408,0.2531143069201897,-0.29886749021115805,0.3822008235444914,0.8024285356541343,0.0516667415460565,24,3,4,17,7,1,14,14,14,1,exact_two_sided_sign_permutation_enumerated_by_dynamic_programming,true,,,0.8299308067512192,1,0.8260293749380795,1,105 tests within analysis version (3 effects x 7 language levels x 5 foundations),35 tests within analysis version and effect type (7 language levels x 5 foundations),false,false,false,false,false,false,false,false,false
v2_validated_subset,language,ar,pooled_primary_models,Loyalty/Betrayal,0.08333333333333333,0,0.7172815023567723,0.14641447355925183,0.5691604887655423,-0.21954808167046969,0.3862147483371363,0.5747639985876489,0.11617939826905467,24,5,4,15,9,1,27,18,18,0.78125,exact_two_sided_sign_permutation_enumerated_by_dynamic_programming,true,,,0.6936806879506108,0.9538517441860465,0.6936806879506108,0.9428879310344828,105 tests within analysis version (3 effects x 7 language levels x 5 foundations),35 tests within analysis version and effect type (7 language levels x 5 foundations),false,false,false,false,false,false,false,false,false
v2_validated_subset,language,all,pooled_primary_models,Loyalty/Betrayal,-0.04861111111111111,0,0.6827531791591329,0.05689609826326108,-0.8543839137472148,-0.16107718464070875,0.06385496241848654,0.39432136075401747,-0.07119865947893457,144,15,24,105,39,3,316.5,463.5,316.5,0.2887872596620582,exact_two_sided_sign_permutation_dynamic_programming,true,,,0.5831513081573498,0.6194196428571429,0.5520499050556245,0.5951286764705882,105 tests within analysis version (3 effects x 7 language levels x 5 foundations),35 tests within analysis version and effect type (7 language levels x 5 foundations),false,false,false,false,false,false,false,false,false
v2_validated_subset,framing,hi,pooled_primary_models,Loyalty/Betrayal,-0.2916666666666667,0,0.5500329370901873,0.11227500313294325,-2.5977880964412736,-0.5239252063574201,-0.05940812697591322,0.016089343401683553,-0.5302712746797615,24,0,6,18,6,1,0,21,0,0.03125,exact_two_sided_sign_permutation_enumerated_by_dynamic_programming,true,,,0.11262540381178487,0.19301470588235295,0.0912850591923331,0.15625,105 tests within analysis version (3 effects x 7 language levels x 5 foundations),35 tests within analysis version and effect type (7 language levels x 5 foundations),false,false,false,false,false,false,false,false,false
v2_validated_subset,framing,bn,pooled_primary_models,Loyalty/Betrayal,0.041666666666666664,0,0.6902530516863499,0.14089731416920842,0.29572364038556287,-0.24980163457702972,0.33313496791036307,0.7700945768295733,0.06036433531857813,24,3,2,19,5,2,8.5,6.5,6.5,1,exact_two_sided_sign_permutation_enumerated_by_dynamic_programming,true,,,0.821374028038642,1,0.8197701357328567,1,105 tests within analysis version (3 effects x 7 language levels x 5 foundations),35 tests within analysis version and effect type (7 language levels x 5 foundations),false,false,false,false,false,false,false,false,false
v2_validated_subset,framing,ta,pooled_primary_models,Loyalty/Betrayal,0.4583333333333333,0,0.9770927002733854,0.19944821225566464,2.298006726406824,0.045743271166235944,0.8709233955004307,0.030991160049758104,0.4690786587650221,24,7,1,16,8,2,33,3,3,0.046875,exact_two_sided_sign_permutation_enumerated_by_dynamic_programming,true,,,0.16270359026123005,0.247802734375,0.11713597709629886,0.18022017045454544,105 tests within analysis version (3 effects x 7 language levels x 5 foundations),35 tests within analysis version and effect type (7 language levels x 5 foundations),false,false,false,false,false,false,false,false,false
v2_validated_subset,framing,es,pooled_primary_models,Loyalty/Betrayal,-0.20833333333333334,0,0.883627241233132,0.1803696553203628,-1.155035379777729,-0.5814563935004109,0.16478972683374424,0.2599353205738517,-0.23577060960976834,24,2,6,16,8,1,10.5,25.5,10.5,0.390625,exact_two_sided_sign_permutation_enumerated_by_dynamic_programming,true,,,0.5070745769682348,0.7195413523706896,0.4874357888775833,0.695556640625,105 tests within analysis version (3 effects x 7 language levels x 5 foundations),35 tests within analysis version and effect type (7 language levels x 5 foundations),false,false,false,false,false,false,false,false,false
v2_validated_subset,framing,ja,pooled_primary_models,Loyalty/Betrayal,0.16666666666666666,0,1.1671841502435296,0.2382504669967188,0.6995439243733445,-0.32619197507192,0.6595253084052533,0.4912272483764042,0.14279380561489988,24,4,3,17,7,3,18.5,9.5,9.5,0.515625,exact_two_sided_sign_permutation_enumerated_by_dynamic_programming,true,,,0.6367760627101536,0.7641267123287672,0.6313094461798885,0.7151442307692307,105 tests within analysis version (3 effects x 7 language levels x 5 foundations),35 tests within analysis version and effect type (7 language levels x 5 foundations),false,false,false,false,false,false,false,false,false
v2_validated_subset,framing,ar,pooled_primary_models,Loyalty/Betrayal,-0.041666666666666664,0,0.624093545570845,0.12739256153441422,-0.3270729951953333,-0.3051982585955732,0.22186492526223986,0.746570789034388,-0.06676349557269505,24,4,5,15,9,1,20,25,20,1,exact_two_sided_sign_permutation_enumerated_by_dynamic_programming,true,,,0.821374028038642,1,0.8197701357328567,1,105 tests within analysis version (3 effects x 7 language levels x 5 foundations),35 tests within analysis version and effect type (7 language levels x 5 foundations),false,false,false,false,false,false,false,false,false
v2_validated_subset,framing,all,pooled_primary_models,Loyalty/Betrayal,0.020833333333333332,0,0.864762791356499,0.07206356594637492,0.2890966199041019,-0.12161415522781775,0.16328082189448442,0.7729261279766935,0.024091384992008493,144,20,23,101,43,3,488,458,458,0.8514094935862886,exact_two_sided_sign_permutation_dynamic_programming,true,,,0.821374028038642,1,0.8197701357328567,0.99331107585067,105 tests within analysis version (3 effects x 7 language levels x 5 foundations),35 tests within analysis version and effect type (7 language levels x 5 foundations),false,false,false,false,false,false,false,false,false
v2_validated_subset,reasoning,hi,pooled_primary_models,Loyalty/Betrayal,-0.08333333333333333,0,0.7172815023567723,0.14641447355925183,-0.5691604887655423,-0.3862147483371363,0.21954808167046969,0.5747639985876489,-0.11617939826905467,24,2,4,18,6,2,8,13,8,0.78125,exact_two_sided_sign_permutation_enumerated_by_dynamic_programming,true,,,0.6936806879506108,0.9538517441860465,0.670557998352257,0.9765625,105 tests within analysis version (3 effects x 7 language levels x 5 foundations),35 tests within analysis version and effect type (7 language levels x 5 foundations),false,false,false,false,false,false,false,false,false
v2_validated_subset,reasoning,bn,pooled_primary_models,Loyalty/Betrayal,0.20833333333333334,0,0.5882299658752715,0.12007193898409806,1.735070950764977,-0.04005439704385841,0.4567210637105251,0.09611073295770245,0.35416987474165573,24,5,1,18,6,1,18,3,3,0.1875,exact_two_sided_sign_permutation_enumerated_by_dynamic_programming,true,,,0.2893284675184801,0.5180921052631579,0.25875966565535274,0.5048076923076923,105 tests within analysis version (3 effects x 7 language levels x 5 foundations),35 tests within analysis version and effect type (7 language levels x 5 foundations),false,false,false,false,false,false,false,false,false
v2_validated_subset,reasoning,ta,pooled_primary_models,Loyalty/Betrayal,-0.16666666666666666,0,0.8681147322824312,0.17720317769039834,-0.9405399431259601,-0.5332393687862975,0.19990603545296418,0.35671474035556816,-0.1919869119470761,24,3,6,15,9,2,15,30,15,0.48046875,exact_two_sided_sign_permutation_enumerated_by_dynamic_programming,true,,,0.5508095255490391,0.7641267123287672,0.5675007232929494,0.8451704545454546,105 tests within analysis version (3 effects x 7 language levels x 5 foundations),35 tests within analysis version and effect type (7 language levels x 5 foundations),false,false,false,false,false,false,false,false,false
v2_validated_subset,reasoning,es,pooled_primary_models,Loyalty/Betrayal,-0.041666666666666664,0,0.3586407511783862,0.07320723677962591,-0.5691604887655423,-0.19310737416856816,0.10977404083523484,0.5747639985876489,-0.11617939826905467,24,1,2,21,3,1,2,4,2,1,exact_two_sided_sign_permutation_enumerated_by_dynamic_programming,true,,,0.6936806879506108,1,0.670557998352257,1,105 tests within analysis version (3 effects x 7 language levels x 5 foundations),35 tests within analysis version and effect type (7 language levels x 5 foundations),false,false,false,false,false,false,false,false,false
v2_validated_subset,reasoning,ja,pooled_primary_models,Loyalty/Betrayal,0.20833333333333334,0,0.5089773777040515,0.10389457216622948,2.0052378963551982,-0.006588964059538627,0.4232556307262053,0.056843755787757244,0.4093174715801814,24,4,0,20,4,1,10,0,0,0.125,exact_two_sided_sign_permutation_enumerated_by_dynamic_programming,true,,,0.21316408420408967,0.3977272727272727,0.1808664956883185,0.3977272727272727,105 tests within analysis version (3 effects x 7 language levels x 5 foundations),35 tests within analysis version and effect type (7 language levels x 5 foundations),false,false,false,false,false,false,false,false,false
v2_validated_subset,reasoning,ar,pooled_primary_models,Loyalty/Betrayal,-0.125,0,0.5366968215490656,0.10955277994739751,-1.1410025383200644,-0.3516271919807159,0.10162719198071588,0.2656104926976468,-0.23290616784204732,24,1,3,20,4,1,2,8,2,0.5,exact_two_sided_sign_permutation_enumerated_by_dynamic_programming,true,,,0.5070745769682348,0.7641267123287672,0.502495789750375,0.8451704545454546,105 tests within analysis version (3 effects x 7 language levels x 5 foundations),35 tests within analysis version and effect type (7 language levels x 5 foundations),false,false,false,false,false,false,false,false,false
v2_validated_subset,reasoning,all,pooled_primary_models,Loyalty/Betrayal,0,0,0.6257862187747438,0.052148851564561984,0,-0.1030822280186343,0.1030822280186343,1,0,144,16,16,112,32,2,264,264,264,1,exact_two_sided_sign_permutation_dynamic_programming,true,,,1,1,1,1,105 tests within analysis version (3 effects x 7 language levels x 5 foundations),35 tests within analysis version and effect type (7 language levels x 5 foundations),false,false,false,false,false,false,false,false,false
v2_validated_subset,language,hi,pooled_primary_models,Authority/Subversion,0.8,1,1.6561573424216502,0.427617987059879,1.8708286933869707,-0.11714936616019844,1.7171493661601986,0.0824178778794209,0.48304589153964794,15,8,1,6,9,2,38,7,7,0.07421875,exact_two_sided_sign_permutation_enumerated_by_dynamic_programming,true,,,0.2704336617918498,0.2997295673076923,0.31542747175581654,0.37109375,105 tests within analysis version (3 effects x 7 language levels x 5 foundations),35 tests within analysis version and effect type (7 language levels x 5 foundations),false,false,false,false,false,false,false,false,false
v2_validated_subset,language,bn,pooled_primary_models,Authority/Subversion,0.5333333333333333,0,0.833809387832792,0.21528865819918697,2.477294149141329,0.07158508516804996,0.9950815814986167,0.026607580197571368,0.6396345988854294,15,7,1,7,8,2,32.5,3.5,3.5,0.0546875,exact_two_sided_sign_permutation_enumerated_by_dynamic_programming,true,,,0.16270359026123005,0.247802734375,0.21158900843988102,0.3645833333333333,105 tests within analysis version (3 effects x 7 language levels x 5 foundations),35 tests within analysis version and effect type (7 language levels x 5 foundations),false,false,false,false,false,false,false,false,false
v2_validated_subset,language,ta,pooled_primary_models,Authority/Subversion,-0.06666666666666667,0,0.7988086367179803,0.2062515031210259,-0.32322996757772704,-0.5090321449236621,0.3756988115903288,0.7512984958350035,-0.08345761876158002,15,4,5,6,9,1,20,25,20,1,exact_two_sided_sign_permutation_enumerated_by_dynamic_programming,true,,,0.821374028038642,1,0.8217327298195352,1,105 tests within analysis version (3 effects x 7 language levels x 5 foundations),35 tests within analysis version and effect type (7 language levels x 5 foundations),false,false,false,false,false,false,false,false,false
v2_validated_subset,language,es,pooled_primary_models,Authority/Subversion,0.4666666666666667,0,0.9154754164341269,0.23637473611411153,1.974266261862182,-0.040306720710942656,0.973640054044276,0.06841716354055727,0.5097533568780934,15,6,1,8,7,1,24.5,3.5,3.5,0.109375,exact_two_sided_sign_permutation_enumerated_by_dynamic_programming,true,,,0.2355760251395378,0.39601293103448276,0.29932509048993805,0.478515625,105 tests within analysis version (3 effects x 7 language levels x 5 foundations),35 tests within analysis version and effect type (7 language levels x 5 foundations),false,false,false,false,false,false,false,false,false
v2_validated_subset,language,ja,pooled_primary_models,Authority/Subversion,0.26666666666666666,0,0.7037315505489968,0.18170270503179917,1.4675987714106857,-0.12304687624417548,0.6563802095775089,0.16431789846960054,0.3789323733725367,15,6,2,7,8,1,27,9,9,0.2890625,exact_two_sided_sign_permutation_enumerated_by_dynamic_programming,true,,,0.37261199225147035,0.6194196428571429,0.37261199225147035,0.5951286764705882,105 tests within analysis version (3 effects x 7 language levels x 5 foundations),35 tests within analysis version and effect type (7 language levels x 5 foundations),false,false,false,false,false,false,false,false,false
v2_validated_subset,language,ar,pooled_primary_models,Authority/Subversion,0.4666666666666667,0,0.915475416434127,0.23637473611411156,1.9742662618621818,-0.040306720710942656,0.973640054044276,0.06841716354055727,0.5097533568780933,15,5,1,9,6,2,19,2,2,0.125,exact_two_sided_sign_permutation_enumerated_by_dynamic_programming,true,,,0.2355760251395378,0.3977272727272727,0.29932509048993805,0.4861111111111111,105 tests within analysis version (3 effects x 7 language levels x 5 foundations),35 tests within analysis version and effect type (7 language levels x 5 foundations),false,false,false,false,false,false,false,false,false
v2_validated_subset,language,all,pooled_primary_models,Authority/Subversion,0.4111111111111111,0,1.0265513822135708,0.10820801676629821,3.799266666156598,0.19610408668071078,0.6261181355415114,0.0002650051189472258,0.4004778701136469,90,36,11,43,47,3,893.5,234.5,234.5,0.0001306197422081823,exact_two_sided_sign_permutation_dynamic_programming,true,,,0.009275179163152902,0.00457169097728638,0.009275179163152902,0.00457169097728638,105 tests within analysis version (3 effects x 7 language levels x 5 foundations),35 tests within analysis version and effect type (7 language levels x 5 foundations),true,true,false,true,true,false,true,true,false
v2_validated_subset,framing,hi,pooled_primary_models,Authority/Subversion,-0.3333333333333333,0,1.5886502207249789,0.41018772318777197,-0.8126360553720011,-1.2130985015737434,0.5464318349070769,0.43002953278728606,-0.20982172726556322,15,5,7,3,12,3,30,48,30,0.52099609375,exact_two_sided_sign_permutation_enumerated_by_dynamic_programming,true,,,0.5941197492455925,0.7641267123287672,0.5788859095213467,0.7151442307692307,105 tests within analysis version (3 effects x 7 language levels x 5 foundations),35 tests within analysis version and effect type (7 language levels x 5 foundations),false,false,false,false,false,false,false,false,false
v2_validated_subset,framing,bn,pooled_primary_models,Authority/Subversion,-0.13333333333333333,0,0.9154754164341269,0.23637473611411153,-0.5640760748177662,-0.6403067207109426,0.373640054044276,0.5816268369539013,-0.14564381625088382,15,3,6,6,9,1,18,27,18,0.78125,exact_two_sided_sign_permutation_enumerated_by_dynamic_programming,true,,,0.6939865668199958,0.9538517441860465,0.7019634239098809,0.9428879310344828,105 tests within analysis version (3 effects x 7 language levels x 5 foundations),35 tests within analysis version and effect type (7 language levels x 5 foundations),false,false,false,false,false,false,false,false,false
v2_validated_subset,framing,ta,pooled_primary_models,Authority/Subversion,0.2,0,0.8618916073713346,0.22253945610567472,0.8987170342729172,-0.2772996629918999,0.6772996629918999,0.38400022136030443,0.23204774044612858,15,5,3,7,8,1,24,12,12,0.5625,exact_two_sided_sign_permutation_enumerated_by_dynamic_programming,true,,,0.5760003320404566,0.7875,0.5788859095213467,0.7291666666666666,105 tests within analysis version (3 effects x 7 language levels x 5 foundations),35 tests within analysis version and effect type (7 language levels x 5 foundations),false,false,false,false,false,false,false,false,false
v2_validated_subset,framing,es,pooled_primary_models,Authority/Subversion,-0.6,-1,0.9856107606091623,0.2544836041121407,-2.357715743980127,-1.1458130463930414,-0.05418695360695858,0.03346742202751396,-0.6087595874350707,15,2,8,5,10,2,8,47,8,0.056640625,exact_two_sided_sign_permutation_enumerated_by_dynamic_programming,true,,,0.1655913979094721,0.247802734375,0.11713597709629886,0.18022017045454544,105 tests within analysis version (3 effects x 7 language levels x 5 foundations),35 tests within analysis version and effect type (7 language levels x 5 foundations),false,false,false,false,false,false,false,false,false
v2_validated_subset,framing,ja,pooled_primary_models,Authority/Subversion,-0.06666666666666667,0,1.0327955589886446,0.26666666666666666,-0.25,-0.6386097834447241,0.5052764501113908,0.8062184979868987,-0.06454972243679027,15,3,3,9,6,2,9,12,9,0.90625,exact_two_sided_sign_permutation_enumerated_by_dynamic_programming,true,,,0.8299308067512192,1,0.8299308067512192,1,105 tests within analysis version (3 effects x 7 language levels x 5 foundations),35 tests within analysis version and effect type (7 language levels x 5 foundations),false,false,false,false,false,false,false,false,false
v2_validated_subset,framing,ar,pooled_primary_models,Authority/Subversion,0.4,0,1.804755622554715,0.465985898008574,0.8583950752789522,-0.5994403508061718,1.399440350806172,0.40513150474697324,0.22163665540145625,15,6,5,4,11,3,42.5,23.5,23.5,0.3974609375,exact_two_sided_sign_permutation_enumerated_by_dynamic_programming,true,,,0.5908167777560026,0.7195413523706896,0.5788859095213467,0.695556640625,105 tests within analysis version (3 effects x 7 language levels x 5 foundations),35 tests within analysis version and effect type (7 language levels x 5 foundations),false,false,false,false,false,false,false,false,false
v2_validated_subset,framing,all,pooled_primary_models,Authority/Subversion,-0.08888888888888889,0,1.259966509671242,0.1328121315364565,-0.6692829025523861,-0.3527837652877896,0.17500598751001178,0.5050475569439108,-0.07054861236913536,90,24,32,34,56,3,717,879,717,0.49830834517792455,exact_two_sided_sign_permutation_dynamic_programming,true,,,0.6467072375501296,0.7641267123287672,0.6313094461798885,0.7151442307692307,105 tests within analysis version (3 effects x 7 language levels x 5 foundations),35 tests within analysis version and effect type (7 language levels x 5 foundations),false,false,false,false,false,false,false,false,false
v2_validated_subset,reasoning,hi,pooled_primary_models,Authority/Subversion,-0.4,0,1.0555973258234952,0.27255405754769874,-1.4675987714106857,-0.9845703143662632,0.18457031436626314,0.16431789846960054,-0.37893237337253677,15,2,7,6,9,2,11.5,33.5,11.5,0.24609375,exact_two_sided_sign_permutation_enumerated_by_dynamic_programming,true,,,0.37261199225147035,0.6009265988372093,0.38340842976240125,0.615234375,105 tests within analysis version (3 effects x 7 language levels x 5 foundations),35 tests within analysis version and effect type (7 language levels x 5 foundations),false,false,false,false,false,false,false,false,false
v2_validated_subset,reasoning,bn,pooled_primary_models,Authority/Subversion,-0.3333333333333333,0,0.6172133998483676,0.15936381457791915,-2.091650066335189,-0.6751347213758414,0.008468054709174833,0.05517849323721946,-0.5400617248673216,15,1,6,8,7,1,4,24,4,0.125,exact_two_sided_sign_permutation_enumerated_by_dynamic_programming,true,,,0.21316408420408967,0.3977272727272727,0.1808664956883185,0.3977272727272727,105 tests within analysis version (3 effects x 7 language levels x 5 foundations),35 tests within analysis version and effect type (7 language levels x 5 foundations),false,false,false,false,false,false,false,false,false
v2_validated_subset,reasoning,ta,pooled_primary_models,Authority/Subversion,0.06666666666666667,0,0.8837151016885368,0.2281742581087798,0.29217435489538873,-0.42271844465054514,0.5560517779838785,0.7744383692935768,0.0754390940465824,15,4,4,7,8,1,20,16,16,1,exact_two_sided_sign_permutation_enumerated_by_dynamic_programming,true,,,0.821374028038642,1,0.7972159683904467,1,105 tests within analysis version (3 effects x 7 language levels x 5 foundations),35 tests within analysis version and effect type (7 language levels x 5 foundations),false,false,false,false,false,false,false,false,false
v2_validated_subset,reasoning,es,pooled_primary_models,Authority/Subversion,-0.6,0,0.828078671210825,0.21380899352993948,-2.806243040080456,-1.0585746830800993,-0.1414253169199008,0.014007122329595001,-0.724568837309472,15,0,7,8,7,1,0,28,0,0.015625,exact_two_sided_sign_permutation_enumerated_by_dynamic_programming,true,,,0.1050534174719625,0.11005812900839373,0.08170821358930418,0.09171510750699478,105 tests within analysis version (3 effects x 7 language levels x 5 foundations),35 tests within analysis version and effect type (7 language levels x 5 foundations),false,false,false,false,false,false,false,true,true
v2_validated_subset,reasoning,ja,pooled_primary_models,Authority/Subversion,0.2,0,1.0823255385643318,0.2794552524023087,0.7156780854205471,-0.3993719052211568,0.7993719052211568,0.48595615784113777,0.18478728707195918,15,3,3,9,6,1,13.5,7.5,7.5,0.65625,exact_two_sided_sign_permutation_enumerated_by_dynamic_programming,true,,,0.6367760627101536,0.8834134615384616,0.6367760627101536,0.9254807692307693,105 tests within analysis version (3 effects x 7 language levels x 5 foundations),35 tests within analysis version and effect type (7 language levels x 5 foundations),false,false,false,false,false,false,false,false,false
v2_validated_subset,reasoning,ar,pooled_primary_models,Authority/Subversion,-0.4,0,0.7367883976130074,0.19023794624226842,-2.102629932151387,-0.8080198146372233,0.008019814637223288,0.05406938182147991,-0.5428967140306368,15,0,4,11,4,2,0,10,0,0.125,exact_two_sided_sign_permutation_enumerated_by_dynamic_programming,true,,,0.21316408420408967,0.3977272727272727,0.1808664956883185,0.3977272727272727,105 tests within analysis version (3 effects x 7 language levels x 5 foundations),35 tests within analysis version and effect type (7 language levels x 5 foundations),false,false,false,false,false,false,false,false,false
v2_validated_subset,reasoning,all,pooled_primary_models,Authority/Subversion,-0.24444444444444444,0,0.9033161268176211,0.09521788026350632,-2.5672115758927627,-0.43364034434012455,-0.055248544548764295,0.011921112348940222,-0.27060786051237806,90,10,31,49,41,3,247.5,613.5,247.5,0.010184879107328015,exact_two_sided_sign_permutation_dynamic_programming,true,,,0.09628590743374794,0.08911769218912013,0.08170821358930418,0.08911769218912013,105 tests within analysis version (3 effects x 7 language levels x 5 foundations),35 tests within analysis version and effect type (7 language levels x 5 foundations),false,true,true,false,true,true,false,true,true
v2_validated_subset,language,hi,pooled_primary_models,Fairness/Cheating,0,0,0.8320502943378437,0.16012815380508713,0,-0.3291481341018644,0.3291481341018644,1,0,27,5,4,18,9,2,22,23,22,1,exact_two_sided_sign_permutation_enumerated_by_dynamic_programming,true,,,1,1,1,1,105 tests within analysis version (3 effects x 7 language levels x 5 foundations),35 tests within analysis version and effect type (7 language levels x 5 foundations),false,false,false,false,false,false,false,false,false
v2_validated_subset,language,bn,pooled_primary_models,Fairness/Cheating,0.1111111111111111,0,0.8006407690254357,0.15408338784034142,0.7211102550927978,-0.20561182860051297,0.4278340508227352,0.4772763423124726,0.13877773329774218,27,5,4,18,9,1,27,18,18,0.78125,exact_two_sided_sign_permutation_enumerated_by_dynamic_programming,true,,,0.6367760627101536,0.9538517441860465,0.6186915548495016,0.9428879310344828,105 tests within analysis version (3 effects x 7 language levels x 5 foundations),35 tests within analysis version and effect type (7 language levels x 5 foundations),false,false,false,false,false,false,false,false,false
v2_validated_subset,language,ta,pooled_primary_models,Fairness/Cheating,-0.037037037037037035,0,0.7586162241203227,0.14599576040249526,-0.25368570248156347,-0.3371356204613938,0.2630615463873197,0.801733754216932,-0.04882183620576332,27,4,5,18,9,2,20.5,24.5,20.5,0.97265625,exact_two_sided_sign_permutation_enumerated_by_dynamic_programming,true,,,0.8299308067512192,1,0.8260293749380795,1,105 tests within analysis version (3 effects x 7 language levels x 5 foundations),35 tests within analysis version and effect type (7 language levels x 5 foundations),false,false,false,false,false,false,false,false,false
v2_validated_subset,language,es,pooled_primary_models,Fairness/Cheating,0.1111111111111111,0,0.8006407690254357,0.15408338784034142,0.7211102550927978,-0.20561182860051297,0.4278340508227352,0.4772763423124726,0.13877773329774218,27,5,3,19,8,2,23,13,13,0.6171875,exact_two_sided_sign_permutation_enumerated_by_dynamic_programming,true,,,0.6367760627101536,0.8416193181818182,0.6186915548495016,0.8308293269230769,105 tests within analysis version (3 effects x 7 language levels x 5 foundations),35 tests within analysis version and effect type (7 language levels x 5 foundations),false,false,false,false,false,false,false,false,false
v2_validated_subset,language,ja,pooled_primary_models,Fairness/Cheating,-0.3333333333333333,0,0.7844645405527362,0.15097027121927944,-2.2079402165819615,-0.6436571701844366,-0.023009496482230052,0.036272401446836744,-0.4249182927993987,27,2,11,14,13,2,18.5,72.5,18.5,0.0625,exact_two_sided_sign_permutation_enumerated_by_dynamic_programming,true,,,0.1655913979094721,0.2625,0.21158900843988102,0.3645833333333333,105 tests within analysis version (3 effects x 7 language levels x 5 foundations),35 tests within analysis version and effect type (7 language levels x 5 foundations),false,false,false,false,false,false,false,false,false
v2_validated_subset,language,ar,pooled_primary_models,Fairness/Cheating,-0.25925925925925924,0,1.1297580609817646,0.21742204020899047,-1.192424001771182,-0.7061766635185982,0.18765814500007977,0.24386462236022455,-0.22948210613692088,27,5,9,13,14,2,36.5,68.5,36.5,0.351318359375,exact_two_sided_sign_permutation_enumerated_by_dynamic_programming,true,,,0.5020742225063447,0.6784815534761961,0.47418121014488107,0.6030947142010632,105 tests within analysis version (3 effects x 7 language levels x 5 foundations),35 tests within analysis version and effect type (7 language levels x 5 foundations),false,false,false,false,false,false,false,false,false
v2_validated_subset,language,all,pooled_primary_models,Fairness/Cheating,-0.06790123456790123,0,0.8642416214502244,0.06790123456790122,-1.0000000000000002,-0.20199314203246002,0.06619067289665756,0.3188110954729604,-0.07856742013183864,162,26,36,100,62,2,853.5,1099.5,853.5,0.36185682852063794,exact_two_sided_sign_permutation_dynamic_programming,true,,,0.5135844723134356,0.6784815534761961,0.47791888395833587,0.6030947142010632,105 tests within analysis version (3 effects x 7 language levels x 5 foundations),35 tests within analysis version and effect type (7 language levels x 5 foundations),false,false,false,false,false,false,false,false,false
v2_validated_subset,framing,hi,pooled_primary_models,Fairness/Cheating,-0.25925925925925924,0,0.655895898904262,0.12622722459758243,-2.05390921083616,-0.5187230353777552,0.00020451685923672525,0.0501679358049949,-0.3952750119224363,27,2,8,17,10,1,10,45,10,0.091796875,exact_two_sided_sign_permutation_enumerated_by_dynamic_programming,true,,,0.21070533038097858,0.3569878472222222,0.15962525028862015,0.2677408854166667,105 tests within analysis version (3 effects x 7 language levels x 5 foundations),35 tests within analysis version and effect type (7 language levels x 5 foundations),false,false,false,false,false,false,false,false,false
v2_validated_subset,framing,bn,pooled_primary_models,Fairness/Cheating,-0.2962962962962963,0,0.6688000054526371,0.12871062106070105,-2.302034547378653,-0.5608647669525537,-0.03172782564003879,0.029595748940924427,-0.4430267552042945,27,2,9,16,11,1,11,55,11,0.0556640625,exact_two_sided_sign_permutation_enumerated_by_dynamic_programming,true,,,0.16270359026123005,0.247802734375,0.11713597709629886,0.18022017045454544,105 tests within analysis version (3 effects x 7 language levels x 5 foundations),35 tests within analysis version and effect type (7 language levels x 5 foundations),false,false,false,false,false,false,false,false,false
v2_validated_subset,framing,ta,pooled_primary_models,Fairness/Cheating,-0.4074074074074074,0,1.1183524715903528,0.21522703350719116,-1.8929193083627902,-0.8498129107731799,0.034998095958365116,0.06955101694595878,-0.3642924907458324,27,3,8,16,11,1,13.5,52.5,13.5,0.1015625,exact_two_sided_sign_permutation_enumerated_by_dynamic_programming,true,,,0.2355760251395378,0.380859375,0.2028571327590464,0.2734375,105 tests within analysis version (3 effects x 7 language levels x 5 foundations),35 tests within analysis version and effect type (7 language levels x 5 foundations),false,false,false,false,false,false,false,false,false
v2_validated_subset,framing,es,pooled_primary_models,Fairness/Cheating,-0.5185185185185185,0,0.7529618628798984,0.1449075780744105,-3.578270546018357,-0.8163803111328862,-0.22065672590415075,0.0013896207271462124,-0.6886384876590026,27,0,11,16,11,1,0,66,0,0.0009765625,exact_two_sided_sign_permutation_enumerated_by_dynamic_programming,true,,,0.02918203527007046,0.025634765625,0.01617151413662893,0.011393229166666666,105 tests within analysis version (3 effects x 7 language levels x 5 foundations),35 tests within analysis version and effect type (7 language levels x 5 foundations),true,true,false,true,true,false,true,true,false
v2_validated_subset,framing,ja,pooled_primary_models,Fairness/Cheating,0.14814814814814814,0,0.769800358919501,0.14814814814814814,1,-0.15637473165077193,0.4526710279470682,0.32652702226061425,0.19245008972987523,27,6,4,17,10,2,37,18,18,0.353515625,exact_two_sided_sign_permutation_enumerated_by_dynamic_programming,true,,,0.5135844723134356,0.6784815534761961,0.5213660552272755,0.6873914930555556,105 tests within analysis version (3 effects x 7 language levels x 5 foundations),35 tests within analysis version and effect type (7 language levels x 5 foundations),false,false,false,false,false,false,false,false,false
v2_validated_subset,framing,ar,pooled_primary_models,Fairness/Cheating,-0.4074074074074074,0,1.2787992943881519,0.246105038951501,-1.6554208282086156,-0.9132835599705287,0.09846874515571385,0.10986167381579204,-0.3185858869294525,27,4,13,10,17,2,35,118,35,0.0387725830078125,exact_two_sided_sign_permutation_enumerated_by_dynamic_programming,true,,,0.2893284675184801,0.22617340087890625,0.25718086001642676,0.1696300506591797,105 tests within analysis version (3 effects x 7 language levels x 5 foundations),35 tests within analysis version and effect type (7 language levels x 5 foundations),false,false,false,false,false,false,false,false,false
v2_validated_subset,framing,all,pooled_primary_models,Fairness/Cheating,-0.29012345679012347,0,0.9169358828376065,0.07204128674086058,-4.027183160036069,-0.4323911727861128,-0.14785574079413416,0.0000867661744317072,-0.3164053912824193,162,17,53,92,70,4,583.5,1901.5,583.5,0.000021749425960844997,exact_two_sided_sign_permutation_dynamic_programming,true,,,0.004555224157664628,0.0011418448629443624,0.001518408052554876,0.00038061495431478744,105 tests within analysis version (3 effects x 7 language levels x 5 foundations),35 tests within analysis version and effect type (7 language levels x 5 foundations),true,true,false,true,true,false,true,true,false
v2_validated_subset,reasoning,hi,pooled_primary_models,Fairness/Cheating,0.037037037037037035,0,0.5871365639519861,0.11299448441625036,0.3277773886785445,-0.19522645208482056,0.26930052615889466,0.7457048469582328,0.06308078786261008,27,3,3,21,6,1,12,9,9,1,exact_two_sided_sign_permutation_enumerated_by_dynamic_programming,true,,,0.821374028038642,1,0.7908990801072167,1,105 tests within analysis version (3 effects x 7 language levels x 5 foundations),35 tests within analysis version and effect type (7 language levels x 5 foundations),false,false,false,false,false,false,false,false,false
v2_validated_subset,reasoning,bn,pooled_primary_models,Fairness/Cheating,0.037037037037037035,0,0.5175000172041232,0.09959292474614549,0.371884218998905,-0.16767915165919312,0.24175322573326719,0.7129928241351271,0.07156915131546385,27,4,3,20,7,1,16,12,12,1,exact_two_sided_sign_permutation_enumerated_by_dynamic_programming,true,,,0.8148344237813027,1,0.7798359013977952,1,105 tests within analysis version (3 effects x 7 language levels x 5 foundations),35 tests within analysis version and effect type (7 language levels x 5 foundations),false,false,false,false,false,false,false,false,false
v2_validated_subset,reasoning,ta,pooled_primary_models,Fairness/Cheating,0.1111111111111111,0,0.5773502691896257,0.1111111111111111,1,-0.11728104873807893,0.33950327096030114,0.32652702226061425,0.19245008972987526,27,4,2,21,6,1,15,6,6,0.53125,exact_two_sided_sign_permutation_enumerated_by_dynamic_programming,true,,,0.5135844723134356,0.7641267123287672,0.5442117037676905,0.8451704545454546,105 tests within analysis version (3 effects x 7 language levels x 5 foundations),35 tests within analysis version and effect type (7 language levels x 5 foundations),false,false,false,false,false,false,false,false,false
v2_validated_subset,reasoning,es,pooled_primary_models,Fairness/Cheating,-0.18518518518518517,0,0.5572623354770271,0.1072451864656337,-1.7267458921760281,-0.405630823118022,0.03526045274765169,0.0960782659607935,-0.33231240188997013,27,2,7,18,9,1,10,35,10,0.1796875,exact_two_sided_sign_permutation_enumerated_by_dynamic_programming,true,,,0.2893284675184801,0.5099239864864865,0.25875966565535274,0.5048076923076923,105 tests within analysis version (3 effects x 7 language levels x 5 foundations),35 tests within analysis version and effect type (7 language levels x 5 foundations),false,false,false,false,false,false,false,false,false
v2_validated_subset,reasoning,ja,pooled_primary_models,Fairness/Cheating,0.3333333333333333,0,0.554700196225229,0.10675210253672474,3.1224989991991996,0.11390124393209045,0.5527654227345762,0.004362658456633861,0.6009252125773316,27,8,0,19,8,1,36,0,0,0.0078125,exact_two_sided_sign_permutation_enumerated_by_dynamic_programming,true,,,0.05032653111458574,0.07806951349431818,0.07634652299109257,0.08911769218912013,105 tests within analysis version (3 effects x 7 language levels x 5 foundations),35 tests within analysis version and effect type (7 language levels x 5 foundations),false,true,true,false,true,true,false,true,true
v2_validated_subset,reasoning,ar,pooled_primary_models,Fairness/Cheating,0.4444444444444444,0,0.6979824404521128,0.1343267832948864,3.3086807674740446,0.16833178698362555,0.7205571019052632,0.002748244817944334,0.6367559105878924,27,11,1,15,12,2,72.5,5.5,5.5,0.00537109375,exact_two_sided_sign_permutation_enumerated_by_dynamic_programming,true,,,0.04122367226916501,0.07806951349431818,0.07634652299109257,0.08911769218912013,105 tests within analysis version (3 effects x 7 language levels x 5 foundations),35 tests within analysis version and effect type (7 language levels x 5 foundations),true,true,false,false,true,true,false,true,true
v2_validated_subset,reasoning,all,pooled_primary_models,Fairness/Cheating,0.12962962962962962,0,0.6118791835531748,0.04807376888414868,2.6964732043792865,0.03469316183625616,0.2245660974230031,0.007753271329949296,0.2118549431227125,162,32,16,114,48,2,824,352,352,0.006742707080789501,exact_two_sided_sign_permutation_dynamic_programming,true,,,0.07400849905860692,0.07806951349431818,0.08170821358930418,0.08911769218912013,105 tests within analysis version (3 effects x 7 language levels x 5 foundations),35 tests within analysis version and effect type (7 language levels x 5 foundations),false,true,true,false,true,true,false,true,true
v2_validated_subset,language,hi,pooled_primary_models,Sanctity/Degradation,0.14814814814814814,0,0.4560451819471489,0.08776593618660608,1.6879914302191077,-0.03225731739345822,0.3285536136897545,0.10337436804392897,0.32485410220892774,27,5,1,21,6,1,17.5,3.5,3.5,0.21875,exact_two_sided_sign_permutation_enumerated_by_dynamic_programming,true,,,0.2893284675184801,0.5602134146341463,0.31542747175581654,0.5951286764705882,105 tests within analysis version (3 effects x 7 language levels x 5 foundations),35 tests within analysis version and effect type (7 language levels x 5 foundations),false,false,false,false,false,false,false,false,false
v2_validated_subset,language,bn,pooled_primary_models,Sanctity/Degradation,0.14814814814814814,0,0.6015175490568515,0.11576210629008571,1.279763757726617,-0.08980426921040952,0.3861005655067058,0.21193033422528473,0.24629065000752978,27,7,3,17,10,1,38.5,16.5,16.5,0.34375,exact_two_sided_sign_permutation_enumerated_by_dynamic_programming,true,,,0.44505370187309795,0.6784815534761961,0.43632715869911565,0.6030947142010632,105 tests within analysis version (3 effects x 7 language levels x 5 foundations),35 tests within analysis version and effect type (7 language levels x 5 foundations),false,false,false,false,false,false,false,false,false
v2_validated_subset,language,ta,pooled_primary_models,Sanctity/Degradation,-0.14814814814814814,0,0.5337605126836238,0.10272225856022761,-1.4422205101855956,-0.35929677462256415,0.0630004783262679,0.16117896000788834,-0.27755546659548436,27,2,6,19,8,1,9,27,9,0.2890625,exact_two_sided_sign_permutation_enumerated_by_dynamic_programming,true,,,0.37261199225147035,0.6194196428571429,0.37261199225147035,0.5951286764705882,105 tests within analysis version (3 effects x 7 language levels x 5 foundations),35 tests within analysis version and effect type (7 language levels x 5 foundations),false,false,false,false,false,false,false,false,false
v2_validated_subset,language,es,pooled_primary_models,Sanctity/Degradation,-0.07407407407407407,0,0.6751595780557778,0.12993452137881914,-0.570087712549569,-0.34115830786418744,0.1930101597160393,0.5735119825115529,-0.10971343143406388,27,3,6,18,9,1,18,27,18,0.78125,exact_two_sided_sign_permutation_enumerated_by_dynamic_programming,true,,,0.6936806879506108,0.9538517441860465,0.6936806879506108,0.9428879310344828,105 tests within analysis version (3 effects x 7 language levels x 5 foundations),35 tests within analysis version and effect type (7 language levels x 5 foundations),false,false,false,false,false,false,false,false,false
v2_validated_subset,language,ja,pooled_primary_models,Sanctity/Degradation,0.037037037037037035,0,0.5871365639519862,0.11299448441625039,0.32777738867854445,-0.19522645208482062,0.26930052615889466,0.7457048469582328,0.06308078786261008,27,5,4,18,9,1,25,20,20,1,exact_two_sided_sign_permutation_enumerated_by_dynamic_programming,true,,,0.821374028038642,1,0.8217327298195352,1,105 tests within analysis version (3 effects x 7 language levels x 5 foundations),35 tests within analysis version and effect type (7 language levels x 5 foundations),false,false,false,false,false,false,false,false,false
v2_validated_subset,language,ar,pooled_primary_models,Sanctity/Degradation,0.18518518518518517,0,0.6814598039411163,0.13114700041577101,1.4120428572372885,-0.08439133495911993,0.4547617053294903,0.16979473424107816,0.27174777457774557,27,7,3,17,10,1,40,15,15,0.2734375,exact_two_sided_sign_permutation_enumerated_by_dynamic_programming,true,,,0.37261199225147035,0.6194196428571429,0.37261199225147035,0.5951286764705882,105 tests within analysis version (3 effects x 7 language levels x 5 foundations),35 tests within analysis version and effect type (7 language levels x 5 foundations),false,false,false,false,false,false,false,false,false
v2_validated_subset,language,all,pooled_primary_models,Sanctity/Degradation,0.04938271604938271,0,0.5981593831494417,0.04699583956170362,1.0507891019702973,-0.043425048195690805,0.14219048029445625,0.2949301222729308,0.08255778884445776,162,29,23,110,52,2,791.5,586.5,586.5,0.28549929574167976,exact_two_sided_sign_permutation_dynamic_programming,true,,,0.5076666039124219,0.6194196428571429,0.47791888395833587,0.5951286764705882,105 tests within analysis version (3 effects x 7 language levels x 5 foundations),35 tests within analysis version and effect type (7 language levels x 5 foundations),false,false,false,false,false,false,false,false,false
v2_validated_subset,framing,hi,pooled_primary_models,Sanctity/Degradation,0,0,0.6201736729460423,0.11935247900657214,0,-0.24533253417299514,0.24533253417299514,1,0,27,3,4,20,7,1,14,14,14,1,exact_two_sided_sign_permutation_enumerated_by_dynamic_programming,true,,,1,1,1,1,105 tests within analysis version (3 effects x 7 language levels x 5 foundations),35 tests within analysis version and effect type (7 language levels x 5 foundations),false,false,false,false,false,false,false,false,false
v2_validated_subset,framing,bn,pooled_primary_models,Sanctity/Degradation,-0.2222222222222222,0,0.6979824404521129,0.13432678329488643,-1.654340383737022,-0.49833487968304113,0.05389043523859671,0.11008258417296823,-0.31837795529394614,27,4,10,13,14,1,30,75,30,0.1795654296875,exact_two_sided_sign_permutation_enumerated_by_dynamic_programming,true,,,0.2893284675184801,0.5099239864864865,0.25718086001642676,0.4189860026041667,105 tests within analysis version (3 effects x 7 language levels x 5 foundations),35 tests within analysis version and effect type (7 language levels x 5 foundations),false,false,false,false,false,false,false,false,false
v2_validated_subset,framing,ta,pooled_primary_models,Sanctity/Degradation,-0.18518518518518517,0,0.622466374565235,0.11979370963890962,-1.5458673560021057,-0.4314246819121809,0.06105431154181057,0.13422300794048958,-0.29750231137309024,27,3,8,16,11,1,18,48,18,0.2265625,exact_two_sided_sign_permutation_enumerated_by_dynamic_programming,true,,,0.33555751985122395,0.56640625,0.27634148693630206,0.4664522058823529,105 tests within analysis version (3 effects x 7 language levels x 5 foundations),35 tests within analysis version and effect type (7 language levels x 5 foundations),false,false,false,false,false,false,false,false,false
v2_validated_subset,framing,es,pooled_primary_models,Sanctity/Degradation,-0.48148148148148145,0,0.8024179982245188,0.1544254157591755,-3.117890142075743,-0.7989074696491067,-0.16405549331385622,0.004412390207288341,-0.6000382376103702,27,2,12,13,14,2,12,93,12,0.0081787109375,exact_two_sided_sign_permutation_enumerated_by_dynamic_programming,true,,,0.05032653111458574,0.07806951349431818,0.03088673145101839,0.0572509765625,105 tests within analysis version (3 effects x 7 language levels x 5 foundations),35 tests within analysis version and effect type (7 language levels x 5 foundations),false,true,true,false,true,true,false,true,true
v2_validated_subset,framing,ja,pooled_primary_models,Sanctity/Degradation,-0.1111111111111111,0,0.5063696835418333,0.09745089103411436,-1.1401754250991378,-0.31142428645369613,0.08920206423147395,0.26460799967640236,-0.21942686286812776,27,2,5,20,7,1,8,20,8,0.453125,exact_two_sided_sign_permutation_enumerated_by_dynamic_programming,true,,,0.5070745769682348,0.7641267123287672,0.4874357888775833,0.7151442307692307,105 tests within analysis version (3 effects x 7 language levels x 5 foundations),35 tests within analysis version and effect type (7 language levels x 5 foundations),false,false,false,false,false,false,false,false,false
v2_validated_subset,framing,ar,pooled_primary_models,Sanctity/Degradation,-0.5925925925925926,0,0.8883545402449347,0.17096391098207975,-3.466185285470613,-0.9440139445617493,-0.24117124062343587,0.0018481730441861632,-0.6670676692091927,27,1,12,14,13,2,5,86,5,0.00244140625,exact_two_sided_sign_permutation_enumerated_by_dynamic_programming,true,,,0.03234302827325786,0.05126953125,0.01617151413662893,0.0213623046875,105 tests within analysis version (3 effects x 7 language levels x 5 foundations),35 tests within analysis version and effect type (7 language levels x 5 foundations),true,true,false,false,true,true,true,true,false
v2_validated_subset,framing,all,pooled_primary_models,Sanctity/Degradation,-0.2654320987654321,0,0.7205347382502675,0.056610555499693134,-4.6887386357986,-0.37722708184473247,-0.15363711568613175,0.000005827273928726839,-0.36838209828717244,162,15,51,96,66,2,475,1736,475,0.000006474402630090231,exact_two_sided_sign_permutation_dynamic_programming,true,,,0.0006118637625163181,0.0006798122761594742,0.00020395458750543938,0.00022660409205315808,105 tests within analysis version (3 effects x 7 language levels x 5 foundations),35 tests within analysis version and effect type (7 language levels x 5 foundations),true,true,false,true,true,false,true,true,false
v2_validated_subset,reasoning,hi,pooled_primary_models,Sanctity/Degradation,-0.037037037037037035,0,0.43690180920109617,0.08408179238389579,-0.440488195921603,-0.2098696365359793,0.13579556246190522,0.6632241874733458,-0.08477199283006336,27,2,3,22,5,1,6,9,6,1,exact_two_sided_sign_permutation_enumerated_by_dynamic_programming,true,,,0.7824555020752955,1,0.7488015019860356,1,105 tests within analysis version (3 effects x 7 language levels x 5 foundations),35 tests within analysis version and effect type (7 language levels x 5 foundations),false,false,false,false,false,false,false,false,false
v2_validated_subset,reasoning,bn,pooled_primary_models,Sanctity/Degradation,0.07407407407407407,0,0.4744167209018091,0.09130154050690634,0.8113124232385857,-0.1135989302313018,0.26174707837944994,0.42455154281196217,0.15613714865122832,27,4,2,21,6,1,14,7,7,0.6875,exact_two_sided_sign_permutation_enumerated_by_dynamic_programming,true,,,0.5941197492455925,0.90234375,0.5962312014009918,0.9254807692307693,105 tests within analysis version (3 effects x 7 language levels x 5 foundations),35 tests within analysis version and effect type (7 language levels x 5 foundations),false,false,false,false,false,false,false,false,false
v2_validated_subset,reasoning,ta,pooled_primary_models,Sanctity/Degradation,0.14814814814814814,0,0.5337605126836238,0.10272225856022761,1.4422205101855956,-0.0630004783262679,0.35929677462256415,0.16117896000788834,0.27755546659548436,27,6,2,19,8,1,27,9,9,0.2890625,exact_two_sided_sign_permutation_enumerated_by_dynamic_programming,true,,,0.37261199225147035,0.6194196428571429,0.38340842976240125,0.6744791666666666,105 tests within analysis version (3 effects x 7 language levels x 5 foundations),35 tests within analysis version and effect type (7 language levels x 5 foundations),false,false,false,false,false,false,false,false,false
v2_validated_subset,reasoning,es,pooled_primary_models,Sanctity/Degradation,-0.1111111111111111,0,0.6405126152203485,0.12326671027227314,-0.9013878188659973,-0.36448946288041034,0.14226724065818813,0.3756566276592168,-0.1734721666221777,27,3,5,19,8,1,12,24,12,0.5625,exact_two_sided_sign_permutation_enumerated_by_dynamic_programming,true,,,0.5716513899161995,0.7875,0.5716513899161996,0.8559782608695652,105 tests within analysis version (3 effects x 7 language levels x 5 foundations),35 tests within analysis version and effect type (7 language levels x 5 foundations),false,false,false,false,false,false,false,false,false
v2_validated_subset,reasoning,ja,pooled_primary_models,Sanctity/Degradation,0.037037037037037035,0,0.3375797890278888,0.06496726068940956,0.5700877125495691,-0.09650507985801962,0.1705791539320937,0.5735119825115529,0.1097134314340639,27,2,1,24,3,1,4,2,2,1,exact_two_sided_sign_permutation_enumerated_by_dynamic_programming,true,,,0.6936806879506108,1,0.670557998352257,1,105 tests within analysis version (3 effects x 7 language levels x 5 foundations),35 tests within analysis version and effect type (7 language levels x 5 foundations),false,false,false,false,false,false,false,false,false
v2_validated_subset,reasoning,ar,pooled_primary_models,Sanctity/Degradation,0.14814814814814814,0,0.6015175490568513,0.11576210629008567,1.2797637577266174,-0.08980426921040943,0.3861005655067057,0.21193033422528473,0.24629065000752987,27,5,2,20,7,1,21,7,7,0.359375,exact_two_sided_sign_permutation_enumerated_by_dynamic_programming,true,,,0.44505370187309795,0.6784815534761961,0.46359760611781037,0.7398897058823529,105 tests within analysis version (3 effects x 7 language levels x 5 foundations),35 tests within analysis version and effect type (7 language levels x 5 foundations),false,false,false,false,false,false,false,false,false
v2_validated_subset,reasoning,all,pooled_primary_models,Sanctity/Degradation,0.043209876543209874,0,0.5149777228746186,0.04046047111162772,1.0679528773650888,-0.03669178920408103,0.12311154229050078,0.2871404512859286,0.08390630239694885,162,22,15,125,37,2,414.5,288.5,288.5,0.3494619276316371,exact_two_sided_sign_permutation_dynamic_programming,true,,,0.5076666039124219,0.6784815534761961,0.502495789750375,0.7398897058823529,105 tests within analysis version (3 effects x 7 language levels x 5 foundations),35 tests within analysis version and effect type (7 language levels x 5 foundations),false,false,false,false,false,false,false,false,false
v3_human_scenario_majority,language,hi,pooled_primary_models,Care/Harm,0.030303030303030304,0,0.6839612783652522,0.11906237610228565,0.2545139051903112,-0.21221909353127766,0.27282515413733827,0.8007270620278182,0.04430518402366009,33,6,6,21,12,1,42,36,36,1,exact_two_sided_sign_permutation_enumerated_by_dynamic_programming,true,,,0.8471783708630034,1,0.8229732745526319,1,105 tests within analysis version (3 effects x 7 language levels x 5 foundations),35 tests within analysis version and effect type (7 language levels x 5 foundations),false,false,false,false,false,false,false,false,false
v3_human_scenario_majority,language,bn,pooled_primary_models,Care/Harm,-0.36363636363636365,0,1.4101901870444156,0.24548260221241897,-1.4813121596360823,-0.8636680613221411,0.13639533404941384,0.14830397819756347,-0.2578633484881217,33,7,11,15,18,1,60,111,60,0.2493743896484375,exact_two_sided_sign_permutation_enumerated_by_dynamic_programming,true,,,0.3594454029022512,0.5951286764705882,0.34957739402574917,0.532483552631579,105 tests within analysis version (3 effects x 7 language levels x 5 foundations),35 tests within analysis version and effect type (7 language levels x 5 foundations),false,false,false,false,false,false,false,false,false
v3_human_scenario_majority,language,ta,pooled_primary_models,Care/Harm,-0.5151515151515151,0,1.5835326828252574,0.27565765755545835,-1.8688090137596634,-1.0766477892062771,0.04634475890324685,0.07082680943376407,-0.32531789254416166,33,6,12,15,18,3,50,121,50,0.1214141845703125,exact_two_sided_sign_permutation_enumerated_by_dynamic_programming,true,,,0.24789383301817425,0.41015625,0.34884544775186727,0.5013020833333334,105 tests within analysis version (3 effects x 7 language levels x 5 foundations),35 tests within analysis version and effect type (7 language levels x 5 foundations),false,false,false,false,false,false,false,false,false
v3_human_scenario_majority,language,es,pooled_primary_models,Care/Harm,-0.24242424242424243,0,1.392621247645583,0.2424242424242425,-0.9999999999999998,-0.7362262650811863,0.2513777802327014,0.32481271365109743,-0.1740776559556978,33,5,6,22,11,2,25.5,40.5,25.5,0.544921875,exact_two_sided_sign_permutation_enumerated_by_dynamic_programming,true,,,0.5426366466936586,0.84375,0.541354522751829,0.8669211647727273,105 tests within analysis version (3 effects x 7 language levels x 5 foundations),35 tests within analysis version and effect type (7 language levels x 5 foundations),false,false,false,false,false,false,false,false,false
v3_human_scenario_majority,language,ja,pooled_primary_models,Care/Harm,-0.21212121212121213,0,1.4738888984073681,0.2565711245738803,-0.8267540335004896,-0.7347394907347509,0.31049706649232656,0.4144989577620799,-0.1439194042036837,33,8,7,18,15,2,52,68,52,0.67572021484375,exact_two_sided_sign_permutation_enumerated_by_dynamic_programming,true,,,0.6185356293515758,0.9214366566051136,0.6594301600760363,0.95703125,105 tests within analysis version (3 effects x 7 language levels x 5 foundations),35 tests within analysis version and effect type (7 language levels x 5 foundations),false,false,false,false,false,false,false,false,false
v3_human_scenario_majority,language,ar,pooled_primary_models,Care/Harm,-0.12121212121212122,0,1.4525317500311257,0.252853322246646,-0.4793772141695839,-0.6362574843009235,0.3938332418766811,0.6349303300584404,-0.0834488617612137,33,7,5,21,12,2,38,40,38,0.96337890625,exact_two_sided_sign_permutation_enumerated_by_dynamic_programming,true,,,0.7843257018368969,1,0.7603940928180497,1,105 tests within analysis version (3 effects x 7 language levels x 5 foundations),35 tests within analysis version and effect type (7 language levels x 5 foundations),false,false,false,false,false,false,false,false,false
v3_human_scenario_majority,language,all,pooled_primary_models,Care/Harm,-0.23737373737373738,0,1.3590147116624216,0.09658097002141389,-2.457769240887796,-0.4278390434148712,-0.0469084313326035,0.01484454980126082,-0.17466605426468765,198,39,47,112,86,5,1516,2225,1516,0.11391139485916078,exact_two_sided_sign_permutation_dynamic_programming,true,,,0.10391184860882574,0.41015625,0.23281632672874947,0.5013020833333334,105 tests within analysis version (3 effects x 7 language levels x 5 foundations),35 tests within analysis version and effect type (7 language levels x 5 foundations),false,false,false,false,false,false,false,false,false
v3_human_scenario_majority,framing,hi,pooled_primary_models,Care/Harm,0.030303030303030304,0,0.7699370300894939,0.13402883343147068,0.22609336757768864,-0.24270476949856432,0.3033108301046249,0.8225667449485461,0.039357803455054005,33,6,4,23,10,2,29,26,26,0.998046875,exact_two_sided_sign_permutation_enumerated_by_dynamic_programming,true,,,0.8471783708630034,1,0.8814694262534218,1,105 tests within analysis version (3 effects x 7 language levels x 5 foundations),35 tests within analysis version and effect type (7 language levels x 5 foundations),false,false,false,false,false,false,false,false,false
v3_human_scenario_majority,framing,bn,pooled_primary_models,Care/Harm,0.06060606060606061,0,0.9981042636979974,0.1737476506239351,0.34881657615755784,-0.29330632229765286,0.41451844350977407,0.7295117755532254,0.060721171935999824,33,9,5,19,14,1,65,40,40,0.5098876953125,exact_two_sided_sign_permutation_enumerated_by_dynamic_programming,true,,,0.8392164049220784,0.84375,0.851097071478763,0.7597859700520834,105 tests within analysis version (3 effects x 7 language levels x 5 foundations),35 tests within analysis version and effect type (7 language levels x 5 foundations),false,false,false,false,false,false,false,false,false
v3_human_scenario_majority,framing,ta,pooled_primary_models,Care/Harm,-0.15151515151515152,0,1.0642254261084712,0.18525786758541637,-0.8178608201095309,-0.5288730791381638,0.22584277610786077,0.4194850745240082,-0.1423712944626718,33,3,7,23,10,2,22.5,32.5,22.5,0.615234375,exact_two_sided_sign_permutation_enumerated_by_dynamic_programming,true,,,0.6185356293515758,0.8849261558219178,0.6020413459022005,0.76904296875,105 tests within analysis version (3 effects x 7 language levels x 5 foundations),35 tests within analysis version and effect type (7 language levels x 5 foundations),false,false,false,false,false,false,false,false,false
v3_human_scenario_majority,framing,es,pooled_primary_models,Care/Harm,-0.3939393939393939,0,0.8268688657895644,0.1439393939393939,-2.7368421052631584,-0.6871343448919542,-0.10074444298683366,0.010040298984469453,-0.47642305840506793,33,1,10,22,11,2,5,61,5,0.009765625,exact_two_sided_sign_permutation_enumerated_by_dynamic_programming,true,,,0.0958392175790266,0.08911769218912013,0.05020149492234727,0.048828125,105 tests within analysis version (3 effects x 7 language levels x 5 foundations),35 tests within analysis version and effect type (7 language levels x 5 foundations),false,true,true,false,true,true,true,true,false
v3_human_scenario_majority,framing,ja,pooled_primary_models,Care/Harm,-0.030303030303030304,0,0.8095078939102632,0.14091723664953235,-0.2150413322281882,-0.3173420483026912,0.25673598769663053,0.8310997447532262,-0.037433891047873466,33,6,6,21,12,2,36,42,36,0.87255859375,exact_two_sided_sign_permutation_enumerated_by_dynamic_programming,true,,,0.8472376038746482,1,0.8814694262534218,0.9851467993951613,105 tests within analysis version (3 effects x 7 language levels x 5 foundations),35 tests within analysis version and effect type (7 language levels x 5 foundations),false,false,false,false,false,false,false,false,false
v3_human_scenario_majority,framing,ar,pooled_primary_models,Care/Harm,-0.3333333333333333,0,0.7359800721939871,0.12811768579763455,-2.6017745423519636,-0.594300519421453,-0.07236614724521356,0.013931046551871828,-0.45291081365783836,33,2,10,21,12,2,10,68,10,0.0224609375,exact_two_sided_sign_permutation_enumerated_by_dynamic_programming,true,,,0.10391184860882574,0.16680054671179345,0.06094832866443925,0.0982666015625,105 tests within analysis version (3 effects x 7 language levels x 5 foundations),35 tests within analysis version and effect type (7 language levels x 5 foundations),false,false,false,false,false,false,false,true,true
v3_human_scenario_majority,framing,all,pooled_primary_models,Care/Harm,-0.13636363636363635,0,0.8821932227838741,0.0626947423538622,-2.175041020090194,-0.2600026232877769,-0.012724649439495805,0.03081809894721932,-0.15457343452868905,198,27,42,129,69,4,897,1518,897,0.05018210951096275,exact_two_sided_sign_permutation_dynamic_programming,true,,,0.15973087785858936,0.283203125,0.10648725190572624,0.18022017045454544,105 tests within analysis version (3 effects x 7 language levels x 5 foundations),35 tests within analysis version and effect type (7 language levels x 5 foundations),false,false,false,false,false,false,false,false,false
v3_human_scenario_majority,reasoning,hi,pooled_primary_models,Care/Harm,0.030303030303030304,0,0.5294365215047317,0.09216306864088211,0.3287979746107146,-0.1574269972471653,0.2180330578532259,0.7444505694712866,0.05723638070321425,33,5,4,24,9,1,25,20,20,1,exact_two_sided_sign_permutation_enumerated_by_dynamic_programming,true,,,0.8392164049220784,1,0.8033056304392683,1,105 tests within analysis version (3 effects x 7 language levels x 5 foundations),35 tests within analysis version and effect type (7 language levels x 5 foundations),false,false,false,false,false,false,false,false,false
v3_human_scenario_majority,reasoning,bn,pooled_primary_models,Care/Harm,0.12121212121212122,0,0.48461168459755977,0.08436006610348516,1.4368424162141995,-0.05062371029054838,0.2930479527147908,0.16046888309243634,0.250122159792289,33,6,2,25,8,1,27,9,9,0.2890625,exact_two_sided_sign_permutation_enumerated_by_dynamic_programming,true,,,0.3594454029022512,0.5951286764705882,0.38340842976240125,0.6744791666666666,105 tests within analysis version (3 effects x 7 language levels x 5 foundations),35 tests within analysis version and effect type (7 language levels x 5 foundations),false,false,false,false,false,false,false,false,false
v3_human_scenario_majority,reasoning,ta,pooled_primary_models,Care/Harm,0.12121212121212122,0,0.8572330399888266,0.14922511820903192,0.8122769321068951,-0.18274949774959992,0.42517374017384235,0.4226345651456631,0.1413992643280538,33,3,3,27,6,1,13.5,7.5,7.5,0.65625,exact_two_sided_sign_permutation_enumerated_by_dynamic_programming,true,,,0.6185356293515758,0.9066611842105263,0.5715116922468721,0.8834134615384616,105 tests within analysis version (3 effects x 7 language levels x 5 foundations),35 tests within analysis version and effect type (7 language levels x 5 foundations),false,false,false,false,false,false,false,false,false
v3_human_scenario_majority,reasoning,es,pooled_primary_models,Care/Harm,-0.15151515151515152,0,0.8337120351630755,0.1451306368232425,-1.0439915019437616,-0.44713658481798235,0.14410628178767929,0.3043122522166344,-0.18173559349603835,33,3,5,25,8,1,12,24,12,0.5625,exact_two_sided_sign_permutation_enumerated_by_dynamic_programming,true,,,0.5426366466936586,0.84375,0.5179713445712196,0.8559782608695652,105 tests within analysis version (3 effects x 7 language levels x 5 foundations),35 tests within analysis version and effect type (7 language levels x 5 foundations),false,false,false,false,false,false,false,false,false
v3_human_scenario_majority,reasoning,ja,pooled_primary_models,Care/Harm,0.30303030303030304,0,0.6839612783652526,0.11906237610228572,2.5451390519031105,0.06050817919599494,0.5455524268646111,0.015944582103525562,0.44305184023660066,33,10,2,21,12,2,67,11,11,0.02734375,exact_two_sided_sign_permutation_enumerated_by_dynamic_programming,true,,,0.1046363200543865,0.179443359375,0.09301006227056578,0.13671875,105 tests within analysis version (3 effects x 7 language levels x 5 foundations),35 tests within analysis version and effect type (7 language levels x 5 foundations),false,false,false,false,false,false,false,false,false
v3_human_scenario_majority,reasoning,ar,pooled_primary_models,Care/Harm,0.15151515151515152,0,0.5075192189225523,0.08834775598250455,1.7149858514250884,-0.02844333846547023,0.3314736414957733,0.09601808710643378,0.2985407170132661,33,7,2,24,9,1,35,10,10,0.1796875,exact_two_sided_sign_permutation_enumerated_by_dynamic_programming,true,,,0.29652644547575135,0.5048076923076923,0.28005275406043184,0.546875,105 tests within analysis version (3 effects x 7 language levels x 5 foundations),35 tests within analysis version and effect type (7 language levels x 5 foundations),false,false,false,false,false,false,false,false,false
v3_human_scenario_majority,reasoning,all,pooled_primary_models,Care/Harm,0.09595959595959595,0,0.6728104841616279,0.047814559064941385,2.006911656955036,0.0016655065183040496,0.19025368540088786,0.0461260789370499,0.1426250009750796,198,34,18,146,52,3,918.5,459.5,459.5,0.023828649530256207,exact_two_sided_sign_permutation_dynamic_programming,true,,,0.21057557775609737,0.16680054671179345,0.19312472633026811,0.13671875,105 tests within analysis version (3 effects x 7 language levels x 5 foundations),35 tests within analysis version and effect type (7 language levels x 5 foundations),false,false,false,false,false,false,false,false,false
v3_human_scenario_majority,language,hi,pooled_primary_models,Loyalty/Betrayal,0.18181818181818182,0,0.6351449369310057,0.11056454181307901,1.6444529035860755,-0.04339442000524432,0.40703078364160794,0.10987276418588476,0.28626250678580517,33,5,1,27,6,1,18,3,3,0.1875,exact_two_sided_sign_permutation_enumerated_by_dynamic_programming,true,,,0.3041755615305701,0.5048076923076923,0.34957739402574917,0.532483552631579,105 tests within analysis version (3 effects x 7 language levels x 5 foundations),35 tests within analysis version and effect type (7 language levels x 5 foundations),false,false,false,false,false,false,false,false,false
v3_human_scenario_majority,language,bn,pooled_primary_models,Loyalty/Betrayal,-0.06060606060606061,0,0.555618683282088,0.09672079799093715,-0.6266083599903659,-0.25761987903984906,0.13640775782772788,0.5353609866419977,-0.10907851450936698,33,3,4,26,7,1,10.5,17.5,10.5,0.765625,exact_two_sided_sign_permutation_enumerated_by_dynamic_programming,true,,,0.7298209267999222,0.9650735294117647,0.7603940928180497,0.95703125,105 tests within analysis version (3 effects x 7 language levels x 5 foundations),35 tests within analysis version and effect type (7 language levels x 5 foundations),false,false,false,false,false,false,false,false,false
v3_human_scenario_majority,language,ta,pooled_primary_models,Loyalty/Betrayal,-0.21212121212121213,0,0.6963106238227913,0.1212121212121212,-1.7500000000000002,-0.45902222344968396,0.03477979920725971,0.08970311513619444,-0.30463589792247125,33,3,8,22,11,2,15,51,15,0.12890625,exact_two_sided_sign_permutation_enumerated_by_dynamic_programming,true,,,0.294338346540638,0.41015625,0.34884544775186727,0.5013020833333334,105 tests within analysis version (3 effects x 7 language levels x 5 foundations),35 tests within analysis version and effect type (7 language levels x 5 foundations),false,false,false,false,false,false,false,false,false
v3_human_scenario_majority,language,es,pooled_primary_models,Loyalty/Betrayal,-0.12121212121212122,0,0.4846116845975599,0.08436006610348518,-1.4368424162141993,-0.29304795271479084,0.05062371029054841,0.16046888309243634,-0.25012215979228897,33,2,6,25,8,1,9,27,9,0.2890625,exact_two_sided_sign_permutation_enumerated_by_dynamic_programming,true,,,0.3594454029022512,0.5951286764705882,0.34957739402574917,0.532483552631579,105 tests within analysis version (3 effects x 7 language levels x 5 foundations),35 tests within analysis version and effect type (7 language levels x 5 foundations),false,false,false,false,false,false,false,false,false
v3_human_scenario_majority,language,ja,pooled_primary_models,Loyalty/Betrayal,0.030303030303030304,0,0.7282190812544189,0.1267666706869811,0.2390457218668788,-0.2279122280586813,0.28851828866474194,0.812594533905306,0.04161251892882396,33,4,5,24,9,1,22.5,22.5,22.5,1,exact_two_sided_sign_permutation_enumerated_by_dynamic_programming,true,,,0.8471783708630034,1,0.8229732745526319,1,105 tests within analysis version (3 effects x 7 language levels x 5 foundations),35 tests within analysis version and effect type (7 language levels x 5 foundations),false,false,false,false,false,false,false,false,false
v3_human_scenario_majority,language,ar,pooled_primary_models,Loyalty/Betrayal,0.06060606060606061,0,0.6092717958449424,0.10606060606060605,0.5714285714285715,-0.15543232430635226,0.27664444551847345,0.5717012551256486,0.09947294626039878,33,5,4,24,9,1,27,18,18,0.78125,exact_two_sided_sign_permutation_enumerated_by_dynamic_programming,true,,,0.7343750995574763,0.9650735294117647,0.7603940928180497,0.95703125,105 tests within analysis version (3 effects x 7 language levels x 5 foundations),35 tests within analysis version and effect type (7 language levels x 5 foundations),false,false,false,false,false,false,false,false,false
v3_human_scenario_majority,language,all,pooled_primary_models,Loyalty/Betrayal,-0.020202020202020204,0,0.6289108784166644,0.044694749934089686,-0.4519998485686049,-0.10834359946697153,0.06793955906293112,0.651766365272614,-0.03212223050248467,198,22,28,148,50,3,573,702,573,0.5370142075430309,exact_two_sided_sign_permutation_dynamic_programming,true,,,0.7866145787772928,0.84375,0.7603940928180497,0.8669211647727273,105 tests within analysis version (3 effects x 7 language levels x 5 foundations),35 tests within analysis version and effect type (7 language levels x 5 foundations),false,false,false,false,false,false,false,false,false
v3_human_scenario_majority,framing,hi,pooled_primary_models,Loyalty/Betrayal,-0.30303030303030304,0,0.5294365215047319,0.09216306864088214,-3.287979746107145,-0.4907603305804987,-0.11530027548010738,0.0024562465053485916,-0.5723638070321424,33,0,9,24,9,1,0,45,0,0.00390625,exact_two_sided_sign_permutation_enumerated_by_dynamic_programming,true,,,0.032238235382700264,0.045572916666666664,0.01719372553744014,0.02734375,105 tests within analysis version (3 effects x 7 language levels x 5 foundations),35 tests within analysis version and effect type (7 language levels x 5 foundations),true,true,false,true,true,false,true,true,false
v3_human_scenario_majority,framing,bn,pooled_primary_models,Loyalty/Betrayal,0,0,0.6123724356957945,0.10660035817780521,0,-0.21713782399713888,0.21713782399713888,1,0,33,3,3,27,6,2,10.5,10.5,10.5,1,exact_two_sided_sign_permutation_enumerated_by_dynamic_programming,true,,,1,1,1,1,105 tests within analysis version (3 effects x 7 language levels x 5 foundations),35 tests within analysis version and effect type (7 language levels x 5 foundations),false,false,false,false,false,false,false,false,false
v3_human_scenario_majority,framing,ta,pooled_primary_models,Loyalty/Betrayal,0.30303030303030304,0,0.8833476270999033,0.15377108431957903,1.970658556328587,-0.010191145880230179,0.6162517519408363,0.05746562377659803,0.34304762217471996,33,7,2,24,9,2,38,7,7,0.08984375,exact_two_sided_sign_permutation_enumerated_by_dynamic_programming,true,,,0.23207271140549204,0.37734375,0.1676080693484109,0.24188701923076922,105 tests within analysis version (3 effects x 7 language levels x 5 foundations),35 tests within analysis version and effect type (7 language levels x 5 foundations),false,false,false,false,false,false,false,false,false
v3_human_scenario_majority,framing,es,pooled_primary_models,Loyalty/Betrayal,-0.09090909090909091,0,0.9139076937674139,0.15909090909090914,-0.5714285714285713,-0.41496666827771034,0.2331484864595285,0.5717012551256486,-0.09947294626039874,33,5,8,20,13,2,39.5,51.5,39.5,0.712646484375,exact_two_sided_sign_permutation_enumerated_by_dynamic_programming,true,,,0.7343750995574763,0.9471883653085443,0.7019634239098809,0.8600905845905172,105 tests within analysis version (3 effects x 7 language levels x 5 foundations),35 tests within analysis version and effect type (7 language levels x 5 foundations),false,false,false,false,false,false,false,false,false
v3_human_scenario_majority,framing,ja,pooled_primary_models,Loyalty/Betrayal,0.21212121212121213,0,1.0827504259285632,0.18848265613067772,1.125415019481397,-0.1718053948152505,0.5960478190576748,0.26878357412756326,0.1959096085686576,33,7,4,22,11,3,45,21,21,0.3447265625,exact_two_sided_sign_permutation_enumerated_by_dynamic_programming,true,,,0.5131322778798936,0.6620065789473685,0.4951276365507744,0.6512129934210527,105 tests within analysis version (3 effects x 7 language levels x 5 foundations),35 tests within analysis version and effect type (7 language levels x 5 foundations),false,false,false,false,false,false,false,false,false
v3_human_scenario_majority,framing,ar,pooled_primary_models,Loyalty/Betrayal,0.09090909090909091,0,0.6306562238868912,0.1097831571681018,0.8280786712108251,-0.1327118824769136,0.31453006429509545,0.4137594322653402,0.14414999403128945,33,8,5,20,13,1,56,35,35,0.5810546875,exact_two_sided_sign_permutation_enumerated_by_dynamic_programming,true,,,0.6185356293515758,0.8593062279929577,0.6020413459022005,0.76904296875,105 tests within analysis version (3 effects x 7 language levels x 5 foundations),35 tests within analysis version and effect type (7 language levels x 5 foundations),false,false,false,false,false,false,false,false,false
v3_human_scenario_majority,framing,all,pooled_primary_models,Loyalty/Betrayal,0.03535353535353535,0,0.814689144580363,0.057897436410557626,0.6106235015802637,-0.07882478510119753,0.14953185580826825,0.5421526884799421,0.04339512265349448,198,30,31,137,61,3,1015,876,876,0.5984378348904824,exact_two_sided_sign_permutation_dynamic_programming,true,,,0.7298209267999222,0.8727218425486202,0.7019634239098809,0.76904296875,105 tests within analysis version (3 effects x 7 language levels x 5 foundations),35 tests within analysis version and effect type (7 language levels x 5 foundations),false,false,false,false,false,false,false,false,false
v3_human_scenario_majority,reasoning,hi,pooled_primary_models,Loyalty/Betrayal,-0.030303030303030304,0,0.6366341416410449,0.11082377907824083,-0.2734343708098654,-0.25604368115573195,0.19543762054967131,0.7862764536887605,-0.04759881432830246,33,3,4,26,7,2,12.5,15.5,12.5,0.984375,exact_two_sided_sign_permutation_enumerated_by_dynamic_programming,true,,,0.8471783708630034,1,0.8033056304392683,1,105 tests within analysis version (3 effects x 7 language levels x 5 foundations),35 tests within analysis version and effect type (7 language levels x 5 foundations),false,false,false,false,false,false,false,false,false
v3_human_scenario_majority,reasoning,bn,pooled_primary_models,Loyalty/Betrayal,0.21212121212121213,0,0.5452966943311547,0.09492397034955807,2.2346432765093422,0.018767411822599056,0.4054750124198252,0.03255060955351441,0.38900146347190667,33,7,1,25,8,1,32,4,4,0.0625,exact_two_sided_sign_permutation_enumerated_by_dynamic_programming,true,,,0.15973087785858936,0.28532608695652173,0.16275304776757205,0.2734375,105 tests within analysis version (3 effects x 7 language levels x 5 foundations),35 tests within analysis version and effect type (7 language levels x 5 foundations),false,false,false,false,false,false,false,false,false
v3_human_scenario_majority,reasoning,ta,pooled_primary_models,Loyalty/Betrayal,-0.12121212121212122,0,0.739830037811716,0.1287878787878788,-0.9411764705882352,-0.3835444457486226,0.1411202033243802,0.35366565139217787,-0.16383779384065675,33,3,6,24,9,2,15,30,15,0.48046875,exact_two_sided_sign_permutation_enumerated_by_dynamic_programming,true,,,0.5802327093152918,0.8408203125,0.5381868608141838,0.8559782608695652,105 tests within analysis version (3 effects x 7 language levels x 5 foundations),35 tests within analysis version and effect type (7 language levels x 5 foundations),false,false,false,false,false,false,false,false,false
v3_human_scenario_majority,reasoning,es,pooled_primary_models,Loyalty/Betrayal,-0.06060606060606061,0,0.3481553119113957,0.060606060606060615,-0.9999999999999999,-0.18405656627029654,0.06284444505817534,0.32481271365109743,-0.17407765595569782,33,1,3,29,4,1,2.5,7.5,2.5,0.625,exact_two_sided_sign_permutation_enumerated_by_dynamic_programming,true,,,0.5426366466936586,0.8868243243243243,0.5179713445712196,0.8834134615384616,105 tests within analysis version (3 effects x 7 language levels x 5 foundations),35 tests within analysis version and effect type (7 language levels x 5 foundations),false,false,false,false,false,false,false,false,false
v3_human_scenario_majority,reasoning,ja,pooled_primary_models,Loyalty/Betrayal,0.15151515151515152,0,0.5075192189225524,0.08834775598250456,1.7149858514250882,-0.028443338465470258,0.3314736414957733,0.09601808710643378,0.29854071701326607,33,5,1,27,6,1,18,3,3,0.1875,exact_two_sided_sign_permutation_enumerated_by_dynamic_programming,true,,,0.29652644547575135,0.5048076923076923,0.28005275406043184,0.546875,105 tests within analysis version (3 effects x 7 language levels x 5 foundations),35 tests within analysis version and effect type (7 language levels x 5 foundations),false,false,false,false,false,false,false,false,false
v3_human_scenario_majority,reasoning,ar,pooled_primary_models,Loyalty/Betrayal,-0.09090909090909091,0,0.5222329678670934,0.09090909090909088,-1.0000000000000002,-0.27608484940544475,0.09426666758726293,0.32481271365109743,-0.17407765595569788,33,2,4,27,6,1,6,15,6,0.53125,exact_two_sided_sign_permutation_enumerated_by_dynamic_programming,true,,,0.5426366466936586,0.84375,0.5179713445712196,0.8559782608695652,105 tests within analysis version (3 effects x 7 language levels x 5 foundations),35 tests within analysis version and effect type (7 language levels x 5 foundations),false,false,false,false,false,false,false,false,false
v3_human_scenario_majority,reasoning,all,pooled_primary_models,Loyalty/Betrayal,0.010101010101010102,0,0.5698864344067168,0.04050006535228554,0.24940725436237032,-0.06976831964685509,0.08997033984887529,0.8033056304392683,0.0177246017647811,198,21,19,158,40,2,426.5,393.5,393.5,0.8588820994227717,exact_two_sided_sign_permutation_dynamic_programming,true,,,0.8471783708630034,1,0.8033056304392683,1,105 tests within analysis version (3 effects x 7 language levels x 5 foundations),35 tests within analysis version and effect type (7 language levels x 5 foundations),false,false,false,false,false,false,false,false,false
v3_human_scenario_majority,language,hi,pooled_primary_models,Authority/Subversion,0.8,1,1.6561573424216502,0.427617987059879,1.8708286933869707,-0.11714936616019844,1.7171493661601986,0.0824178778794209,0.48304589153964794,15,8,1,6,9,2,38,7,7,0.07421875,exact_two_sided_sign_permutation_enumerated_by_dynamic_programming,true,,,0.27915732830126433,0.32470703125,0.34884544775186727,0.5013020833333334,105 tests within analysis version (3 effects x 7 language levels x 5 foundations),35 tests within analysis version and effect type (7 language levels x 5 foundations),false,false,false,false,false,false,false,false,false
v3_human_scenario_majority,language,bn,pooled_primary_models,Authority/Subversion,0.5333333333333333,0,0.833809387832792,0.21528865819918697,2.477294149141329,0.07158508516804996,0.9950815814986167,0.026607580197571368,0.6396345988854294,15,7,1,7,8,2,32.5,3.5,3.5,0.0546875,exact_two_sided_sign_permutation_enumerated_by_dynamic_programming,true,,,0.15521088448583298,0.283203125,0.23281632672874947,0.5013020833333334,105 tests within analysis version (3 effects x 7 language levels x 5 foundations),35 tests within analysis version and effect type (7 language levels x 5 foundations),false,false,false,false,false,false,false,false,false
v3_human_scenario_majority,language,ta,pooled_primary_models,Authority/Subversion,-0.06666666666666667,0,0.7988086367179803,0.2062515031210259,-0.32322996757772704,-0.5090321449236621,0.3756988115903288,0.7512984958350035,-0.08345761876158002,15,4,5,6,9,1,20,25,20,1,exact_two_sided_sign_permutation_enumerated_by_dynamic_programming,true,,,0.8392164049220784,1,0.8217327298195352,1,105 tests within analysis version (3 effects x 7 language levels x 5 foundations),35 tests within analysis version and effect type (7 language levels x 5 foundations),false,false,false,false,false,false,false,false,false
v3_human_scenario_majority,language,es,pooled_primary_models,Authority/Subversion,0.4666666666666667,0,0.9154754164341269,0.23637473611411153,1.974266261862182,-0.040306720710942656,0.973640054044276,0.06841716354055727,0.5097533568780934,15,6,1,8,7,1,24.5,3.5,3.5,0.109375,exact_two_sided_sign_permutation_enumerated_by_dynamic_programming,true,,,0.24789383301817425,0.41015625,0.34884544775186727,0.5013020833333334,105 tests within analysis version (3 effects x 7 language levels x 5 foundations),35 tests within analysis version and effect type (7 language levels x 5 foundations),false,false,false,false,false,false,false,false,false
v3_human_scenario_majority,language,ja,pooled_primary_models,Authority/Subversion,0.26666666666666666,0,0.7037315505489968,0.18170270503179917,1.4675987714106857,-0.12304687624417548,0.6563802095775089,0.16431789846960054,0.3789323733725367,15,6,2,7,8,1,27,9,9,0.2890625,exact_two_sided_sign_permutation_enumerated_by_dynamic_programming,true,,,0.3594454029022512,0.5951286764705882,0.34957739402574917,0.532483552631579,105 tests within analysis version (3 effects x 7 language levels x 5 foundations),35 tests within analysis version and effect type (7 language levels x 5 foundations),false,false,false,false,false,false,false,false,false
v3_human_scenario_majority,language,ar,pooled_primary_models,Authority/Subversion,0.4666666666666667,0,0.915475416434127,0.23637473611411156,1.9742662618621818,-0.040306720710942656,0.973640054044276,0.06841716354055727,0.5097533568780933,15,5,1,9,6,2,19,2,2,0.125,exact_two_sided_sign_permutation_enumerated_by_dynamic_programming,true,,,0.24789383301817425,0.41015625,0.34884544775186727,0.5013020833333334,105 tests within analysis version (3 effects x 7 language levels x 5 foundations),35 tests within analysis version and effect type (7 language levels x 5 foundations),false,false,false,false,false,false,false,false,false
v3_human_scenario_majority,language,all,pooled_primary_models,Authority/Subversion,0.4111111111111111,0,1.0265513822135708,0.10820801676629821,3.799266666156598,0.19610408668071078,0.6261181355415114,0.0002650051189472258,0.4004778701136469,90,36,11,43,47,3,893.5,234.5,234.5,0.0001306197422081823,exact_two_sided_sign_permutation_dynamic_programming,true,,,0.009275179163152902,0.00457169097728638,0.009275179163152902,0.00457169097728638,105 tests within analysis version (3 effects x 7 language levels x 5 foundations),35 tests within analysis version and effect type (7 language levels x 5 foundations),true,true,false,true,true,false,true,true,false
v3_human_scenario_majority,framing,hi,pooled_primary_models,Authority/Subversion,-0.3333333333333333,0,1.5886502207249789,0.41018772318777197,-0.8126360553720011,-1.2130985015737434,0.5464318349070769,0.43002953278728606,-0.20982172726556322,15,5,7,3,12,3,30,48,30,0.52099609375,exact_two_sided_sign_permutation_enumerated_by_dynamic_programming,true,,,0.6185356293515758,0.84375,0.6020413459022005,0.7597859700520834,105 tests within analysis version (3 effects x 7 language levels x 5 foundations),35 tests within analysis version and effect type (7 language levels x 5 foundations),false,false,false,false,false,false,false,false,false
v3_human_scenario_majority,framing,bn,pooled_primary_models,Authority/Subversion,-0.13333333333333333,0,0.9154754164341269,0.23637473611411153,-0.5640760748177662,-0.6403067207109426,0.373640054044276,0.5816268369539013,-0.14564381625088382,15,3,6,6,9,1,18,27,18,0.78125,exact_two_sided_sign_permutation_enumerated_by_dynamic_programming,true,,,0.7357929865079473,0.9650735294117647,0.7019634239098809,0.9114583333333334,105 tests within analysis version (3 effects x 7 language levels x 5 foundations),35 tests within analysis version and effect type (7 language levels x 5 foundations),false,false,false,false,false,false,false,false,false
v3_human_scenario_majority,framing,ta,pooled_primary_models,Authority/Subversion,0.2,0,0.8618916073713346,0.22253945610567472,0.8987170342729172,-0.2772996629918999,0.6772996629918999,0.38400022136030443,0.23204774044612858,15,5,3,7,8,1,24,12,12,0.5625,exact_two_sided_sign_permutation_enumerated_by_dynamic_programming,true,,,0.6109094430732116,0.84375,0.6020413459022005,0.76904296875,105 tests within analysis version (3 effects x 7 language levels x 5 foundations),35 tests within analysis version and effect type (7 language levels x 5 foundations),false,false,false,false,false,false,false,false,false
v3_human_scenario_majority,framing,es,pooled_primary_models,Authority/Subversion,-0.6,-1,0.9856107606091623,0.2544836041121407,-2.357715743980127,-1.1458130463930414,-0.05418695360695858,0.03346742202751396,-0.6087595874350707,15,2,8,5,10,2,8,47,8,0.056640625,exact_two_sided_sign_permutation_enumerated_by_dynamic_programming,true,,,0.15973087785858936,0.283203125,0.10648725190572624,0.18022017045454544,105 tests within analysis version (3 effects x 7 language levels x 5 foundations),35 tests within analysis version and effect type (7 language levels x 5 foundations),false,false,false,false,false,false,false,false,false
v3_human_scenario_majority,framing,ja,pooled_primary_models,Authority/Subversion,-0.06666666666666667,0,1.0327955589886446,0.26666666666666666,-0.25,-0.6386097834447241,0.5052764501113908,0.8062184979868987,-0.06454972243679027,15,3,3,9,6,2,9,12,9,0.90625,exact_two_sided_sign_permutation_enumerated_by_dynamic_programming,true,,,0.8471783708630034,1,0.8814694262534218,0.9912109375,105 tests within analysis version (3 effects x 7 language levels x 5 foundations),35 tests within analysis version and effect type (7 language levels x 5 foundations),false,false,false,false,false,false,false,false,false
v3_human_scenario_majority,framing,ar,pooled_primary_models,Authority/Subversion,0.4,0,1.804755622554715,0.465985898008574,0.8583950752789522,-0.5994403508061718,1.399440350806172,0.40513150474697324,0.22163665540145625,15,6,5,4,11,3,42.5,23.5,23.5,0.3974609375,exact_two_sided_sign_permutation_enumerated_by_dynamic_programming,true,,,0.6185356293515758,0.7195413523706896,0.6020413459022005,0.695556640625,105 tests within analysis version (3 effects x 7 language levels x 5 foundations),35 tests within analysis version and effect type (7 language levels x 5 foundations),false,false,false,false,false,false,false,false,false
v3_human_scenario_majority,framing,all,pooled_primary_models,Authority/Subversion,-0.08888888888888889,0,1.259966509671242,0.1328121315364565,-0.6692829025523861,-0.3527837652877896,0.17500598751001178,0.5050475569439108,-0.07054861236913536,90,24,32,34,56,3,717,879,717,0.49830834517792455,exact_two_sided_sign_permutation_dynamic_programming,true,,,0.6977630720935609,0.84375,0.6798717112706492,0.7597859700520834,105 tests within analysis version (3 effects x 7 language levels x 5 foundations),35 tests within analysis version and effect type (7 language levels x 5 foundations),false,false,false,false,false,false,false,false,false
v3_human_scenario_majority,reasoning,hi,pooled_primary_models,Authority/Subversion,-0.4,0,1.0555973258234952,0.27255405754769874,-1.4675987714106857,-0.9845703143662632,0.18457031436626314,0.16431789846960054,-0.37893237337253677,15,2,7,6,9,2,11.5,33.5,11.5,0.24609375,exact_two_sided_sign_permutation_enumerated_by_dynamic_programming,true,,,0.3594454029022512,0.5951286764705882,0.38340842976240125,0.6625600961538461,105 tests within analysis version (3 effects x 7 language levels x 5 foundations),35 tests within analysis version and effect type (7 language levels x 5 foundations),false,false,false,false,false,false,false,false,false
v3_human_scenario_majority,reasoning,bn,pooled_primary_models,Authority/Subversion,-0.3333333333333333,0,0.6172133998483676,0.15936381457791915,-2.091650066335189,-0.6751347213758414,0.008468054709174833,0.05517849323721946,-0.5400617248673216,15,1,6,8,7,1,4,24,4,0.125,exact_two_sided_sign_permutation_enumerated_by_dynamic_programming,true,,,0.23174967159632176,0.41015625,0.19312472633026811,0.4375,105 tests within analysis version (3 effects x 7 language levels x 5 foundations),35 tests within analysis version and effect type (7 language levels x 5 foundations),false,false,false,false,false,false,false,false,false
v3_human_scenario_majority,reasoning,ta,pooled_primary_models,Authority/Subversion,0.06666666666666667,0,0.8837151016885368,0.2281742581087798,0.29217435489538873,-0.42271844465054514,0.5560517779838785,0.7744383692935768,0.0754390940465824,15,4,4,7,8,1,20,16,16,1,exact_two_sided_sign_permutation_enumerated_by_dynamic_programming,true,,,0.8471783708630034,1,0.8033056304392683,1,105 tests within analysis version (3 effects x 7 language levels x 5 foundations),35 tests within analysis version and effect type (7 language levels x 5 foundations),false,false,false,false,false,false,false,false,false
v3_human_scenario_majority,reasoning,es,pooled_primary_models,Authority/Subversion,-0.6,0,0.828078671210825,0.21380899352993948,-2.806243040080456,-1.0585746830800993,-0.1414253169199008,0.014007122329595001,-0.724568837309472,15,0,7,8,7,1,0,28,0,0.015625,exact_two_sided_sign_permutation_enumerated_by_dynamic_programming,true,,,0.10391184860882574,0.12620192307692307,0.09301006227056578,0.109375,105 tests within analysis version (3 effects x 7 language levels x 5 foundations),35 tests within analysis version and effect type (7 language levels x 5 foundations),false,false,false,false,false,false,false,false,false
v3_human_scenario_majority,reasoning,ja,pooled_primary_models,Authority/Subversion,0.2,0,1.0823255385643318,0.2794552524023087,0.7156780854205471,-0.3993719052211568,0.7993719052211568,0.48595615784113777,0.18478728707195918,15,3,3,9,6,1,13.5,7.5,7.5,0.65625,exact_two_sided_sign_permutation_enumerated_by_dynamic_programming,true,,,0.6803386209775929,0.9066611842105263,0.6299431675718452,0.8834134615384616,105 tests within analysis version (3 effects x 7 language levels x 5 foundations),35 tests within analysis version and effect type (7 language levels x 5 foundations),false,false,false,false,false,false,false,false,false
v3_human_scenario_majority,reasoning,ar,pooled_primary_models,Authority/Subversion,-0.4,0,0.7367883976130074,0.19023794624226842,-2.102629932151387,-0.8080198146372233,0.008019814637223288,0.05406938182147991,-0.5428967140306368,15,0,4,11,4,2,0,10,0,0.125,exact_two_sided_sign_permutation_enumerated_by_dynamic_programming,true,,,0.23174967159632176,0.41015625,0.19312472633026811,0.4375,105 tests within analysis version (3 effects x 7 language levels x 5 foundations),35 tests within analysis version and effect type (7 language levels x 5 foundations),false,false,false,false,false,false,false,false,false
v3_human_scenario_majority,reasoning,all,pooled_primary_models,Authority/Subversion,-0.24444444444444444,0,0.9033161268176211,0.09521788026350632,-2.5672115758927627,-0.43364034434012455,-0.055248544548764295,0.011921112348940222,-0.27060786051237806,90,10,31,49,41,3,247.5,613.5,247.5,0.010184879107328015,exact_two_sided_sign_permutation_dynamic_programming,true,,,0.10391184860882574,0.08911769218912013,0.09301006227056578,0.08911769218912013,105 tests within analysis version (3 effects x 7 language levels x 5 foundations),35 tests within analysis version and effect type (7 language levels x 5 foundations),false,false,false,false,true,true,false,true,true
v3_human_scenario_majority,language,hi,pooled_primary_models,Fairness/Cheating,-0.03333333333333333,0,0.8087168778415269,0.1476508255429847,-0.22575785276343882,-0.3353131784191473,0.26864651175248067,0.8229732745526319,-0.04121755616415515,30,5,5,20,10,2,25,30,25,0.875,exact_two_sided_sign_permutation_enumerated_by_dynamic_programming,true,,,0.8471783708630034,1,0.8229732745526319,1,105 tests within analysis version (3 effects x 7 language levels x 5 foundations),35 tests within analysis version and effect type (7 language levels x 5 foundations),false,false,false,false,false,false,false,false,false
v3_human_scenario_majority,language,bn,pooled_primary_models,Fairness/Cheating,0.1,0,0.7588557629520363,0.1385474730872078,0.7217742609932385,-0.18336139880048144,0.3833613988004815,0.4762130837116394,0.13177734805753927,30,5,4,21,9,1,27,18,18,0.78125,exact_two_sided_sign_permutation_enumerated_by_dynamic_programming,true,,,0.675707753915164,0.9650735294117647,0.7246720839090165,0.95703125,105 tests within analysis version (3 effects x 7 language levels x 5 foundations),35 tests within analysis version and effect type (7 language levels x 5 foundations),false,false,false,false,false,false,false,false,false
v3_human_scenario_majority,language,ta,pooled_primary_models,Fairness/Cheating,-0.06666666666666667,0,0.7396799556440673,0.13504646568022546,-0.49365724849494164,-0.34286770134106315,0.20953436800772984,0.6252664336285367,-0.09012907022553758,30,4,6,20,10,2,23,32,23,0.79296875,exact_two_sided_sign_permutation_enumerated_by_dynamic_programming,true,,,0.781583042035671,0.9681595203488372,0.7603940928180497,0.95703125,105 tests within analysis version (3 effects x 7 language levels x 5 foundations),35 tests within analysis version and effect type (7 language levels x 5 foundations),false,false,false,false,false,false,false,false,false
v3_human_scenario_majority,language,es,pooled_primary_models,Fairness/Cheating,0.06666666666666667,0,0.7849152527649013,0.14330526322306855,0.46520738434354314,-0.22642550555072172,0.359758838884055,0.6452574929886965,0.08493485944097807,30,5,4,21,9,2,26.5,18.5,18.5,0.75,exact_two_sided_sign_permutation_enumerated_by_dynamic_programming,true,,,0.7866145787772928,0.9650735294117647,0.7603940928180497,0.95703125,105 tests within analysis version (3 effects x 7 language levels x 5 foundations),35 tests within analysis version and effect type (7 language levels x 5 foundations),false,false,false,false,false,false,false,false,false
v3_human_scenario_majority,language,ja,pooled_primary_models,Fairness/Cheating,-0.3333333333333333,0,0.7580980435789034,0.13840913308956662,-2.408318915758459,-0.6164117950699465,-0.05025487159672015,0.02260837939678395,-0.43969686527576396,30,2,12,16,14,2,20,85,20,0.0396728515625,exact_two_sided_sign_permutation_enumerated_by_dynamic_programming,true,,,0.1396399903919009,0.24503820082720587,0.23281632672874947,0.5013020833333334,105 tests within analysis version (3 effects x 7 language levels x 5 foundations),35 tests within analysis version and effect type (7 language levels x 5 foundations),false,false,false,false,false,false,false,false,false
v3_human_scenario_majority,language,ar,pooled_primary_models,Fairness/Cheating,-0.26666666666666666,0,1.0806553992619585,0.1972997796885088,-1.3515811679449026,-0.6701900244717728,0.13685669113843946,0.18695870711953755,-0.24676383132753382,30,5,10,15,15,2,39.5,80.5,39.5,0.270751953125,exact_two_sided_sign_permutation_enumerated_by_dynamic_programming,true,,,0.3926132849510289,0.5951286764705882,0.36353081939910076,0.532483552631579,105 tests within analysis version (3 effects x 7 language levels x 5 foundations),35 tests within analysis version and effect type (7 language levels x 5 foundations),false,false,false,false,false,false,false,false,false
v3_human_scenario_majority,language,all,pooled_primary_models,Fairness/Cheating,-0.08888888888888889,0,0.8342453110338693,0.06218097417940624,-1.4295190781737233,-0.21159094311862403,0.03381316534084626,0.1545980520555894,-0.10655006113097604,180,26,41,113,67,2,936,1342,936,0.17754023505935157,exact_two_sided_sign_permutation_dynamic_programming,true,,,0.3594454029022512,0.5048076923076923,0.34957739402574917,0.532483552631579,105 tests within analysis version (3 effects x 7 language levels x 5 foundations),35 tests within analysis version and effect type (7 language levels x 5 foundations),false,false,false,false,false,false,false,false,false
v3_human_scenario_majority,framing,hi,pooled_primary_models,Fairness/Cheating,-0.2,0,0.6643638388299196,0.12129568697262451,-1.6488632447841154,-0.4480775344592096,0.04807753445920962,0.10996852212798869,-0.3010398644698075,30,3,8,19,11,1,16.5,49.5,16.5,0.1826171875,exact_two_sided_sign_permutation_enumerated_by_dynamic_programming,true,,,0.3041755615305701,0.5048076923076923,0.25685936307025925,0.39947509765625,105 tests within analysis version (3 effects x 7 language levels x 5 foundations),35 tests within analysis version and effect type (7 language levels x 5 foundations),false,false,false,false,false,false,false,false,false
v3_human_scenario_majority,framing,bn,pooled_primary_models,Fairness/Cheating,-0.26666666666666666,0,0.6396838299494921,0.11678975444487853,-2.2833053116189728,-0.5055285343546823,-0.027804798978651124,0.029924999215556358,-0.4168726082816913,30,2,9,19,11,1,11,55,11,0.0556640625,exact_two_sided_sign_permutation_enumerated_by_dynamic_programming,true,,,0.15973087785858936,0.283203125,0.10648725190572624,0.18022017045454544,105 tests within analysis version (3 effects x 7 language levels x 5 foundations),35 tests within analysis version and effect type (7 language levels x 5 foundations),false,false,false,false,false,false,false,false,false
v3_human_scenario_majority,framing,ta,pooled_primary_models,Fairness/Cheating,-0.36666666666666664,0,1.0661996103898195,0.19466052580457452,-1.8836210636499267,-0.7647921441952377,0.031458810861904385,0.06967934205775772,-0.34390058211764635,30,3,8,19,11,1,13.5,52.5,13.5,0.1015625,exact_two_sided_sign_permutation_enumerated_by_dynamic_programming,true,,,0.24789383301817425,0.41015625,0.18759822861704,0.25390625,105 tests within analysis version (3 effects x 7 language levels x 5 foundations),35 tests within analysis version and effect type (7 language levels x 5 foundations),false,false,false,false,false,false,false,false,false
v3_human_scenario_majority,framing,es,pooled_primary_models,Fairness/Cheating,-0.4666666666666667,0,0.7302967433402215,0.13333333333333333,-3.5,-0.7393639522843037,-0.1939693810490296,0.0015244463146542042,-0.6390096504226938,30,0,11,19,11,1,0,66,0,0.0009765625,exact_two_sided_sign_permutation_enumerated_by_dynamic_programming,true,,,0.032238235382700264,0.025634765625,0.01617151413662893,0.011393229166666666,105 tests within analysis version (3 effects x 7 language levels x 5 foundations),35 tests within analysis version and effect type (7 language levels x 5 foundations),true,true,false,true,true,false,true,true,false
v3_human_scenario_majority,framing,ja,pooled_primary_models,Fairness/Cheating,0.13333333333333333,0,0.7302967433402214,0.13333333333333333,1,-0.13936395228430373,0.40603061895097037,0.3255819880161952,0.18257418583505539,30,6,4,20,10,2,37,18,18,0.353515625,exact_two_sided_sign_permutation_enumerated_by_dynamic_programming,true,,,0.5426366466936586,0.6620065789473685,0.5697684790283416,0.6512129934210527,105 tests within analysis version (3 effects x 7 language levels x 5 foundations),35 tests within analysis version and effect type (7 language levels x 5 foundations),false,false,false,false,false,false,false,false,false
v3_human_scenario_majority,framing,ar,pooled_primary_models,Fairness/Cheating,-0.3333333333333333,0,1.2410599844719319,0.22658551623742942,-1.4711149188549517,-0.7967527476199685,0.13008608095330193,0.15202876766498363,-0.26858760857974634,30,5,13,12,18,2,44,127,44,0.06201934814453125,exact_two_sided_sign_permutation_enumerated_by_dynamic_programming,true,,,0.3594454029022512,0.28532608695652173,0.31300040401614276,0.18088976542154947,105 tests within analysis version (3 effects x 7 language levels x 5 foundations),35 tests within analysis version and effect type (7 language levels x 5 foundations),false,false,false,false,false,false,false,false,false
v3_human_scenario_majority,framing,all,pooled_primary_models,Fairness/Cheating,-0.25,0,0.8835871530207081,0.06585869793999373,-3.796005809707689,-0.37995932651066777,-0.12004067348933223,0.0002011171502662723,-0.28293756778301743,180,19,53,108,72,4,661.5,1966.5,661.5,0.00006115738571736856,exact_two_sided_sign_permutation_dynamic_programming,true,,,0.009275179163152902,0.0032107627501618496,0.0035195501296597653,0.0010702542500539499,105 tests within analysis version (3 effects x 7 language levels x 5 foundations),35 tests within analysis version and effect type (7 language levels x 5 foundations),true,true,false,true,true,false,true,true,false
v3_human_scenario_majority,reasoning,hi,pooled_primary_models,Fairness/Cheating,0.03333333333333333,0,0.5560534167675356,0.10152099984713354,0.3283392931858965,-0.17430042485293065,0.2409670915195973,0.7450142227061853,0.059946279131072595,30,3,3,24,6,1,12,9,9,1,exact_two_sided_sign_permutation_enumerated_by_dynamic_programming,true,,,0.8392164049220784,1,0.8033056304392683,1,105 tests within analysis version (3 effects x 7 language levels x 5 foundations),35 tests within analysis version and effect type (7 language levels x 5 foundations),false,false,false,false,false,false,false,false,false
v3_human_scenario_majority,reasoning,bn,pooled_primary_models,Fairness/Cheating,0.03333333333333333,0,0.49013251785356104,0.08948554539839965,0.3724996387397496,-0.1496851566578473,0.21635182332451394,0.712229437660953,0.06800881826676204,30,4,3,23,7,1,16,12,12,1,exact_two_sided_sign_permutation_enumerated_by_dynamic_programming,true,,,0.8392164049220784,1,0.8033056304392683,1,105 tests within analysis version (3 effects x 7 language levels x 5 foundations),35 tests within analysis version and effect type (7 language levels x 5 foundations),false,false,false,false,false,false,false,false,false
v3_human_scenario_majority,reasoning,ta,pooled_primary_models,Fairness/Cheating,0.1,0,0.547722557505166,0.09999999999999998,1.0000000000000002,-0.10452296421322774,0.3045229642132278,0.3255819880161952,0.18257418583505544,30,4,2,24,6,1,15,6,6,0.53125,exact_two_sided_sign_permutation_enumerated_by_dynamic_programming,true,,,0.5426366466936586,0.84375,0.5179713445712196,0.8559782608695652,105 tests within analysis version (3 effects x 7 language levels x 5 foundations),35 tests within analysis version and effect type (7 language levels x 5 foundations),false,false,false,false,false,false,false,false,false
v3_human_scenario_majority,reasoning,es,pooled_primary_models,Fairness/Cheating,-0.13333333333333333,0,0.571346463723366,0.10431311544403153,-1.2782029638916537,-0.3466776091026329,0.08001094243596626,0.2113141538653327,-0.23336686546447333,30,3,7,20,10,1,16.5,38.5,16.5,0.34375,exact_two_sided_sign_permutation_enumerated_by_dynamic_programming,true,,,0.419861982899149,0.6620065789473685,0.43632715869911565,0.6987847222222222,105 tests within analysis version (3 effects x 7 language levels x 5 foundations),35 tests within analysis version and effect type (7 language levels x 5 foundations),false,false,false,false,false,false,false,false,false
v3_human_scenario_majority,reasoning,ja,pooled_primary_models,Fairness/Cheating,0.3333333333333333,0,0.5466722735905339,0.09980824526939037,3.339737437860371,0.1292025515791674,0.5374641150874993,0.002316228855839375,0.6097498436202111,30,9,0,21,9,1,45,0,0,0.00390625,exact_two_sided_sign_permutation_enumerated_by_dynamic_programming,true,,,0.032238235382700264,0.045572916666666664,0.033792792750928134,0.045572916666666664,105 tests within analysis version (3 effects x 7 language levels x 5 foundations),35 tests within analysis version and effect type (7 language levels x 5 foundations),true,true,false,true,true,false,true,true,false
v3_human_scenario_majority,reasoning,ar,pooled_primary_models,Fairness/Cheating,0.43333333333333335,0,0.6789105539243626,0.12395154163756696,3.495989865139359,0.17982396618818813,0.6868427004784785,0.0015405967648947083,0.6382775033154234,30,12,1,17,13,2,85,6,6,0.0029296875,exact_two_sided_sign_permutation_enumerated_by_dynamic_programming,true,,,0.032238235382700264,0.0439453125,0.033792792750928134,0.045572916666666664,105 tests within analysis version (3 effects x 7 language levels x 5 foundations),35 tests within analysis version and effect type (7 language levels x 5 foundations),true,true,false,true,true,false,true,true,false
v3_human_scenario_majority,reasoning,all,pooled_primary_models,Fairness/Cheating,0.13333333333333333,0,0.592315784718604,0.04414861195923099,3.02010249963147,0.04621463745765507,0.22045202920901158,0.002896525092936697,0.22510514960643335,180,35,16,129,51,2,950,376,376,0.0025786248712442728,exact_two_sided_sign_permutation_dynamic_programming,true,,,0.033792792750928134,0.0439453125,0.033792792750928134,0.045572916666666664,105 tests within analysis version (3 effects x 7 language levels x 5 foundations),35 tests within analysis version and effect type (7 language levels x 5 foundations),true,true,false,true,true,false,true,true,false
v3_human_scenario_majority,language,hi,pooled_primary_models,Sanctity/Degradation,0.14814814814814814,0,0.4560451819471489,0.08776593618660608,1.6879914302191077,-0.03225731739345822,0.3285536136897545,0.10337436804392897,0.32485410220892774,27,5,1,21,6,1,17.5,3.5,3.5,0.21875,exact_two_sided_sign_permutation_enumerated_by_dynamic_programming,true,,,0.3041755615305701,0.57421875,0.34957739402574917,0.532483552631579,105 tests within analysis version (3 effects x 7 language levels x 5 foundations),35 tests within analysis version and effect type (7 language levels x 5 foundations),false,false,false,false,false,false,false,false,false
v3_human_scenario_majority,language,bn,pooled_primary_models,Sanctity/Degradation,0.14814814814814814,0,0.6015175490568515,0.11576210629008571,1.279763757726617,-0.08980426921040952,0.3861005655067058,0.21193033422528473,0.24629065000752978,27,7,3,17,10,1,38.5,16.5,16.5,0.34375,exact_two_sided_sign_permutation_enumerated_by_dynamic_programming,true,,,0.419861982899149,0.6620065789473685,0.39039798409920873,0.6015625,105 tests within analysis version (3 effects x 7 language levels x 5 foundations),35 tests within analysis version and effect type (7 language levels x 5 foundations),false,false,false,false,false,false,false,false,false
v3_human_scenario_majority,language,ta,pooled_primary_models,Sanctity/Degradation,-0.14814814814814814,0,0.5337605126836238,0.10272225856022761,-1.4422205101855956,-0.35929677462256415,0.0630004783262679,0.16117896000788834,-0.27755546659548436,27,2,6,19,8,1,9,27,9,0.2890625,exact_two_sided_sign_permutation_enumerated_by_dynamic_programming,true,,,0.3594454029022512,0.5951286764705882,0.34957739402574917,0.532483552631579,105 tests within analysis version (3 effects x 7 language levels x 5 foundations),35 tests within analysis version and effect type (7 language levels x 5 foundations),false,false,false,false,false,false,false,false,false
v3_human_scenario_majority,language,es,pooled_primary_models,Sanctity/Degradation,-0.07407407407407407,0,0.6751595780557778,0.12993452137881914,-0.570087712549569,-0.34115830786418744,0.1930101597160393,0.5735119825115529,-0.10971343143406388,27,3,6,18,9,1,18,27,18,0.78125,exact_two_sided_sign_permutation_enumerated_by_dynamic_programming,true,,,0.7343750995574763,0.9650735294117647,0.7603940928180497,0.95703125,105 tests within analysis version (3 effects x 7 language levels x 5 foundations),35 tests within analysis version and effect type (7 language levels x 5 foundations),false,false,false,false,false,false,false,false,false
v3_human_scenario_majority,language,ja,pooled_primary_models,Sanctity/Degradation,0.037037037037037035,0,0.5871365639519862,0.11299448441625039,0.32777738867854445,-0.19522645208482062,0.26930052615889466,0.7457048469582328,0.06308078786261008,27,5,4,18,9,1,25,20,20,1,exact_two_sided_sign_permutation_enumerated_by_dynamic_programming,true,,,0.8392164049220784,1,0.8217327298195352,1,105 tests within analysis version (3 effects x 7 language levels x 5 foundations),35 tests within analysis version and effect type (7 language levels x 5 foundations),false,false,false,false,false,false,false,false,false
v3_human_scenario_majority,language,ar,pooled_primary_models,Sanctity/Degradation,0.18518518518518517,0,0.6814598039411163,0.13114700041577101,1.4120428572372885,-0.08439133495911993,0.4547617053294903,0.16979473424107816,0.27174777457774557,27,7,3,17,10,1,40,15,15,0.2734375,exact_two_sided_sign_permutation_enumerated_by_dynamic_programming,true,,,0.3638458590880247,0.5951286764705882,0.34957739402574917,0.532483552631579,105 tests within analysis version (3 effects x 7 language levels x 5 foundations),35 tests within analysis version and effect type (7 language levels x 5 foundations),false,false,false,false,false,false,false,false,false
v3_human_scenario_majority,language,all,pooled_primary_models,Sanctity/Degradation,0.04938271604938271,0,0.5981593831494417,0.04699583956170362,1.0507891019702973,-0.043425048195690805,0.14219048029445625,0.2949301222729308,0.08255778884445776,162,29,23,110,52,2,791.5,586.5,586.5,0.28549929574167976,exact_two_sided_sign_permutation_dynamic_programming,true,,,0.5426366466936586,0.5951286764705882,0.5161277139776289,0.532483552631579,105 tests within analysis version (3 effects x 7 language levels x 5 foundations),35 tests within analysis version and effect type (7 language levels x 5 foundations),false,false,false,false,false,false,false,false,false
v3_human_scenario_majority,framing,hi,pooled_primary_models,Sanctity/Degradation,0,0,0.6201736729460423,0.11935247900657214,0,-0.24533253417299514,0.24533253417299514,1,0,27,3,4,20,7,1,14,14,14,1,exact_two_sided_sign_permutation_enumerated_by_dynamic_programming,true,,,1,1,1,1,105 tests within analysis version (3 effects x 7 language levels x 5 foundations),35 tests within analysis version and effect type (7 language levels x 5 foundations),false,false,false,false,false,false,false,false,false
v3_human_scenario_majority,framing,bn,pooled_primary_models,Sanctity/Degradation,-0.2222222222222222,0,0.6979824404521129,0.13432678329488643,-1.654340383737022,-0.49833487968304113,0.05389043523859671,0.11008258417296823,-0.31837795529394614,27,4,10,13,14,1,30,75,30,0.1795654296875,exact_two_sided_sign_permutation_enumerated_by_dynamic_programming,true,,,0.3041755615305701,0.5048076923076923,0.25685936307025925,0.39947509765625,105 tests within analysis version (3 effects x 7 language levels x 5 foundations),35 tests within analysis version and effect type (7 language levels x 5 foundations),false,false,false,false,false,false,false,false,false
v3_human_scenario_majority,framing,ta,pooled_primary_models,Sanctity/Degradation,-0.18518518518518517,0,0.622466374565235,0.11979370963890962,-1.5458673560021057,-0.4314246819121809,0.06105431154181057,0.13422300794048958,-0.29750231137309024,27,3,8,16,11,1,18,48,18,0.2265625,exact_two_sided_sign_permutation_enumerated_by_dynamic_programming,true,,,0.3594454029022512,0.5802210365853658,0.29361282986982096,0.4664522058823529,105 tests within analysis version (3 effects x 7 language levels x 5 foundations),35 tests within analysis version and effect type (7 language levels x 5 foundations),false,false,false,false,false,false,false,false,false
v3_human_scenario_majority,framing,es,pooled_primary_models,Sanctity/Degradation,-0.48148148148148145,0,0.8024179982245188,0.1544254157591755,-3.117890142075743,-0.7989074696491067,-0.16405549331385622,0.004412390207288341,-0.6000382376103702,27,2,12,13,14,2,12,93,12,0.0081787109375,exact_two_sided_sign_permutation_enumerated_by_dynamic_programming,true,,,0.046330097176527585,0.08587646484375,0.025738942875848658,0.047709147135416664,105 tests within analysis version (3 effects x 7 language levels x 5 foundations),35 tests within analysis version and effect type (7 language levels x 5 foundations),true,true,false,false,true,true,true,true,false
v3_human_scenario_majority,framing,ja,pooled_primary_models,Sanctity/Degradation,-0.1111111111111111,0,0.5063696835418333,0.09745089103411436,-1.1401754250991378,-0.31142428645369613,0.08920206423147395,0.26460799967640236,-0.21942686286812776,27,2,5,20,7,1,8,20,8,0.453125,exact_two_sided_sign_permutation_enumerated_by_dynamic_programming,true,,,0.5131322778798936,0.8064088983050848,0.4951276365507744,0.7552083333333334,105 tests within analysis version (3 effects x 7 language levels x 5 foundations),35 tests within analysis version and effect type (7 language levels x 5 foundations),false,false,false,false,false,false,false,false,false
v3_human_scenario_majority,framing,ar,pooled_primary_models,Sanctity/Degradation,-0.5925925925925926,0,0.8883545402449347,0.17096391098207975,-3.466185285470613,-0.9440139445617493,-0.24117124062343587,0.0018481730441861632,-0.6670676692091927,27,1,12,14,13,2,5,86,5,0.00244140625,exact_two_sided_sign_permutation_enumerated_by_dynamic_programming,true,,,0.032238235382700264,0.0439453125,0.01617151413662893,0.0213623046875,105 tests within analysis version (3 effects x 7 language levels x 5 foundations),35 tests within analysis version and effect type (7 language levels x 5 foundations),true,true,false,true,true,false,true,true,false
v3_human_scenario_majority,framing,all,pooled_primary_models,Sanctity/Degradation,-0.2654320987654321,0,0.7205347382502675,0.056610555499693134,-4.6887386357986,-0.37722708184473247,-0.15363711568613175,0.000005827273928726839,-0.36838209828717244,162,15,51,96,66,2,475,1736,475,0.000006474402630090231,exact_two_sided_sign_permutation_dynamic_programming,true,,,0.0006118637625163181,0.0006798122761594742,0.00020395458750543938,0.00022660409205315808,105 tests within analysis version (3 effects x 7 language levels x 5 foundations),35 tests within analysis version and effect type (7 language levels x 5 foundations),true,true,false,true,true,false,true,true,false
v3_human_scenario_majority,reasoning,hi,pooled_primary_models,Sanctity/Degradation,-0.037037037037037035,0,0.43690180920109617,0.08408179238389579,-0.440488195921603,-0.2098696365359793,0.13579556246190522,0.6632241874733458,-0.08477199283006336,27,2,3,22,5,1,6,9,6,1,exact_two_sided_sign_permutation_enumerated_by_dynamic_programming,true,,,0.7913470418716056,1,0.8004429848816241,1,105 tests within analysis version (3 effects x 7 language levels x 5 foundations),35 tests within analysis version and effect type (7 language levels x 5 foundations),false,false,false,false,false,false,false,false,false
v3_human_scenario_majority,reasoning,bn,pooled_primary_models,Sanctity/Degradation,0.07407407407407407,0,0.4744167209018091,0.09130154050690634,0.8113124232385857,-0.1135989302313018,0.26174707837944994,0.42455154281196217,0.15613714865122832,27,4,2,21,6,1,14,7,7,0.6875,exact_two_sided_sign_permutation_enumerated_by_dynamic_programming,true,,,0.6185356293515758,0.9254807692307693,0.5715116922468721,0.8912037037037037,105 tests within analysis version (3 effects x 7 language levels x 5 foundations),35 tests within analysis version and effect type (7 language levels x 5 foundations),false,false,false,false,false,false,false,false,false
v3_human_scenario_majority,reasoning,ta,pooled_primary_models,Sanctity/Degradation,0.14814814814814814,0,0.5337605126836238,0.10272225856022761,1.4422205101855956,-0.0630004783262679,0.35929677462256415,0.16117896000788834,0.27755546659548436,27,6,2,19,8,1,27,9,9,0.2890625,exact_two_sided_sign_permutation_enumerated_by_dynamic_programming,true,,,0.3594454029022512,0.5951286764705882,0.38340842976240125,0.6744791666666666,105 tests within analysis version (3 effects x 7 language levels x 5 foundations),35 tests within analysis version and effect type (7 language levels x 5 foundations),false,false,false,false,false,false,false,false,false
v3_human_scenario_majority,reasoning,es,pooled_primary_models,Sanctity/Degradation,-0.1111111111111111,0,0.6405126152203485,0.12326671027227314,-0.9013878188659973,-0.36448946288041034,0.14226724065818813,0.3756566276592168,-0.1734721666221777,27,3,5,19,8,1,12,24,12,0.5625,exact_two_sided_sign_permutation_enumerated_by_dynamic_programming,true,,,0.6068299369879656,0.84375,0.5478325820030245,0.8559782608695652,105 tests within analysis version (3 effects x 7 language levels x 5 foundations),35 tests within analysis version and effect type (7 language levels x 5 foundations),false,false,false,false,false,false,false,false,false
v3_human_scenario_majority,reasoning,ja,pooled_primary_models,Sanctity/Degradation,0.037037037037037035,0,0.3375797890278888,0.06496726068940956,0.5700877125495691,-0.09650507985801962,0.1705791539320937,0.5735119825115529,0.1097134314340639,27,2,1,24,3,1,4,2,2,1,exact_two_sided_sign_permutation_enumerated_by_dynamic_programming,true,,,0.7343750995574763,1,0.716889978139441,1,105 tests within analysis version (3 effects x 7 language levels x 5 foundations),35 tests within analysis version and effect type (7 language levels x 5 foundations),false,false,false,false,false,false,false,false,false
v3_human_scenario_majority,reasoning,ar,pooled_primary_models,Sanctity/Degradation,0.14814814814814814,0,0.6015175490568513,0.11576210629008567,1.2797637577266174,-0.08980426921040943,0.3861005655067057,0.21193033422528473,0.24629065000752987,27,5,2,20,7,1,21,7,7,0.359375,exact_two_sided_sign_permutation_enumerated_by_dynamic_programming,true,,,0.419861982899149,0.6620065789473685,0.43632715869911565,0.6987847222222222,105 tests within analysis version (3 effects x 7 language levels x 5 foundations),35 tests within analysis version and effect type (7 language levels x 5 foundations),false,false,false,false,false,false,false,false,false
v3_human_scenario_majority,reasoning,all,pooled_primary_models,Sanctity/Degradation,0.043209876543209874,0,0.5149777228746186,0.04046047111162772,1.0679528773650888,-0.03669178920408103,0.12311154229050078,0.2871404512859286,0.08390630239694885,162,22,15,125,37,2,414.5,288.5,288.5,0.3494619276316371,exact_two_sided_sign_permutation_dynamic_programming,true,,,0.5383883461611161,0.6620065789473685,0.5179713445712196,0.6987847222222222,105 tests within analysis version (3 effects x 7 language levels x 5 foundations),35 tests within analysis version and effect type (7 language levels x 5 foundations),false,false,false,false,false,false,false,false,false
